ST_CODE,DIST_CODE,THSIL_CODE,BLOCK_CODE,V_CT_CODE,VILL_NAME,AREA,T_HH,T_P,T_M,T_F,SC_P,SC_M,SC_F,ST_P,ST_M,ST_F,EDU_FAC,P_SCH,RANG_P_SCH,M_SCH,RANG_M_SCH,S_SCH,S_S_SCH,COLLEGE,RANG_COLL,IND_SCH,TR_SCH,ADLT_LT_CT,OTH_SCH,MEDI_FAC,ALL_HOSP,RANG_ALL,AYU_HOSP,UN_HOSP,HOM_HOSP,ALL_DISP,AYU_DISP,UN_DISP,HOM_DISP,MCW_CNTR,RANG_MCW,M_HOME,CWC,H_CNTR,PH_CNTR,RANG_PHC,PHS_CNT,FWC_CNTR,TB_CLN,N_HOME,RMP,SMP,CHW,OTH_CNTR,DRNK_WAT_F,RANG_WAT_F,TAP,WELL,TANK,TUBEWELL,HANDPUMP,RIVER,CANAL,LAKE,SPRING,OTHER,SOU_SUMM,RANG_SS,SS_CODE,P_T_FAC,POST_OFF,RANG_PO,TELE_OFF,POST_TELE,PHONE,RANG_PHONE,COMM_FAC,BS_FAC,RANG_BS,RS_FAC,RANG_RS,NW_FAC,RANG_NW,BANK_FAC,COMM_BANK,RANG_COMM,COOP_BANK,RANG_COOP,CRSOC_FAC,AC_SOC,RANG_ACS,NAC_SOC,RANG_NAC,OTHER_SOC,RANG_OTH,RC_FAC,C_V_HALL,RANG_CV,SP_CL_FAC,RANG_SPCL,ST_AU_FAC,RANG_STAU,APP_PR,APP_MR,APP_FP,APP_NAVRIV,APP_NAVCAN,APP_NW,NEAR_TOWN,DIST_TOWN,POWER_SUPL,POWER_DOM,POWER_AGR,POWER_OTH,POWER_ALL,PAP_MAG,NEWS_PAP,MAGAZINE,A_INCEXP,TOT_INC,TOT_EXP,MAN_COMM1,MAN_COMM2,MAN_COMM3,LAND_FORES,CANAL_GOVT,CANAL_PVT,WELL_WO_EL,WELL_W_EL,TW_WO_EL,TW_W_EL,TANK_IRR,RIVER_IRR,LAKE_IRR,W_FALL,OTH_IRR,TOT_IRR,UN_IRR,CULT_WASTE,AREA_NA_CU
24,4,1,1,271700,Chelana,562.32,254,1146,571,575,69,39,30,0,0,0,1,1,0,0,0,0,0,0,3,0,0,0,0,1,0,3,0,0,0,0,0,0,0,0,3,0,0,0,0,3,0,0,0,0,1,0,0,0,1,0,2,1,2,1,1,1,2,2,2,2,,0,,1,1,0,0,0,10,0,1,1,0,0,3,2,0,2,0,3,0,3,1,1,0,0,3,0,3,2,0,3,0,3,0,3,2,1,1,2,2,2,KHERALU,23,1,0,0,0,1,1,N,M,1,6417,3887,GRAINS,OIL SEEDS,MILK,0.0,0.0,0,217.54,0.0,40.2,0.0,0.0,25.8,0,0,0.0,283.54,147.3,102.22,29.26
24,4,1,1,271800,Talegadh,740.75,221,1169,591,578,55,29,26,5,3,2,1,1,0,0,0,0,0,0,3,0,0,0,0,2,0,3,0,0,0,0,0,0,0,0,3,0,0,0,0,3,0,0,0,0,0,0,0,0,1,0,1,1,2,2,2,2,2,2,2,2,,0,,1,0,1,0,0,1,0,1,1,0,0,3,2,0,2,0,3,0,3,2,0,3,0,3,0,3,2,0,3,0,3,0,3,1,2,2,2,2,2,KHERALU,25,1,0,0,0,1,2,,,1,3340,3077,GRAINS,PULSES,COTTON,397.72,0.0,0,0.0,241.0,0.0,0.0,0.0,0.0,0,0,0.0,241.0,61.72,14.82,25.49
24,4,1,1,271900,Khari,558.97,77,387,202,185,17,9,8,0,0,0,1,1,0,0,0,0,0,0,3,0,0,0,0,2,0,3,0,0,0,0,0,0,0,0,3,0,0,0,0,3,0,0,0,0,0,0,0,0,1,0,2,1,2,1,2,2,2,2,2,2,,0,,2,0,3,0,0,0,3,1,1,0,0,3,2,0,2,0,3,0,3,2,0,3,0,3,0,3,2,0,3,0,3,0,3,2,1,1,2,2,2,KHERALU,24,1,0,0,0,1,1,N,M,2,0,0,CASTOR SEEDS,WHEAT,BAJRI,464.29,0.0,0,12.39,29.85,0.0,0.0,0.0,0.0,0,0,0.0,42.24,40.55,2.86,9.03
24,4,1,1,272000,Nedardi,626.67,167,928,476,452,0,0,0,0,0,0,1,1,0,0,0,0,0,0,2,0,0,0,0,2,0,2,0,0,0,0,0,0,0,0,2,0,0,0,0,2,0,0,0,0,0,0,0,0,1,0,1,1,2,2,2,2,2,2,2,2,,0,,1,0,1,0,0,1,0,1,1,0,0,3,2,0,2,0,2,0,2,2,0,2,0,2,0,2,2,0,2,0,3,0,3,1,1,1,2,2,2,KHERALU,40,1,0,0,0,1,1,N,M,2,0,0,GRAINS,PULSES,COTTON,0.0,11.0,14,0.0,40.0,0.0,0.0,0.0,0.0,0,0,0.0,65.0,180.14,47.74,333.79
24,4,1,1,272100,Vajapur,175.79,225,1077,542,535,85,45,40,15,7,8,1,1,0,0,0,0,0,0,2,0,0,0,0,1,0,2,0,0,0,0,0,0,0,0,2,0,0,0,0,2,0,0,0,0,0,0,1,0,1,0,1,1,2,2,2,2,2,2,2,2,,0,,1,0,1,0,0,1,0,1,1,0,0,3,2,0,2,0,2,0,2,2,0,2,0,2,0,2,2,0,2,0,2,0,2,1,1,1,2,2,2,KHERALU,36,1,0,0,0,1,1,N,M,1,1517,1518,GRAINS,PULSES,COTTON,0.0,0.0,0,0.0,0.0,42.0,0.0,0.0,0.0,0,0,0.0,42.0,71.47,46.97,15.35
24,4,1,1,272200,Mumanvas,197.83,266,1353,678,675,21,9,12,29,15,14,1,1,0,0,0,0,0,0,3,0,0,0,0,1,0,2,0,0,0,0,0,0,0,0,2,0,0,0,0,2,1,0,0,0,2,0,1,0,1,0,1,1,2,2,2,2,2,2,2,2,,0,,1,1,0,0,0,1,0,1,1,0,0,3,2,0,2,0,2,0,2,2,0,2,0,2,0,2,2,0,2,0,2,0,2,1,1,1,2,2,2,KHERALU,32,1,0,0,0,1,1,N,M,2,0,0,GRAINS,PULSES,CASTOR SEEDS,0.0,0.0,0,0.0,0.0,0.0,50.0,0.0,0.0,0,0,0.0,50.0,65.0,33.08,49.75
24,4,1,1,272300,Bhanavas,122.55,139,827,426,401,2,2,0,0,0,0,1,1,0,0,0,0,0,0,2,0,0,0,0,2,0,2,0,0,0,0,0,0,0,0,2,0,0,0,0,2,0,0,0,0,0,0,0,0,1,0,1,1,2,2,2,2,2,2,2,2,,0,,1,0,1,0,0,1,0,1,1,0,0,3,2,0,2,0,2,0,2,2,0,2,0,2,0,2,2,0,2,0,2,0,2,1,1,1,2,2,2,KHERALU,27,1,0,0,0,1,1,N,M,2,0,0,GRAINS,PULSES,CASTOR SEEDS,0.0,36.26,0,0.0,0.0,0.0,0.0,0.0,0.0,0,0,0.0,36.26,40.55,4.0,41.74
24,4,1,1,272400,Kubada,329.83,133,693,367,326,0,0,0,0,0,0,1,1,0,0,0,0,0,0,2,0,0,0,0,2,0,3,0,0,0,0,0,0,0,0,3,0,0,0,0,3,0,0,0,0,0,0,0,0,1,0,1,1,2,2,2,2,2,2,2,2,,0,,1,1,0,0,0,10,0,1,1,0,0,3,2,0,2,0,3,0,3,2,0,3,0,3,0,3,2,0,3,0,3,0,3,2,1,2,2,2,2,KHERALU,25,1,0,0,0,1,2,,,1,2600,2200,WHEAT,MUSTARD,CASTOR SEEDS,152.16,0.0,0,10.0,48.0,0.0,0.0,0.0,0.0,0,0,0.0,58.0,30.18,49.04,40.45
24,4,1,1,272500,Vansada,135.05,97,537,269,268,51,24,27,0,0,0,1,1,0,0,0,0,0,0,3,0,0,0,0,2,0,3,0,0,0,0,0,0,0,0,3,0,0,0,0,3,0,0,0,0,0,0,0,0,1,0,2,1,2,1,2,2,2,2,2,2,,0,,1,1,0,0,0,1,0,1,1,0,0,3,2,0,2,0,3,0,3,2,0,3,0,3,0,3,2,0,3,0,3,0,3,2,1,1,2,2,2,KHERALU,23,1,0,0,0,1,2,,,2,0,0,PULSES,WHEAT,CASTOR SEEDS,46.0,0.0,0,0.0,66.0,0.0,0.0,0.0,0.0,0,0,0.0,66.0,8.52,10.0,4.53
24,4,1,1,272600,Semor,155.48,78,412,209,203,38,20,18,2,1,1,1,1,0,0,0,0,0,0,3,0,0,0,0,2,0,3,0,0,0,0,0,0,0,0,3,0,0,0,0,3,0,0,0,0,0,0,0,0,1,0,1,1,2,2,2,2,2,2,2,2,,0,,2,0,3,0,0,0,3,1,1,0,0,3,2,0,2,0,3,0,3,2,0,3,0,3,0,3,2,0,3,0,3,0,3,2,1,2,2,2,2,KHERALU,31,1,0,0,0,1,1,N,,2,0,0,GRAINS,PULSES,COTTON,0.0,0.0,0,0.0,0.0,0.0,92.15,0.0,0.0,0,0,0.0,92.15,7.35,55.4,0.58
24,4,1,1,272700,Umari,1395.66,539,2534,1225,1309,323,162,161,8,7,1,1,2,0,0,0,0,0,0,3,0,0,0,0,1,0,3,0,0,0,0,0,0,0,0,3,0,0,0,0,3,1,0,0,0,1,0,0,0,1,0,1,1,2,2,2,2,2,2,2,2,,0,,1,1,0,0,0,4,0,1,1,0,0,3,2,0,2,0,3,0,2,2,0,3,0,3,0,3,2,0,3,0,3,0,3,1,2,2,2,2,2,KHERALU,23,1,0,0,0,1,2,,,1,253,216,GRAINS,PULSES,COTTON,506.21,0.0,0,0.0,150.0,0.0,0.0,0.0,0.0,0,0,0.0,150.0,576.2,163.25,0.0
24,4,1,1,272800,Takhatpura,72.86,98,536,268,268,21,10,11,0,0,0,1,1,0,0,0,0,0,0,3,0,0,0,0,2,0,3,0,0,0,0,0,0,0,0,3,0,0,0,0,2,0,0,0,0,0,0,0,0,1,0,1,1,2,2,2,2,2,2,2,2,,0,,1,1,0,0,0,1,0,1,1,0,0,3,2,0,2,0,2,0,3,2,0,2,0,3,0,3,2,0,3,0,3,0,3,1,1,1,2,2,2,KHERALU,20,1,0,0,0,1,2,,,2,0,0,GRAINS,PULSES,COTTON,0.0,0.0,0,11.78,40.82,0.0,0.0,0.0,0.0,0,0,0.0,52.6,15.26,0.0,5.0
24,4,1,1,272900,Jashpuriya,201.38,118,515,257,258,126,68,58,0,0,0,1,1,0,0,0,0,0,0,3,0,0,0,0,1,0,3,0,0,0,0,0,0,0,0,2,0,0,0,0,3,0,0,0,0,1,0,0,0,1,0,2,1,2,1,1,1,2,2,2,2,,0,,1,0,1,0,0,3,0,1,1,0,0,3,2,0,2,0,3,0,3,1,1,0,0,3,0,3,2,0,3,0,3,0,3,2,1,1,2,2,2,VISNAGAR,45,1,0,0,0,1,1,N,M,2,0,0,GRAINS,TOBACCO,MILK,48.0,0.0,0,40.6,60.3,0.0,10.3,0.0,8.7,0,0,0.0,119.9,0.0,0.0,33.48
24,4,1,1,273000,Ranpur,638.46,267,1229,612,617,211,107,104,0,0,0,1,1,0,0,0,0,0,0,3,0,0,0,0,1,0,3,0,0,0,0,0,0,0,0,3,0,0,0,0,2,1,0,0,0,1,0,0,0,1,0,1,2,2,2,2,2,2,2,2,2,,0,,1,0,2,0,0,3,0,1,1,0,0,3,2,0,2,0,2,0,3,2,0,3,0,3,0,3,2,0,3,0,3,0,3,1,1,2,2,2,2,KHERALU,22,1,0,0,0,1,1,N,,1,438,430,GRAINS,PULSES,COTTON,0.0,0.0,0,31.9,206.78,0.0,9.5,1.94,0.0,0,0,0.0,250.12,198.46,94.7,95.18
24,4,1,1,273100,Vasai,361.96,164,606,316,290,31,18,13,4,2,2,1,1,0,0,0,0,0,0,3,0,0,0,0,1,0,3,0,0,0,0,0,0,0,0,3,0,0,0,0,3,0,0,0,0,1,0,0,0,1,0,2,1,2,1,1,1,2,2,2,2,,0,,1,1,0,0,0,1,0,1,1,0,0,3,2,0,2,0,3,0,3,1,1,0,0,3,0,3,2,0,3,0,3,0,3,2,1,1,2,2,2,VISNAGAR,45,1,0,0,0,1,1,N,M,1,729,307,GRAINS,MILK,OIL SEEDS,0.0,0.0,0,0.0,110.0,0.0,0.0,0.0,40.0,0,0,0.0,150.0,75.3,0.0,136.66
24,4,1,1,273200,Dulana,357.93,114,519,274,245,67,35,32,0,0,0,1,1,0,0,0,0,0,0,3,0,0,0,0,2,0,3,0,0,0,0,0,0,0,0,3,0,0,0,0,3,0,0,0,0,0,0,0,0,1,0,1,2,2,1,2,2,2,2,2,2,,0,,1,1,0,0,0,1,0,1,1,0,0,3,2,0,2,0,3,0,3,1,1,0,0,3,0,3,2,0,3,0,3,0,3,1,2,2,2,2,2,KHERALU,10,1,0,0,0,1,1,N,,2,0,0,BAJRI,WHEAT,COTTON,0.0,0.0,0,10.0,35.0,0.0,50.0,0.0,0.0,0,0,0.0,95.0,180.01,78.36,4.56
24,4,1,1,273300,Sardarpur (Chee),391.21,398,2004,1023,981,238,111,127,0,0,0,1,1,0,0,0,0,0,0,3,0,0,0,0,1,0,3,0,0,0,0,0,0,0,0,3,0,0,0,0,2,0,0,0,0,3,0,0,0,1,0,1,2,2,1,2,2,2,2,2,2,,0,,1,1,0,0,0,20,0,1,1,0,0,3,2,0,2,0,2,0,3,1,1,0,0,3,0,3,2,0,3,0,3,0,3,1,1,1,2,2,2,KHERALU,15,1,0,0,0,1,1,N,M,1,95,142,GRAINS,PULSES,COTTON,0.0,0.0,0,0.0,30.0,0.0,60.0,0.0,0.0,0,0,0.0,90.0,260.0,10.05,31.16
24,4,1,1,273400,Sudasana,1932.19,884,4129,2070,2059,540,270,270,11,5,6,1,1,0,0,0,1,0,0,3,0,0,0,0,1,0,3,0,0,0,1,0,0,0,0,3,1,0,0,1,0,1,1,0,0,2,0,1,0,1,0,1,2,2,1,2,2,2,2,2,2,,0,,1,1,0,0,0,60,0,1,1,0,0,2,2,0,1,1,0,0,3,1,3,0,0,3,0,3,2,0,3,0,3,0,3,1,2,2,2,2,2,KHERALU,20,1,0,0,0,1,1,N,M,1,1806,1758,OIL SEEDS,BAJRI,MUSTARD,0.0,0.0,0,30.95,518.66,0.0,82.61,0.0,0.0,0,0,0.0,632.22,463.67,78.16,758.14
24,4,1,1,273500,Bhalu Moti,335.43,277,1321,685,636,133,66,67,0,0,0,1,1,0,0,0,0,0,0,3,0,0,0,0,1,0,3,0,0,0,0,0,0,0,0,3,0,0,0,0,3,0,0,0,0,1,0,0,0,1,0,1,1,2,2,2,2,2,2,2,2,,0,,1,0,3,0,0,4,0,1,1,0,0,3,2,0,2,0,1,0,3,2,0,3,0,3,0,3,2,0,3,0,3,0,3,1,2,2,2,2,2,KHERALU,29,1,0,0,0,1,1,N,M,1,969,912,GRAINS,PULSES,COTTON,0.0,0.0,0,20.0,100.3,0.0,0.0,0.0,0.0,0,0,0.0,120.3,120.13,30.0,65.0
24,4,1,1,273600,Bhalu Nani,268.0,280,1510,790,720,11,5,6,0,0,0,1,1,0,0,0,0,0,0,2,0,0,0,0,2,0,2,0,0,0,0,0,0,0,0,3,0,0,0,0,2,0,0,0,0,0,0,0,0,1,0,1,1,2,2,2,2,2,2,2,2,,0,,1,1,0,0,0,4,0,1,1,0,0,3,2,0,2,0,1,0,2,2,0,2,0,2,0,2,2,0,2,0,3,0,3,1,2,2,2,2,2,KHERALU,29,1,0,0,0,1,2,,,1,47,41,GRAINS,PULSES,CASTOR SEEDS,0.0,0.0,0,0.0,95.0,0.0,0.0,0.0,0.0,0,0,0.0,95.0,35.15,130.85,7.0
24,4,1,1,273700,Bedasma,403.9,161,782,410,372,95,48,47,0,0,0,1,1,0,0,0,0,0,0,1,0,0,0,0,2,0,3,0,0,0,0,0,0,0,0,3,0,0,0,0,1,0,0,0,0,0,0,0,0,1,0,1,1,2,2,2,2,2,2,2,2,,0,,1,1,0,0,0,10,0,1,1,0,0,3,2,0,2,0,2,0,3,2,0,1,0,3,0,3,2,0,1,0,3,0,3,1,1,1,2,2,2,KHERALU,30,1,0,0,0,1,2,,,1,1917,1908,GRAINS,PULSES,CASTOR SEEDS,45.0,0.0,0,17.0,35.9,0.0,0.0,0.0,0.0,0,0,0.0,52.9,130.12,0.0,175.88
24,4,1,1,273800,Samarapur,286.9,212,1081,548,533,261,128,133,0,0,0,1,1,0,0,0,0,0,0,2,0,0,0,0,2,0,2,0,0,0,0,0,0,0,0,2,0,0,0,0,2,0,0,0,0,0,0,0,0,1,0,1,1,2,1,2,2,2,2,2,2,,0,,1,1,0,0,0,1,0,1,1,0,0,3,2,0,2,0,2,0,2,2,0,2,0,2,0,2,2,0,2,0,2,0,2,1,2,2,2,2,2,KHERALU,36,1,0,0,0,1,2,,,1,780,752,GRAINS,PULSES,COTTON,0.0,0.0,0,50.4,50.13,0.0,0.0,0.0,0.0,0,0,0.0,100.53,100.0,7.44,78.93
24,4,1,1,273900,Rabarivas,48.75,0,0,0,0,0,0,0,0,0,0,0,0,0,0,0,0,0,0,0,0,0,0,0,0,0,0,0,0,0,0,0,0,0,0,0,0,0,0,0,0,0,0,0,0,0,0,0,0,0,0,0,0,0,0,0,0,0,0,0,0,,0,,0,0,0,0,0,0,0,0,0,0,0,0,0,0,0,0,0,0,0,0,0,0,0,0,0,0,0,0,0,0,0,0,0,0,0,0,0,0,0,,0,0,0,0,0,0,0,,,0,0,0,,,,0.0,0.0,0,0.0,0.0,0.0,0.0,0.0,0.0,0,0,0.0,0.0,0.0,0.0,0.0
24,4,1,1,274000,Dhadhivas,64.84,0,0,0,0,0,0,0,0,0,0,0,0,0,0,0,0,0,0,0,0,0,0,0,0,0,0,0,0,0,0,0,0,0,0,0,0,0,0,0,0,0,0,0,0,0,0,0,0,0,0,0,0,0,0,0,0,0,0,0,0,,0,,0,0,0,0,0,0,0,0,0,0,0,0,0,0,0,0,0,0,0,0,0,0,0,0,0,0,0,0,0,0,0,0,0,0,0,0,0,0,0,,0,0,0,0,0,0,0,,,0,0,0,,,,0.0,0.0,0,0.0,0.0,0.0,0.0,0.0,0.0,0,0,0.0,0.0,0.0,0.0,0.0
24,4,1,1,274100,Gamanpur,120.54,0,0,0,0,0,0,0,0,0,0,0,0,0,0,0,0,0,0,0,0,0,0,0,0,0,0,0,0,0,0,0,0,0,0,0,0,0,0,0,0,0,0,0,0,0,0,0,0,0,0,0,0,0,0,0,0,0,0,0,0,,0,,0,0,0,0,0,0,0,0,0,0,0,0,0,0,0,0,0,0,0,0,0,0,0,0,0,0,0,0,0,0,0,0,0,0,0,0,0,0,0,,0,0,0,0,0,0,0,,,0,0,0,,,,0.0,0.0,0,0.0,0.0,0.0,0.0,0.0,0.0,0,0,0.0,0.0,0.0,0.0,0.0
24,4,1,1,274200,Santola,166.72,15,82,41,41,0,0,0,0,0,0,2,0,1,0,0,0,0,0,2,0,0,0,0,2,0,2,0,0,0,0,0,0,0,0,2,0,0,0,0,2,0,0,0,0,0,0,0,0,1,0,1,1,2,2,2,2,2,2,2,2,,0,,2,0,2,0,0,0,2,1,1,0,0,3,2,0,2,0,2,0,2,2,0,2,0,2,0,2,2,0,2,0,2,0,2,2,1,2,2,2,2,KHERALU,46,1,0,0,0,1,2,,,2,0,0,GRAINS,PULSES,COTTON,46.83,0.0,0,10.0,20.0,0.0,0.0,0.0,0.0,0,0,0.0,30.0,14.89,0.0,75.0
24,4,1,1,274300,Gothda,347.58,187,938,490,448,18,12,6,14,9,5,1,1,0,0,0,0,0,0,2,0,0,0,0,1,0,2,0,0,0,0,0,0,0,0,2,0,0,0,0,2,1,0,0,0,0,0,0,0,1,0,1,1,2,1,2,1,2,2,2,2,,0,,1,1,0,0,0,15,0,1,1,0,0,3,2,0,2,0,2,0,2,2,0,2,0,2,0,2,2,0,2,0,3,0,3,1,1,1,2,2,2,KHERALU,27,1,0,0,0,1,1,N,M,1,154,237,GRAINS,PULSES,COTTON,0.0,0.0,0,0.0,223.19,0.0,0.4,0.0,0.0,0,0,0.0,223.59,3.2,47.21,73.58
24,4,1,1,274400,Ajabapur(Jivak),48.96,0,0,0,0,0,0,0,0,0,0,0,0,0,0,0,0,0,0,0,0,0,0,0,0,0,0,0,0,0,0,0,0,0,0,0,0,0,0,0,0,0,0,0,0,0,0,0,0,0,0,0,0,0,0,0,0,0,0,0,0,,0,,0,0,0,0,0,0,0,0,0,0,0,0,0,0,0,0,0,0,0,0,0,0,0,0,0,0,0,0,0,0,0,0,0,0,0,0,0,0,0,,0,0,0,0,0,0,0,,,0,0,0,,,,0.0,0.0,0,0.0,0.0,0.0,0.0,0.0,0.0,0,0,0.0,0.0,0.0,0.0,0.0
24,4,1,1,274500,Kothasana Mota,391.45,344,1807,939,868,68,36,32,16,10,6,1,1,0,0,0,1,0,0,3,0,0,0,0,1,0,3,0,0,0,0,0,0,0,0,3,0,0,0,0,3,1,0,0,0,1,0,0,0,1,0,1,1,2,1,2,2,2,2,2,2,,0,,1,1,0,0,0,13,0,1,1,0,0,3,2,0,2,0,3,0,3,2,0,3,0,3,0,3,2,0,3,0,3,0,3,1,2,2,2,2,2,KHERALU,34,1,0,0,0,1,2,,,1,286,264,GRAINS,PULSES,COTTON,22.28,0.0,0,60.0,110.0,0.0,0.0,0.0,0.0,0,0,0.0,170.0,80.88,30.1,88.19
24,4,1,1,274600,Kothasana Nana,234.88,219,1207,613,594,63,33,30,0,0,0,1,1,0,0,0,0,0,0,3,0,0,0,0,2,0,3,0,0,0,0,0,0,0,0,3,0,0,0,0,3,0,0,0,0,0,0,0,0,1,0,1,2,2,2,2,2,2,2,2,2,,0,,1,1,0,0,0,0,3,1,1,0,0,3,2,0,2,0,1,0,3,2,0,3,0,3,0,3,2,0,3,0,3,0,3,1,2,2,2,2,2,KHERALU,37,1,0,0,0,1,2,,,2,0,0,GRAINS,PULSES,COTTON,0.0,0.0,0,20.0,50.0,0.0,0.0,0.0,0.0,0,0,0.0,70.0,50.39,40.9,73.59
24,4,1,1,274700,Sheshhapur,123.0,73,365,183,182,11,6,5,0,0,0,1,1,0,0,0,0,0,0,3,0,0,0,0,1,0,3,0,0,0,0,0,0,0,0,3,0,0,0,0,3,0,0,0,0,1,0,0,0,1,0,1,2,2,1,2,2,2,2,2,2,,0,,1,0,3,0,0,4,0,1,1,0,0,3,2,0,2,0,1,0,3,2,0,3,0,3,0,3,2,0,3,0,3,0,3,1,2,2,2,2,2,KHERALU,27,1,1,1,0,0,2,,,2,0,0,GRAINS,PULSES,OIL SEEDS,0.0,0.0,0,0.0,94.16,0.0,0.0,0.0,0.0,0,0,0.0,94.16,12.35,15.14,1.35
24,4,1,1,274800,Bhalusana,778.1,683,3175,1586,1589,179,91,88,5,3,2,1,1,0,0,0,1,0,0,3,0,0,0,0,1,0,3,0,0,0,0,0,0,0,0,3,0,0,0,0,3,1,1,0,0,0,0,0,0,1,0,1,1,2,1,2,2,2,2,2,2,,0,,1,1,0,0,0,35,0,1,1,0,0,3,2,0,1,1,0,0,3,2,0,3,0,3,0,3,2,0,3,0,3,0,3,1,2,2,2,2,2,KHERALU,30,1,0,0,0,1,1,N,,1,1218,1172,GRAINS,PULSES,COTTON,0.0,0.0,0,0.0,80.0,0.0,315.0,2.84,0.0,0,0,0.0,397.84,87.06,89.29,203.91
24,4,1,1,274900,Umrecha,306.02,186,991,507,484,391,207,184,0,0,0,1,1,0,0,0,0,0,0,3,0,0,0,0,1,0,3,0,0,0,0,0,0,0,0,3,0,0,0,0,3,0,0,0,0,1,0,0,0,1,0,1,2,2,1,2,2,2,2,2,2,,0,,1,1,0,0,0,15,0,1,1,0,0,3,2,0,2,0,1,0,3,2,0,3,0,3,0,3,2,0,3,0,3,0,3,2,1,2,2,2,2,KHERALU,22,1,0,0,0,1,1,N,M,1,1602,1538,GRAINS,PULSES,MUSTARD,0.0,0.0,0,25.1,80.4,0.0,17.0,0.0,0.0,0,0,0.0,122.5,107.38,20.44,55.7
24,4,1,1,275000,Bhatvas,286.8,97,510,261,249,62,32,30,0,0,0,1,1,0,0,0,0,0,0,3,0,0,0,0,1,0,3,0,0,0,0,0,0,0,0,3,0,0,0,0,3,0,0,0,0,1,0,0,0,1,0,1,2,2,1,2,2,2,2,2,2,,0,,1,1,0,0,0,14,0,1,1,0,0,3,2,0,2,0,2,0,3,1,1,0,1,0,1,0,2,0,3,0,3,0,3,1,2,2,2,2,2,KHERALU,23,1,0,0,0,1,1,N,M,2,0,0,GRAINS,PULSES,COTTON,0.0,0.0,0,10.2,30.2,0.0,0.0,0.0,0.0,0,0,0.0,40.4,100.3,40.1,106.0
24,4,1,1,275100,Rinchhada,208.85,110,510,268,242,76,41,35,0,0,0,1,1,0,0,0,0,0,0,3,0,0,0,0,1,0,3,0,0,0,0,0,0,0,0,3,0,0,0,0,3,0,0,0,0,1,0,0,0,1,0,1,2,2,2,1,2,2,2,2,2,,0,,1,1,0,0,0,2,0,1,1,0,0,3,2,0,2,0,1,0,3,1,1,0,0,3,0,3,2,0,3,0,3,0,3,1,2,2,2,2,2,KHERALU,21,1,0,0,0,1,1,N,,2,0,0,WHEAT,BAJRI,COTTON,0.0,0.0,0,10.0,60.0,20.0,0.0,0.0,0.0,0,0,0.0,90.0,17.44,33.89,67.52
24,4,1,1,275200,Kesarpura,224.53,144,805,398,407,214,106,108,0,0,0,1,1,0,0,0,0,0,0,3,0,0,0,0,1,0,3,0,0,0,0,0,0,0,0,3,0,0,0,0,1,1,0,0,0,0,0,0,0,1,0,1,2,2,1,2,2,2,2,2,2,,0,,1,0,1,0,0,15,0,1,1,0,0,3,2,0,2,0,3,0,3,1,1,0,0,3,0,3,2,0,3,0,3,0,3,2,1,2,2,2,2,KHERALU,10,1,0,0,0,1,1,N,,2,0,0,BAJRI,WHEAT,COTTON,0.0,0.0,0,15.0,20.0,0.0,15.01,0.0,0.0,0,0,0.0,50.01,150.0,24.33,0.19
24,4,1,1,275300,Nijhampur,147.78,85,435,228,207,148,77,71,0,0,0,1,1,0,0,0,0,0,0,3,0,0,0,0,2,0,3,0,0,0,0,0,0,0,0,3,0,0,0,0,1,0,0,0,0,0,0,0,0,1,0,1,2,2,2,2,2,2,2,2,2,,0,,2,0,1,0,0,0,1,1,1,0,0,3,2,0,2,0,1,0,3,2,0,1,0,3,0,3,2,0,3,0,3,0,3,1,2,2,2,2,2,KHERALU,18,1,0,0,0,1,1,N,,2,0,0,COTTON,WHEAT,PULSES,0.0,0.0,0,10.0,88.0,0.0,2.0,0.0,0.0,0,0,0.0,100.0,9.04,19.12,19.62
24,4,1,1,275400,Jaspur,175.96,129,758,371,387,46,24,22,0,0,0,1,1,0,0,0,0,0,0,3,0,0,0,0,2,0,3,0,0,0,0,0,0,0,0,3,0,0,0,0,1,0,0,0,0,0,0,0,0,1,0,1,1,2,2,2,2,2,2,2,2,,0,,1,0,1,0,0,3,0,1,1,0,0,3,2,0,2,0,1,0,3,1,1,0,0,3,0,3,2,0,3,0,3,0,3,1,2,2,2,2,2,KHERALU,17,1,0,0,0,1,1,N,,2,0,0,COTTON,WHEAT,BAJRI,0.0,0.0,0,20.0,80.0,0.0,2.0,0.0,0.0,0,0,0.0,102.0,10.57,59.29,4.1
24,4,1,1,275500,Khilod,189.98,125,607,284,323,181,78,103,0,0,0,1,1,0,0,0,0,0,0,3,0,0,0,0,1,0,3,0,0,0,0,0,0,0,0,3,0,0,0,0,1,0,0,0,0,1,0,0,0,1,0,1,2,2,2,1,2,2,2,2,2,,0,,1,0,1,0,0,4,0,1,1,0,0,3,2,0,2,0,1,0,3,1,1,0,0,3,0,3,2,0,3,0,3,0,3,1,2,2,2,2,2,KHERALU,22,1,0,0,0,1,1,N,,1,2068,2118,COTTON,WHEAT,BAJRI,0.0,0.0,0,49.03,70.0,0.0,0.0,0.0,0.0,0,0,0.0,119.03,30.0,40.0,0.95
24,4,1,1,275600,Isakpura,68.39,112,584,290,294,26,12,14,0,0,0,1,2,0,0,0,0,0,0,3,0,0,0,0,1,0,3,0,0,0,0,0,0,0,0,3,0,0,0,0,1,0,0,0,0,1,0,0,0,1,0,1,1,2,2,2,2,2,2,2,2,,0,,1,0,2,0,0,2,0,1,1,0,0,1,2,0,2,0,3,0,3,1,0,1,1,0,0,3,2,0,3,0,3,0,3,1,1,1,2,2,2,KHERALU,11,1,0,0,0,1,1,N,,1,1052,968,WHEAT,BAJRI,OIL SEEDS,0.0,0.0,0,17.0,0.0,0.0,30.0,0.0,0.0,0,0,0.0,47.0,12.0,8.23,1.16
24,4,1,1,275700,Ankaliyara,282.7,199,962,496,466,182,98,84,7,4,3,1,1,0,0,0,0,0,0,2,0,0,0,0,1,0,2,0,0,0,0,0,0,0,0,2,0,0,0,0,2,1,1,0,0,0,0,0,0,1,0,1,1,1,1,1,2,2,2,2,2,,0,,1,1,0,0,0,2,0,1,1,0,0,2,2,0,2,0,2,0,2,2,0,2,0,2,0,2,2,0,2,0,3,0,3,1,1,1,2,2,2,KHERALU,18,1,0,0,0,1,1,N,M,1,1469,923,WHEAT,BAJRI,MUSTARD,0.0,0.0,0,0.0,43.01,0.0,24.42,0.0,0.0,0,0,0.0,67.43,127.56,12.14,75.57
24,4,1,1,275800,Himmatpura,216.33,149,682,355,327,29,15,14,0,0,0,1,1,0,0,0,0,0,0,3,0,0,0,0,1,0,3,0,0,0,0,0,0,0,0,3,0,0,0,0,3,0,0,0,0,1,0,0,0,1,0,2,1,1,2,2,2,2,2,2,2,,0,,1,1,0,0,0,15,0,1,1,0,0,3,2,0,2,0,2,0,3,1,1,0,0,3,0,3,2,0,3,0,3,0,3,2,1,2,2,2,2,KHERALU,24,1,0,0,0,1,1,N,M,2,0,0,GRAINS,PULSES,COTTON,0.0,0.0,0,45.0,40.35,0.0,0.0,0.0,0.0,0,0,0.0,85.35,55.0,25.54,50.44
24,4,1,1,275900,Bhimpur,344.14,348,1756,908,848,189,96,93,0,0,0,1,1,0,0,0,0,0,0,3,0,0,0,0,1,0,3,0,0,0,0,0,0,0,0,3,0,0,0,0,3,1,0,0,0,1,0,0,0,1,0,1,1,1,2,2,2,2,2,2,2,,0,,1,1,0,0,0,1,0,1,1,0,0,1,2,0,2,0,3,0,3,2,0,3,0,3,0,3,2,0,3,0,3,0,3,1,2,2,2,2,2,KHERALU,20,1,0,0,0,1,1,N,M,1,1118,1027,FENNEL SEEDS,OIL SEEDS,WHEAT,0.0,0.0,0,50.0,150.0,44.0,0.0,0.0,0.0,0,0,0.0,244.0,34.04,38.0,28.1
24,4,1,1,276000,Navavas,203.74,177,868,437,431,53,24,29,3,2,1,1,1,0,0,0,0,0,0,2,0,0,0,0,1,0,2,0,0,0,0,0,0,0,0,2,0,0,0,0,2,0,0,0,0,1,0,0,0,1,0,1,1,2,1,1,2,2,2,2,2,,0,,1,1,0,0,0,5,0,1,1,0,0,3,2,0,2,0,2,0,2,2,0,2,0,2,0,2,2,0,2,0,3,0,3,1,1,1,2,2,2,KHERALU,22,1,0,0,0,1,1,N,M,2,0,0,GROUNDNUT,JOWAR,MUSTARD,0.0,0.0,0,5.0,0.0,0.0,101.01,0.0,0.0,0,0,0.0,106.01,80.0,17.73,0.0
24,4,1,1,276100,Sartanpur (Gadh),227.53,270,1310,665,645,256,129,127,0,0,0,1,1,0,0,0,0,0,0,1,0,0,0,0,1,0,1,0,0,0,0,0,0,0,0,1,0,0,0,0,1,0,0,0,0,1,0,0,0,1,0,1,2,2,2,2,2,2,2,2,2,,0,,1,1,0,0,0,15,0,1,1,0,0,2,2,0,2,0,1,0,1,2,0,1,0,1,0,1,2,0,1,0,3,0,3,1,2,2,2,2,2,VISNAGAR,50,1,0,0,0,1,2,,,1,350,345,BAJRI,WHEAT,COTTON,0.0,0.0,0,0.0,1.0,0.0,0.0,0.0,0.0,0,0,0.0,1.0,195.0,16.87,14.66
24,4,1,1,276200,Satlasana,2720.02,1478,6944,3675,3269,706,375,331,31,15,16,1,3,0,0,0,1,1,1,0,3,0,0,0,1,1,0,0,0,0,0,0,0,0,1,0,2,0,0,1,0,2,1,0,3,7,0,0,0,1,0,1,1,2,1,2,2,2,2,2,2,,0,,1,1,0,1,1,210,0,1,1,0,0,3,2,0,1,1,0,1,0,1,1,0,1,0,1,0,1,2,0,0,3,0,3,1,2,2,2,2,2,KHERALU,25,1,0,0,0,1,1,N,M,1,21904,23845,GROUNDNUT,BAJRI,COTTON,0.0,0.0,0,0.0,88.8,0.0,131.0,0.0,0.0,0,0,0.0,219.8,478.34,148.49,1873.39
24,4,1,1,276300,Vaghva-Mandva,426.63,0,0,0,0,0,0,0,0,0,0,0,0,0,0,0,0,0,0,0,0,0,0,0,0,0,0,0,0,0,0,0,0,0,0,0,0,0,0,0,0,0,0,0,0,0,0,0,0,0,0,0,0,0,0,0,0,0,0,0,0,,0,,0,0,0,0,0,0,0,0,0,0,0,0,0,0,0,0,0,0,0,0,0,0,0,0,0,0,0,0,0,0,0,0,0,0,0,0,0,0,0,,0,0,0,0,0,0,0,,,0,0,0,,,,0.0,0.0,0,0.0,0.0,0.0,0.0,0.0,0.0,0,0,0.0,0.0,0.0,0.0,0.0
24,4,1,1,276400,Malana,432.97,0,0,0,0,0,0,0,0,0,0,0,0,0,0,0,0,0,0,0,0,0,0,0,0,0,0,0,0,0,0,0,0,0,0,0,0,0,0,0,0,0,0,0,0,0,0,0,0,0,0,0,0,0,0,0,0,0,0,0,0,,0,,0,0,0,0,0,0,0,0,0,0,0,0,0,0,0,0,0,0,0,0,0,0,0,0,0,0,0,0,0,0,0,0,0,0,0,0,0,0,0,,0,0,0,0,0,0,0,,,0,0,0,,,,0.0,0.0,0,0.0,0.0,0.0,0.0,0.0,0.0,0,0,0.0,0.0,0.0,0.0,0.0
24,4,1,1,276500,Dharoi,713.02,517,2638,1411,1227,381,202,179,105,65,40,1,2,0,0,0,0,0,0,2,0,0,0,0,1,0,2,0,0,0,1,0,0,0,0,2,0,0,0,0,2,0,0,0,0,0,0,1,0,1,0,1,1,2,2,2,1,1,2,2,2,,0,,1,1,0,0,0,1,0,1,1,0,0,3,2,0,1,1,0,0,2,2,0,2,0,2,0,2,2,0,2,0,3,0,3,1,1,1,2,2,2,KHERALU,32,1,0,0,0,1,1,N,M,1,5355,6235,BAJRI,WHEAT,COTTON,0.0,200.0,0,150.0,100.0,0.0,0.0,1.02,0.0,0,0,0.0,451.02,112.0,75.0,75.0
24,4,1,1,276600,Vav,479.47,612,2893,1489,1404,233,114,119,17,12,5,1,1,0,0,0,0,0,0,2,0,0,0,0,1,0,2,0,0,0,0,0,0,0,0,2,0,0,0,0,2,1,0,0,0,1,0,0,0,1,0,1,2,2,2,2,2,2,2,2,2,,0,,1,1,0,0,0,60,0,1,1,0,0,2,2,0,2,0,1,0,2,2,0,2,0,2,0,2,2,0,2,0,3,0,3,1,2,2,2,2,2,VISNAGAR,50,1,0,0,0,1,1,N,M,1,1446,1421,BAJRI,WHEAT,COTTON,0.0,0.0,0,0.0,145.7,0.0,0.0,0.0,0.0,0,0,0.0,145.7,310.0,10.77,13.0
24,4,1,1,276700,Rajpur(Gadh),181.74,210,1029,510,519,216,101,115,3,1,2,1,1,0,0,0,0,0,0,3,0,0,0,0,1,0,3,0,0,0,0,0,0,0,0,3,0,0,0,0,3,0,0,0,0,1,0,0,0,1,0,1,1,1,1,1,2,2,2,2,2,,0,,1,1,0,0,0,8,0,1,1,0,0,2,2,0,2,0,3,0,3,2,0,3,0,3,0,3,2,0,3,0,3,0,3,1,1,1,2,2,2,KHERALU,14,1,0,0,0,1,1,N,M,2,0,0,GROUNDNUT,WHEAT,BAJRI,0.0,0.0,0,8.55,40.35,0.0,0.0,0.0,0.0,0,0,0.0,48.9,45.0,85.47,2.37
24,4,1,1,276800,Timba,2877.38,462,2576,1337,1239,5,3,2,73,39,34,1,1,0,0,0,1,0,0,2,0,0,0,0,1,0,3,0,0,0,0,0,0,0,0,3,0,0,0,0,2,0,0,0,0,1,0,1,0,1,0,1,1,2,2,2,2,2,2,2,2,,0,,1,1,0,0,0,13,0,1,1,0,0,2,2,0,2,0,2,0,2,2,0,2,0,2,0,2,2,0,2,0,3,0,3,1,2,2,2,2,2,KHERALU,25,1,0,0,0,1,1,N,,1,1512,1616,BAJRI,WHEAT,COTTON,1778.0,0.0,0,0.0,345.0,0.0,0.0,0.0,0.0,0,0,0.0,345.0,465.0,235.18,54.2
24,4,1,1,276900,Shahupura (Gadh),217.6,90,695,464,231,68,40,28,1,1,0,1,1,0,0,0,1,1,0,3,0,0,0,0,2,0,3,0,0,0,0,0,0,0,0,3,0,0,0,0,1,0,0,0,0,0,0,0,0,1,0,1,1,2,2,2,2,2,2,2,2,,0,,1,1,0,0,0,4,0,1,1,0,0,3,2,0,2,0,2,0,3,1,1,0,1,0,1,0,2,0,3,0,3,0,3,1,1,1,2,2,2,KHERALU,13,1,0,0,0,1,1,N,M,2,0,0,BAJRI,WHEAT,PULSES,0.0,0.0,0,25.0,75.0,0.0,0.0,0.0,0.0,0,0,0.0,100.0,90.0,7.66,19.94
24,4,1,1,277000,Pirojpura,132.42,56,228,113,115,29,13,16,20,11,9,1,1,0,0,0,0,0,0,3,0,0,0,0,2,0,3,0,0,0,0,0,0,0,0,3,0,0,0,0,1,0,0,0,0,0,0,0,0,1,0,1,2,2,2,1,2,2,2,2,2,,0,,1,0,1,0,0,1,0,1,1,0,0,3,2,0,2,0,1,0,3,1,1,0,0,3,0,3,2,0,3,0,3,0,3,1,2,2,2,2,2,KHERALU,22,1,0,0,0,1,1,N,,2,0,0,COTTON,BAJRI,OIL SEEDS,0.0,0.0,0,34.03,33.03,0.0,9.09,0.0,0.0,0,0,0.0,76.15,16.32,34.0,5.95
24,4,1,1,277100,Vaghar,184.33,267,1487,751,736,27,15,12,0,0,0,1,1,0,0,0,0,0,0,3,0,0,0,0,2,0,3,0,0,0,0,0,0,0,0,3,0,0,0,0,1,0,0,0,0,0,0,0,0,1,0,1,2,2,2,2,2,2,2,2,2,,0,,1,0,2,0,0,1,0,1,1,0,0,2,2,0,2,0,1,0,3,1,1,0,0,3,0,3,2,0,3,0,3,0,3,1,2,2,2,2,2,KHERALU,15,1,0,0,0,1,1,N,,1,380,386,COTTON,WHEAT,BAJRI,0.0,0.0,0,20.0,120.0,0.0,20.0,0.0,0.0,0,0,0.0,160.0,13.94,1.53,8.86
24,4,1,1,277200,Anand Bhankhari,193.32,122,726,373,353,0,0,0,0,0,0,1,1,0,0,0,0,0,0,3,0,0,0,0,1,0,3,0,0,0,0,0,0,0,0,3,0,0,0,0,2,0,0,0,0,1,0,0,0,1,0,1,1,2,2,2,2,2,2,2,2,,0,,1,0,1,0,0,2,0,1,1,0,0,3,2,0,2,0,3,0,3,1,0,3,1,0,0,3,2,0,3,0,3,0,3,1,1,1,2,2,2,KHERALU,12,1,0,0,0,1,1,N,M,2,0,0,WHEAT,BAJRI,PULSES,0.0,108.0,0,0.0,0.0,0.0,0.0,0.0,0.0,0,0,0.0,108.0,70.18,5.0,10.14
24,4,1,1,277300,Sadrasan,226.35,0,0,0,0,0,0,0,0,0,0,0,0,0,0,0,0,0,0,0,0,0,0,0,0,0,0,0,0,0,0,0,0,0,0,0,0,0,0,0,0,0,0,0,0,0,0,0,0,0,0,0,0,0,0,0,0,0,0,0,0,,0,,0,0,0,0,0,0,0,0,0,0,0,0,0,0,0,0,0,0,0,0,0,0,0,0,0,0,0,0,0,0,0,0,0,0,0,0,0,0,0,,0,0,0,0,0,0,0,,,0,0,0,,,,0.0,0.0,0,0.0,0.0,0.0,0.0,0.0,0.0,0,0,0.0,0.0,0.0,0.0,0.0
24,4,1,1,277400,Khodamali,987.13,392,1953,992,961,101,55,46,14,8,6,1,1,0,0,0,0,0,0,3,0,0,0,0,1,0,3,0,0,0,0,0,0,0,1,0,0,0,0,0,3,1,1,0,0,1,0,1,0,1,0,1,1,1,2,2,2,1,2,2,2,,0,,1,1,0,0,0,8,0,1,1,0,0,3,2,0,2,0,3,0,3,2,0,3,0,3,0,3,2,0,3,0,3,0,3,1,1,1,2,2,2,KHERALU,32,1,0,0,0,1,1,N,M,1,1953,1856,BAJRI,WHEAT,COTTON,0.0,240.35,0,0.0,176.45,0.0,0.0,5.69,0.0,0,0,0.0,422.49,87.13,21.89,455.62
24,4,1,1,277500,Vavadi (Gadh),84.18,114,569,283,286,180,91,89,0,0,0,1,1,0,0,0,0,0,0,3,0,0,0,0,2,0,3,0,0,0,0,0,0,0,0,3,0,0,0,0,3,0,0,0,0,0,0,0,0,1,0,1,1,2,2,2,2,1,2,1,2,,0,,1,0,3,0,0,5,0,1,1,0,0,3,2,0,2,0,1,0,3,2,0,3,0,3,0,3,2,0,3,0,3,0,3,1,1,1,2,2,2,KHERALU,33,1,0,0,0,1,1,N,M,2,0,0,BAJRI,WHEAT,COTTON,0.0,25.4,0,0.0,0.0,28.68,0.0,0.0,0.0,0,0,0.0,54.08,20.55,0.0,9.55
24,4,1,1,277600,Vadnal,240.93,0,0,0,0,0,0,0,0,0,0,0,0,0,0,0,0,0,0,0,0,0,0,0,0,0,0,0,0,0,0,0,0,0,0,0,0,0,0,0,0,0,0,0,0,0,0,0,0,0,0,0,0,0,0,0,0,0,0,0,0,,0,,0,0,0,0,0,0,0,0,0,0,0,0,0,0,0,0,0,0,0,0,0,0,0,0,0,0,0,0,0,0,0,0,0,0,0,0,0,0,0,,0,0,0,0,0,0,0,,,0,0,0,,,,0.0,0.0,0,0.0,0.0,0.0,0.0,0.0,0.0,0,0,0.0,0.0,0.0,0.0,0.0
24,4,1,1,277700,Fatepura,484.93,193,1010,519,491,0,0,0,0,0,0,1,1,0,0,0,0,0,0,2,0,0,0,0,1,0,2,0,0,0,0,0,0,0,0,2,0,0,0,0,2,0,0,0,0,1,0,0,0,1,0,2,1,2,2,2,1,1,2,2,2,,0,,2,0,2,0,0,0,2,1,1,0,0,3,2,0,2,0,1,0,2,2,0,2,0,2,0,2,2,0,2,0,3,0,3,2,1,1,2,2,2,KHERALU,40,1,0,0,0,1,1,N,,1,3300,3500,GRAINS,PULSES,MUSTARD,0.0,140.0,0,0.0,60.1,0.0,0.0,0.0,0.0,0,0,0.0,200.1,165.0,67.02,52.81
24,4,1,1,277800,Hadol,2154.45,390,2082,1049,1033,89,42,47,5,2,3,1,2,0,0,0,1,1,0,3,0,0,0,0,1,0,3,0,0,0,0,0,0,0,1,0,0,0,0,0,3,1,1,0,0,2,0,0,0,1,0,1,2,2,1,2,2,2,2,2,2,,0,,1,1,0,0,0,75,0,1,1,0,0,3,2,0,2,0,3,0,3,1,1,0,1,0,1,0,2,0,3,0,3,0,3,1,2,2,2,2,2,KHERALU,24,1,0,0,0,1,1,N,M,1,1520,1369,BAJRI,PULSES,COTTON,0.0,75.0,0,280.0,275.0,0.0,0.0,0.0,0.0,0,0,0.0,630.0,1000.0,140.32,384.13
24,4,1,1,277900,Radhupura,350.29,165,817,403,414,0,0,0,0,0,0,1,1,0,0,0,0,0,0,3,0,0,0,0,2,0,3,0,0,0,0,0,0,0,0,3,0,0,0,0,3,0,0,0,0,0,0,0,0,1,0,1,2,2,1,2,2,2,2,2,2,,0,,2,0,1,0,0,0,1,1,1,0,0,3,2,0,2,0,3,0,3,2,0,3,0,3,0,3,2,0,3,0,3,0,3,2,1,1,2,2,2,KHERALU,24,1,0,0,0,1,2,,,2,0,0,WHEAT,BAJRI,PULSES,0.0,0.0,25,75.93,0.0,0.0,0.0,2.28,0.0,0,0,4.85,108.06,27.0,8.15,207.08
24,4,1,1,278000,Galalpur,269.73,64,355,173,182,0,0,0,0,0,0,1,1,0,0,0,0,0,0,3,0,0,0,0,2,0,3,0,0,0,0,0,0,0,0,3,0,0,0,0,2,0,0,0,0,0,0,0,0,1,0,1,1,2,2,2,2,2,2,2,2,,0,,2,0,1,0,0,0,2,1,1,0,0,2,2,0,2,0,3,0,3,2,0,1,0,3,0,3,2,0,3,0,3,0,3,2,1,1,2,2,2,KHERALU,20,1,0,0,0,1,2,,,2,0,0,WHEAT,MUSTARD,PULSES,108.87,0.0,0,0.0,0.0,53.44,48.57,0.0,0.0,0,0,0.0,102.01,51.99,6.86,0.0
24,4,1,1,278100,Kajipur,273.64,49,306,156,150,0,0,0,0,0,0,1,1,0,0,0,0,0,0,3,0,0,0,0,2,0,3,0,0,0,0,0,0,0,0,3,0,0,0,0,2,0,0,0,0,0,0,0,0,1,0,1,2,2,2,2,2,2,2,2,2,,0,,1,1,0,0,0,0,2,1,1,0,0,2,2,0,2,0,3,0,3,2,0,2,0,3,0,3,2,0,3,0,3,0,3,2,1,2,2,2,2,KHERALU,20,1,0,0,0,1,2,,,2,0,0,BAJRI,WHEAT,COTTON,0.0,0.0,0,0.0,26.35,43.34,0.0,0.0,0.0,0,0,0.0,69.69,59.15,129.15,15.65
24,4,1,1,278200,Otalpur,373.04,203,1019,543,476,0,0,0,0,0,0,1,1,0,0,0,0,0,0,3,0,0,0,0,2,0,3,0,0,0,0,0,0,0,0,3,0,0,0,0,2,0,0,0,0,0,0,0,0,1,0,1,2,2,2,2,2,2,2,2,2,,0,,2,0,1,0,0,0,2,1,1,0,0,2,2,0,2,0,3,0,3,2,0,1,0,3,0,3,2,0,3,0,3,0,3,2,1,1,2,2,2,KHERALU,20,1,0,0,0,1,2,,,1,500,480,BAJRI,WHEAT,COTTON,0.0,0.0,0,35.0,0.0,0.0,0.0,0.0,0.0,0,0,0.0,35.0,232.9,90.04,15.1
24,4,1,1,278300,Rangpur (Gadh),339.27,159,1019,543,476,17,10,7,0,0,0,1,1,0,0,0,0,0,0,3,0,0,0,0,2,0,3,0,0,0,0,0,0,0,0,3,0,0,0,0,2,0,0,0,0,0,0,0,0,1,0,1,1,2,2,2,2,2,2,2,2,,0,,2,0,1,0,0,0,1,1,1,0,0,2,2,0,2,0,3,0,3,2,0,3,0,3,0,3,2,0,3,0,3,0,3,1,1,1,2,2,2,KHERALU,20,1,0,0,0,1,2,,,2,0,0,WHEAT,BAJRI,PULSES,0.0,0.0,0,50.81,100.0,0.0,0.0,0.32,0.0,0,0,8.8,159.93,60.11,47.07,72.16
24,4,1,1,278400,Kanediya,478.95,304,1598,816,782,70,35,35,0,0,0,1,1,0,0,0,0,0,0,3,0,0,0,0,1,0,3,0,0,0,0,0,0,0,0,3,0,0,0,0,3,1,0,0,0,0,0,0,0,1,0,2,1,2,2,1,2,2,2,2,2,,0,,1,1,0,0,0,2,0,1,1,0,0,2,2,0,2,0,3,0,3,2,0,3,0,3,0,3,2,0,3,0,3,0,3,1,1,1,2,2,2,KHERALU,22,1,0,0,0,1,1,N,M,1,2135,1982,WHEAT,BAJRI,PULSES,0.0,0.0,0,75.0,30.15,0.0,27.41,0.0,0.0,0,0,0.0,132.56,289.15,47.18,10.06
24,4,1,1,278500,Dharavania,232.39,124,679,346,333,0,0,0,0,0,0,1,1,0,0,0,0,0,0,3,0,0,0,0,2,0,3,0,0,0,0,0,0,0,0,3,0,0,0,0,3,0,0,0,0,0,0,0,0,1,0,2,1,1,2,2,1,2,2,2,2,,0,,2,0,3,0,0,0,3,1,1,0,0,3,2,0,2,0,3,0,3,2,0,3,0,3,0,3,2,0,3,0,3,0,3,1,1,1,2,2,2,KHERALU,40,1,0,0,0,1,1,N,,1,875,900,BAJRI,WHEAT,COTTON,0.0,25.0,0,30.0,0.0,0.0,125.0,0.0,0.0,0,0,0.0,180.0,21.92,13.15,17.32
24,4,1,1,278600,Gamanpura,67.38,15,74,40,34,0,0,0,0,0,0,2,0,1,0,0,0,0,0,3,0,0,0,0,2,0,1,0,0,0,0,0,0,0,0,3,0,0,0,0,3,0,0,0,0,0,0,0,0,1,0,2,1,2,2,2,1,2,2,2,2,,0,,2,0,3,0,0,0,3,1,1,0,0,3,2,0,2,0,3,0,3,2,0,3,0,3,0,3,2,0,3,0,3,0,3,1,1,1,2,2,2,KHERALU,37,1,0,0,0,1,1,N,,2,0,0,BAJRI,WHEAT,COTTON,0.0,0.0,0,0.0,0.0,0.0,45.0,0.0,0.0,0,0,0.0,45.0,0.0,12.18,10.2
24,4,1,1,278700,Chhelpura,198.18,77,460,229,231,0,0,0,0,0,0,1,1,0,0,0,0,0,0,3,0,0,0,0,2,0,3,0,0,0,0,0,0,0,0,3,0,0,0,0,3,0,0,0,0,0,0,0,0,1,0,2,1,2,2,2,1,2,2,2,2,,0,,2,0,3,0,0,0,1,1,1,0,0,3,2,0,2,0,3,0,3,2,0,3,0,3,0,3,2,0,3,0,3,0,3,1,1,1,2,2,2,KHERALU,40,1,0,0,0,1,1,N,,2,0,0,BAJRI,WHEAT,COTTON,0.0,53.82,0,10.0,30.0,0.0,0.0,0.0,0.0,0,0,0.0,93.82,10.82,45.48,48.06
24,4,1,1,278800,Kevdasan,171.18,55,293,141,152,0,0,0,0,0,0,1,1,0,0,0,0,0,0,3,0,0,0,0,2,0,3,0,0,0,0,0,0,0,0,3,0,0,0,0,3,0,0,0,0,0,0,0,0,1,0,2,1,2,2,2,1,2,2,2,2,,0,,2,0,3,0,0,0,1,1,1,0,0,3,2,0,2,0,3,0,3,2,0,3,0,3,0,3,2,0,3,0,3,0,3,1,1,1,2,2,2,KHERALU,26,1,0,0,0,1,1,N,,1,835,1000,BAJRI,WHEAT,COTTON,0.0,36.0,0,35.0,0.0,0.0,0.0,0.0,0.0,0,0,0.0,71.0,49.06,36.12,15.0
24,4,1,1,278900,Malapura,146.32,153,843,439,404,153,76,77,0,0,0,1,1,0,0,0,0,0,0,3,0,0,0,0,2,0,3,0,0,0,0,0,0,0,0,3,0,0,0,0,3,0,0,0,0,0,0,0,0,1,0,1,2,2,2,2,1,2,2,2,2,,0,,1,1,0,0,0,0,1,1,1,0,0,3,2,0,2,0,3,0,3,2,0,3,0,3,0,3,2,0,3,0,3,0,3,1,1,1,2,2,2,KHERALU,28,1,0,0,0,1,1,N,,2,0,0,BAJRI,WHEAT,COTTON,0.0,15.1,0,25.36,45.76,0.0,0.0,0.0,0.0,0,0,0.0,86.22,40.03,19.51,0.56
24,4,2,2,279000,Chansol,1119.15,578,2928,1497,1431,339,176,163,7,5,2,1,2,0,0,0,0,0,0,3,0,0,0,0,1,0,3,0,0,0,0,0,0,0,0,3,0,0,0,1,0,1,1,0,0,1,1,0,0,1,0,1,2,2,1,2,2,2,2,2,2,,0,,1,1,0,0,0,15,0,1,1,0,0,3,2,0,1,1,0,0,3,2,0,3,0,3,0,3,2,0,3,0,3,0,3,1,2,2,2,2,2,KHERALU,12,1,0,0,0,1,1,N,,1,1308,1247,WHEAT,PADDY,COTTON,0.0,0.0,0,0.0,0.0,0.0,288.11,0.0,0.0,0,0,0.0,288.11,712.81,108.67,9.56
24,4,2,2,279100,Dabhad,1163.25,826,4313,2211,2102,598,297,301,1,1,0,1,3,0,0,0,1,1,0,2,0,0,0,0,1,0,2,0,0,0,0,0,0,0,0,2,0,0,0,0,1,1,1,0,0,5,0,3,0,1,0,1,2,2,1,2,2,2,2,2,2,,0,,1,1,0,0,1,25,0,1,1,0,0,2,2,0,1,1,0,0,2,1,1,0,0,2,0,2,2,0,2,0,3,0,3,1,1,2,2,2,2,KHERALU,10,1,0,0,0,1,1,N,M,1,2169,1930,MUSTARD,CASTOR SEEDS,WHEAT,0.0,0.0,0,15.25,85.6,0.0,425.1,0.0,0.0,0,0,0.0,525.95,494.08,143.09,0.13
24,4,2,2,279200,Davol,522.09,415,1897,980,917,223,119,104,11,5,6,1,2,0,0,0,1,0,0,3,0,0,0,0,1,0,3,0,0,0,0,0,0,0,0,3,0,0,0,0,1,1,0,0,0,1,0,0,0,1,0,1,2,2,1,2,2,2,2,2,2,,0,,1,1,0,0,0,1,0,1,1,0,0,3,2,0,2,0,1,0,3,2,0,3,0,3,0,3,2,0,3,0,3,0,3,1,1,1,2,2,2,KHERALU,25,1,0,0,0,1,1,N,M,1,538,542,WHEAT,BAJRI,CASTOR SEEDS,0.0,0.0,0,24.14,170.14,0.0,169.87,0.0,0.0,0,0,0.0,364.15,75.71,25.73,56.5
24,4,2,2,279300,Varetha,628.41,378,1881,945,936,130,69,61,0,0,0,1,2,0,0,0,1,0,0,3,0,0,0,0,1,0,3,0,0,0,0,0,0,0,0,3,0,0,0,0,1,1,1,0,0,1,0,0,0,1,0,1,2,2,1,2,2,2,2,2,2,,0,,1,1,0,0,0,10,0,1,1,0,0,1,2,0,2,0,3,0,3,2,0,2,0,3,0,2,2,0,3,0,3,0,3,1,2,1,2,2,2,KHERALU,12,1,0,0,0,1,1,N,M,1,907,904,MUSTARD,COTTON,PULSES,0.0,0.0,0,130.0,180.0,0.0,5.0,0.0,0.0,0,0,0.0,315.0,225.0,55.87,32.54
24,4,2,2,279400,Dalisana,608.14,374,1873,985,888,256,133,123,0,0,0,1,1,0,0,0,0,0,0,3,0,0,0,0,1,0,3,0,0,0,0,0,0,0,0,2,0,0,0,0,1,1,1,0,0,1,0,0,0,1,0,1,2,2,1,2,2,2,2,2,2,,0,,1,1,0,0,0,10,0,1,1,0,0,3,2,0,2,0,1,0,3,1,1,0,0,3,0,3,2,0,3,0,3,0,3,1,2,2,2,2,2,KHERALU,11,1,0,0,0,1,1,N,M,1,252,239,GRAINS,OIL SEEDS,MILK,0.0,0.0,0,3.0,50.0,0.0,150.0,0.0,0.0,0,0,0.0,203.0,130.85,257.41,16.88
24,4,2,2,279500,Mahiyal,1160.97,291,1465,736,729,188,101,87,0,0,0,1,1,0,0,0,1,0,0,2,0,0,0,0,1,0,2,0,0,0,0,0,0,0,0,2,0,0,0,0,1,0,0,0,0,1,0,0,0,1,0,1,1,2,1,2,2,2,2,2,2,,0,,1,1,0,0,0,11,0,1,1,0,0,2,2,0,2,0,2,0,2,1,1,0,0,2,0,2,2,0,2,0,2,0,2,1,2,2,2,2,2,KHERALU,7,1,0,0,0,1,1,N,M,1,333,312,BAJRI,WHEAT,COTTON,0.0,0.0,0,0.0,90.0,0.0,201.0,0.0,0.0,0,0,0.0,291.0,22.47,827.5,20.0
24,4,2,2,279600,Sakari,70.9,280,1618,866,752,22,12,10,0,0,0,1,1,0,0,0,0,0,0,2,0,0,0,0,1,0,2,0,0,0,0,0,0,0,0,2,0,0,0,0,1,0,0,0,0,1,1,0,0,1,0,1,1,2,1,2,2,2,2,2,2,,0,,1,0,1,0,0,3,0,1,1,0,0,2,2,0,2,0,1,0,2,2,0,1,0,2,0,2,2,0,2,0,3,0,3,1,1,1,2,2,2,KHERALU,7,1,0,0,0,1,1,N,M,2,0,0,WHEAT,BAJRI,MUSTARD,0.0,0.0,0,0.0,5.01,0.0,25.0,0.0,0.0,0,0,0.0,30.01,3.56,35.02,2.31
24,4,2,2,279700,Fattepura(Khe),248.2,146,641,335,306,56,23,33,0,0,0,1,1,0,0,0,0,0,0,2,0,0,0,0,1,0,2,0,0,0,0,0,0,0,0,3,0,0,0,0,3,0,0,0,0,0,0,1,0,1,0,1,1,1,1,2,2,2,2,2,2,,0,,1,0,2,0,0,8,0,1,1,0,0,2,2,0,2,0,2,0,2,2,0,2,0,2,0,2,2,0,2,0,3,0,3,1,1,1,2,2,2,KHERALU,7,1,0,0,0,1,1,N,M,1,411,369,BAJRI,JOWAR,WHEAT,0.0,0.0,0,0.0,50.0,0.0,100.0,0.0,0.0,0,0,0.0,150.0,35.68,40.12,22.4
24,4,2,2,279800,Vithoda,781.08,585,2870,1442,1428,227,113,114,0,0,0,1,1,0,0,0,1,0,0,3,0,0,0,0,1,0,3,0,0,0,0,0,0,0,0,1,1,0,0,0,1,0,0,0,1,2,0,0,0,1,0,1,1,1,1,2,2,2,2,2,2,,0,,1,1,0,0,0,41,0,1,1,0,0,3,2,0,1,1,0,0,3,1,2,0,0,3,0,3,2,0,3,0,3,0,3,1,1,1,2,2,2,KHERALU,13,1,0,0,0,1,1,N,M,1,3244,3659,CASTOR SEEDS,WHEAT,BAJRI,0.0,0.0,0,80.0,286.0,0.0,151.06,0.0,0.0,0,0,0.0,517.06,111.0,107.48,45.54
24,4,2,2,279900,Vavdi (khe),459.12,271,1607,831,776,112,53,59,0,0,0,1,1,0,0,0,0,0,0,3,0,0,0,0,2,0,3,0,0,0,0,0,0,0,0,3,0,0,0,0,3,0,0,0,0,0,0,0,0,1,0,1,1,1,1,2,2,2,2,2,2,,0,,1,1,0,0,0,4,0,1,1,0,0,3,2,0,2,0,2,0,3,1,1,0,0,3,0,3,2,0,3,0,3,0,3,1,1,1,2,2,2,KHERALU,15,1,0,0,0,1,1,N,M,1,1003,912,BAJRI,MILK,,0.0,0.0,0,0.0,145.24,0.0,114.15,0.66,0.0,0,0,0.0,260.05,96.53,81.19,21.35
24,4,2,2,280000,Lunva,1432.08,853,4509,2358,2151,751,402,349,0,0,0,1,3,0,0,0,1,1,0,3,0,0,0,0,1,0,3,1,0,0,0,0,0,0,0,3,0,0,0,0,3,1,0,0,0,4,0,5,1,1,0,1,1,1,1,2,2,2,2,2,2,,0,,1,1,0,0,1,60,0,1,1,0,0,3,2,0,2,0,1,0,3,1,1,0,0,3,0,3,2,0,3,0,3,0,3,1,2,2,2,2,2,KHERALU,12,1,0,0,0,1,2,,,1,414,444,BAJRI,WHEAT,COTTON,0.0,0.0,0,0.0,410.5,0.0,450.1,0.0,0.0,0,0,0.0,860.6,450.0,120.34,1.14
24,4,2,2,280100,Mandali,1131.09,838,4463,2302,2161,437,225,212,0,0,0,1,1,0,0,0,0,0,0,3,0,0,0,0,1,0,3,0,0,0,0,0,0,0,0,3,0,0,0,0,3,1,1,0,0,4,0,5,0,1,0,1,1,1,1,1,2,2,2,2,2,,0,,1,1,0,0,0,10,0,1,1,0,0,3,2,0,1,1,0,0,3,2,0,3,0,3,0,3,2,0,3,0,3,0,3,1,1,1,2,2,2,KHERALU,12,1,0,0,0,1,1,N,M,1,237,224,GRAINS,MUSTARD,PULSES,0.0,0.0,0,15.0,150.0,0.0,750.0,0.0,0.0,0,0,0.0,915.0,94.0,92.48,29.61
24,4,2,2,280200,Panchha,863.81,450,2474,1279,1195,349,180,169,0,0,0,1,1,0,0,0,0,0,0,3,0,0,0,0,1,0,3,0,0,0,0,0,0,0,1,0,0,0,0,1,0,1,0,0,0,0,0,0,0,1,0,1,1,1,1,2,2,2,2,2,2,,0,,1,0,1,0,0,1,0,1,1,0,0,3,2,0,2,0,1,0,3,1,2,0,0,3,0,3,2,0,3,0,3,0,3,1,2,2,2,2,2,KHERALU,12,1,0,0,0,1,1,N,M,1,7696,7663,SUGERCANE,JOWAR,BAJRI,0.0,0.0,0,0.0,350.0,0.0,150.0,0.0,0.0,0,0,0.0,500.0,310.7,0.0,53.11
24,4,2,2,280300,Balad,1219.44,491,2472,1315,1157,471,258,213,0,0,0,1,1,0,0,0,1,0,0,2,0,0,0,0,1,0,2,0,0,0,0,0,0,0,0,2,0,1,0,0,2,1,1,0,0,1,0,0,0,1,0,1,2,1,1,2,2,2,2,1,2,,0,,1,1,0,0,0,1,0,1,1,0,0,2,2,0,2,0,1,0,2,2,0,2,0,2,0,2,2,0,2,0,2,0,2,1,1,1,2,2,2,KHERALU,6,1,0,0,0,1,1,N,M,1,4000,2500,JOWAR,BAJRI,CASTOR SEEDS,0.0,0.0,0,0.0,20.0,0.0,300.0,0.0,0.0,0,0,0.0,320.0,732.26,161.02,6.16
24,4,2,2,280400,Shahpur (Santokpura),111.52,78,395,216,179,0,0,0,0,0,0,1,1,0,0,0,1,1,0,3,0,0,0,0,2,0,3,0,0,0,0,0,0,0,0,1,0,0,0,0,1,0,0,0,0,0,0,0,0,1,0,1,1,2,1,2,2,2,2,2,2,,0,,1,0,1,0,0,1,0,1,1,0,0,3,2,0,2,0,2,0,3,2,0,1,0,3,0,3,2,0,3,0,3,0,3,1,1,1,2,2,2,KHERALU,13,1,0,0,0,1,1,N,M,2,0,0,WHEAT,BAJRI,CASTOR SEEDS,0.0,0.0,0,10.0,17.0,0.0,44.29,0.0,0.0,0,0,0.0,71.29,25.0,10.2,5.03
24,4,2,2,280500,Mandropur,1011.31,427,2253,1170,1083,84,43,41,0,0,0,1,1,0,0,0,0,0,0,2,0,0,0,0,1,0,2,0,0,0,0,0,0,0,0,2,0,0,0,0,3,1,1,0,0,0,0,2,0,1,0,1,1,1,1,1,2,2,2,2,2,,0,,1,1,0,0,0,12,0,1,1,0,0,2,2,0,2,0,2,0,2,1,1,0,0,2,0,2,2,0,2,0,3,0,3,1,1,1,2,2,2,KHERALU,6,1,0,0,0,1,1,N,M,1,1852,1635,GRAINS,PULSES,MUSTARD,0.0,0.0,0,200.68,200.0,0.0,100.0,0.0,0.0,0,0,0.0,500.68,275.11,60.03,175.49
24,4,2,2,280600,Nandali,417.47,321,1819,933,886,219,121,98,0,0,0,1,2,0,0,0,0,0,0,2,0,0,0,0,2,0,2,0,0,0,0,0,0,0,0,2,0,0,0,0,3,0,0,0,0,0,0,0,0,1,0,1,2,2,1,2,2,2,2,2,2,,0,,1,0,1,0,0,6,0,1,1,0,0,2,2,0,2,0,2,0,1,1,1,0,0,2,0,2,2,0,2,0,3,0,3,1,2,2,2,2,2,KHERALU,5,1,0,0,0,1,1,N,,1,855,841,WHEAT,BAJRI,GRAMS,0.0,10.15,0,25.18,79.0,85.56,0.0,0.33,0.0,0,0,0.0,200.22,105.52,7.59,104.14
24,4,2,2,280700,Arathi,919.01,320,1557,799,758,199,109,90,5,1,4,1,1,0,0,0,0,0,0,3,0,0,0,0,2,0,3,0,0,0,0,0,0,0,0,3,0,0,0,0,2,0,0,0,0,0,0,0,0,1,0,2,1,1,2,2,2,2,2,2,2,,0,,1,0,1,0,0,15,0,1,1,0,0,1,2,0,2,0,3,0,3,1,0,1,1,0,0,3,2,0,3,0,3,0,3,2,1,2,2,2,2,KHERALU,11,1,0,0,0,1,1,N,M,1,1223,1072,GRAINS,MUSTARD,BAJRI,0.0,0.0,0,0.0,20.0,85.0,25.0,0.0,0.0,0,0,0.0,130.0,644.0,40.65,104.36
24,4,2,2,280800,Mahekubpura,214.29,145,771,388,383,0,0,0,0,0,0,1,1,0,0,0,0,0,0,3,0,0,0,0,2,0,3,0,0,0,0,0,0,0,0,1,0,0,0,0,1,0,0,0,0,0,0,0,0,1,0,1,2,2,1,2,2,2,2,2,2,,0,,2,0,1,0,0,0,1,1,1,0,0,3,2,0,2,0,3,0,3,2,0,1,0,3,0,3,2,0,3,0,3,0,3,1,1,2,2,2,2,KHERALU,14,1,0,0,0,1,1,N,M,1,412,390,GRAINS,PULSES,,0.0,0.0,0,0.0,15.0,40.0,0.0,0.0,0.0,0,0,0.0,55.0,88.72,41.1,29.47
24,4,2,2,280900,Dabhoda,1235.21,1369,7735,3967,3768,387,185,202,4,2,2,1,1,0,0,0,1,0,0,3,1,0,0,0,1,0,3,0,0,0,0,0,0,0,1,0,0,0,0,1,0,1,1,0,0,2,1,2,0,1,0,1,1,1,1,2,2,2,2,2,2,,0,,1,1,0,0,1,70,0,1,1,0,1,0,2,0,2,0,3,0,3,1,1,0,1,0,0,3,2,0,3,0,3,0,3,1,1,2,2,2,2,KHERALU,15,1,0,0,0,1,1,N,M,1,4238,3960,GRAINS,PULSES,CASTOR SEEDS,0.0,0.0,0,0.0,225.0,195.0,40.0,0.0,0.0,0,0,0.0,460.0,500.0,185.0,90.21
24,4,2,2,281000,Kuda,385.46,458,2752,1354,1398,17,8,9,0,0,0,1,3,0,0,0,0,0,0,3,0,0,0,0,1,0,3,0,0,0,0,0,0,0,0,3,0,0,0,0,1,0,0,0,0,1,0,0,0,1,0,1,1,1,1,1,2,2,2,2,2,,0,,1,0,1,0,0,25,0,1,1,0,0,1,2,0,2,0,3,0,3,1,1,0,0,3,0,3,2,0,3,0,3,0,3,1,1,1,2,2,2,KHERALU,14,1,0,0,0,1,1,N,M,1,182,186,GRAINS,PULSES,MUSTARD,0.0,0.0,0,0.0,200.0,0.0,0.0,0.0,0.0,0,0,0.0,200.0,160.0,15.25,10.21
24,4,2,2,281100,Nalu,307.94,234,1378,721,657,4,3,1,0,0,0,1,3,0,0,0,0,0,0,3,0,0,0,0,2,0,3,0,0,0,0,0,0,0,0,3,0,0,0,0,1,0,0,0,0,0,0,0,0,1,0,1,1,1,1,1,2,2,2,2,2,,0,,2,0,1,0,0,0,1,1,1,0,0,1,2,0,2,0,3,0,3,1,1,0,0,3,0,3,2,0,3,0,3,0,3,1,1,1,2,2,2,KHERALU,13,1,0,0,0,1,1,N,M,1,13,13,GRAINS,PULSES,MUSTARD,0.0,0.0,0,18.0,0.0,90.0,0.0,0.0,0.0,0,0,0.0,108.0,162.0,14.11,23.83
24,4,2,2,281200,Chotiya,412.38,259,1299,637,662,91,45,46,10,5,5,1,1,0,0,0,1,0,0,3,0,0,0,0,1,0,3,0,0,0,0,0,0,0,0,3,0,0,0,0,3,1,1,0,0,0,0,0,0,1,0,2,1,1,2,2,2,2,2,2,2,,0,,1,1,0,0,0,40,0,1,1,0,0,1,2,0,2,0,3,0,3,1,1,0,0,3,0,3,2,0,3,0,3,0,3,2,1,2,2,2,2,KHERALU,12,1,0,0,0,1,1,N,M,1,928,865,BAJRI,WHEAT,MUSTARD,0.0,0.0,0,25.0,22.0,37.0,15.04,0.0,0.0,0,0,0.0,99.04,262.34,20.0,31.0
24,4,2,2,281300,Lalawada,416.87,247,1351,677,674,18,8,10,0,0,0,1,1,0,0,0,0,0,0,2,0,0,0,0,1,0,2,0,0,0,0,0,0,0,0,2,0,0,0,0,3,0,0,0,0,0,0,2,0,1,0,1,1,2,2,2,2,2,2,2,2,,0,,2,0,2,0,0,0,2,1,1,0,0,1,2,0,2,0,2,0,2,2,0,2,0,2,0,2,2,0,2,0,2,0,2,2,1,2,2,2,2,KHERALU,6,1,0,0,0,1,1,N,M,1,812,782,GRAINS,PULSES,COTTON,0.0,0.0,0,0.0,0.0,0.0,0.0,0.0,0.0,0,0,0.0,0.0,335.65,56.35,24.87
24,4,2,2,281400,Nanivada,493.89,376,1860,976,884,223,120,103,0,0,0,1,1,0,0,0,0,0,0,2,0,0,0,0,1,0,2,0,0,0,0,0,0,0,0,2,0,0,0,0,2,1,0,0,0,0,0,0,0,1,0,1,1,1,1,2,2,2,2,2,2,,0,,1,1,0,0,0,2,0,1,1,0,0,1,2,0,2,0,2,0,2,2,0,2,0,2,0,2,2,0,2,0,2,0,2,1,1,1,2,2,2,KHERALU,7,1,0,0,0,1,1,N,M,1,128,131,BAJRI,WHEAT,COTTON,0.0,0.0,0,18.32,116.38,0.0,10.35,0.0,0.0,0,0,0.0,145.05,41.35,24.83,282.66
24,4,2,2,281500,Gajipur,242.58,199,1045,548,497,33,19,14,0,0,0,1,1,0,0,0,0,0,0,2,0,0,0,0,2,0,2,0,0,0,0,0,0,0,0,2,0,0,0,0,2,0,0,0,0,0,0,0,0,1,0,1,1,2,1,2,2,2,2,2,2,,0,,1,1,0,0,0,2,0,1,1,0,0,2,2,0,2,0,2,0,2,2,0,2,0,2,0,2,2,0,2,0,2,0,3,1,2,2,2,2,2,KHERALU,5,1,0,0,0,1,1,N,M,2,0,0,BAJRI,WHEAT,MUSTARD,0.0,0.0,0,43.1,65.16,0.0,0.0,0.0,0.0,0,0,0.0,108.26,65.1,10.61,58.61
24,4,2,2,281600,Suvariya,88.5,29,155,81,74,0,0,0,0,0,0,1,1,0,0,0,0,0,0,1,0,0,0,0,1,0,1,0,0,0,0,0,0,0,0,1,0,0,0,0,2,0,0,0,0,1,0,0,0,1,0,1,1,2,2,2,2,2,2,2,2,,0,,1,1,0,0,0,0,1,1,1,0,0,1,2,0,2,0,2,0,2,2,0,1,0,1,0,1,2,0,1,0,1,0,1,1,1,1,2,2,2,KHERALU,8,1,0,0,0,1,1,N,M,2,0,0,WHEAT,COTTON,BAJRI,0.0,0.0,0,0.0,0.0,0.0,48.5,0.0,0.0,0,0,0.0,48.5,20.41,4.41,15.18
24,4,2,2,281700,Malekpur (Khe),315.86,910,4862,2534,2328,69,34,35,0,0,0,1,1,0,0,0,0,0,0,1,0,0,0,0,1,0,1,0,0,0,0,0,0,0,0,1,0,0,0,0,3,0,1,0,0,0,0,0,0,1,0,1,1,1,1,2,2,2,2,2,2,,0,,1,0,1,0,0,1,0,1,1,0,0,1,2,0,2,0,1,0,1,2,0,1,0,1,0,1,2,0,1,0,1,0,1,1,2,2,2,2,2,KHERALU,4,1,0,0,0,1,2,,,1,2311,1980,BAJRI,WHEAT,COTTON,0.0,0.0,0,0.0,0.0,0.0,175.52,8.57,0.0,0,0,31.75,215.84,50.0,48.02,2.0
24,4,2,2,281800,Nani Hirvani,768.55,336,1758,906,852,428,224,204,0,0,0,1,1,0,0,0,0,0,0,2,0,0,0,0,1,0,2,0,0,0,0,0,0,0,0,2,0,0,0,0,3,1,0,0,0,1,0,1,0,1,0,1,2,2,1,2,2,2,2,2,2,,0,,1,0,1,0,0,10,0,1,1,0,0,2,2,0,2,0,2,0,2,1,1,0,0,2,0,2,2,0,2,0,3,0,3,1,2,2,2,2,2,KHERALU,8,1,0,0,0,1,1,N,M,1,1275,1104,GRAINS,PULSES,MUSTARD,0.0,0.0,0,0.0,150.0,0.0,302.5,0.0,0.0,0,0,0.0,452.5,250.0,40.01,26.04
24,4,2,2,281900,Moti Hirvani,867.58,270,1382,738,644,237,140,97,17,14,3,1,1,0,0,0,1,0,0,2,0,0,0,0,1,0,2,0,0,0,0,0,0,0,0,2,0,0,0,0,2,1,1,0,0,1,0,0,0,1,0,1,1,2,1,2,2,2,2,2,2,,0,,1,1,0,0,0,20,0,1,1,0,0,2,2,0,2,0,2,0,2,1,2,0,0,2,0,2,2,0,2,0,3,0,3,1,2,2,2,2,2,KHERALU,6,1,0,0,0,1,2,,,1,1147,1136,BAJRI,WHEAT,COTTON,0.0,179.89,0,0.0,35.14,0.0,220.1,0.0,0.0,0,0,0.0,435.13,325.51,98.74,8.2
24,4,2,2,282000,Machhava,775.84,269,1342,696,646,138,78,60,0,0,0,1,1,0,0,0,0,0,0,3,0,0,0,0,1,0,3,0,0,0,0,0,0,0,0,3,0,0,0,0,3,1,0,0,0,0,0,1,0,1,0,1,2,2,1,2,2,2,2,2,2,,0,,1,1,0,0,0,25,0,1,1,0,0,3,2,0,2,0,3,0,1,1,1,0,0,3,0,3,2,0,3,0,3,0,3,1,1,2,2,2,2,KHERALU,12,1,0,0,0,1,1,N,M,1,970,897,GRAINS,PULSES,COTTON,0.0,0.0,0,0.0,0.0,0.0,425.0,0.0,0.0,0,0,0.0,425.0,314.02,12.62,24.2
24,4,2,2,282100,Nortol,444.23,358,1899,991,908,118,56,62,0,0,0,1,1,0,0,0,0,0,0,3,0,0,0,0,1,0,3,0,0,0,0,0,0,0,0,3,0,0,0,0,3,0,0,0,0,0,0,2,0,1,0,1,1,1,1,2,2,2,2,2,2,,0,,1,0,1,0,0,61,0,1,1,0,0,3,2,0,2,0,3,0,3,2,0,3,0,3,0,3,2,0,3,0,3,0,3,2,1,2,2,2,2,KHERALU,15,1,0,0,0,1,1,N,M,1,1035,911,GRAINS,MUSTARD,VEGETABLES,0.0,0.0,0,0.0,0.0,0.0,0.0,0.0,0.0,0,0,0.0,0.0,315.0,105.0,24.23
24,4,2,2,282200,Chachariya,288.6,147,786,423,363,21,10,11,0,0,0,1,1,0,0,0,0,0,0,2,0,0,0,0,2,0,2,0,0,0,0,0,0,0,0,2,0,0,0,0,2,0,0,0,0,0,0,0,0,1,0,1,2,2,1,2,2,2,2,2,2,,0,,1,0,1,0,0,8,0,1,1,0,0,2,2,0,2,0,2,0,2,1,1,0,0,2,0,2,2,0,2,0,3,0,3,1,2,2,2,2,2,KHERALU,8,1,0,0,0,1,1,N,M,1,533,528,COTTON,GRAINS,PULSES,0.0,47.55,0,0.0,70.0,0.0,104.0,0.0,0.0,0,0,0.0,221.55,10.43,37.27,19.35
24,4,2,2,282300,Thangana,242.23,216,1010,523,487,80,41,39,0,0,0,1,1,0,0,0,0,0,0,1,0,0,0,0,1,0,1,0,0,0,0,0,0,0,0,1,0,0,0,0,2,0,0,0,0,1,0,0,0,1,0,1,2,2,1,2,2,2,2,2,2,,0,,1,0,1,0,0,12,0,1,1,0,0,1,2,0,2,0,1,0,1,2,0,1,0,1,0,1,2,0,1,0,3,0,3,1,2,2,2,2,2,KHERALU,4,1,0,0,0,1,1,N,M,1,114,115,GRAINS,PULSES,COTTON,0.0,29.0,0,0.0,50.0,0.0,50.0,0.0,0.0,0,0,0.0,129.0,70.5,33.27,9.46
24,4,2,2,282400,Gathaman,329.46,158,794,407,387,28,13,15,0,0,0,1,1,0,0,0,0,0,0,1,0,0,0,0,1,0,1,0,0,0,0,0,0,0,0,1,0,0,0,0,3,0,0,0,0,1,0,0,0,1,0,1,1,2,1,2,2,2,2,2,2,,0,,1,0,1,0,0,7,0,1,1,0,0,1,2,0,2,0,1,0,1,1,1,0,0,1,0,1,2,0,1,0,1,0,1,2,1,1,2,2,2,KHERALU,4,1,0,0,0,1,1,N,,1,38,37,BAJRI,MUSTARD,COTTON,0.0,0.0,0,95.0,0.0,0.0,23.06,0.0,0.0,0,0,60.06,178.12,105.36,25.33,20.65
24,4,2,2,282500,Malarpura,264.4,142,778,405,373,213,109,104,0,0,0,1,1,0,0,0,0,0,0,2,0,0,0,0,2,0,2,0,0,0,0,0,0,0,0,2,0,0,0,0,2,0,0,0,0,0,0,0,0,1,0,2,1,1,2,2,2,2,2,2,2,,0,,2,0,2,0,0,0,2,1,1,0,0,2,2,0,2,0,2,0,2,2,0,2,0,2,0,2,2,0,2,0,2,0,2,2,1,2,2,2,2,KHERALU,6,1,0,0,0,1,1,N,M,1,586,538,GRAINS,PULSES,COTTON,0.0,0.0,0,0.0,0.0,0.0,0.0,0.0,0.0,0,0,0.0,0.0,222.24,33.95,8.21
24,4,2,2,282600,Delvada,379.64,323,1863,925,938,164,80,84,0,0,0,1,1,0,0,0,0,0,0,3,0,0,0,0,2,0,3,0,0,0,0,0,0,0,0,3,0,0,0,0,3,0,0,0,0,0,0,0,0,1,0,1,1,2,2,2,2,2,2,2,2,,0,,1,1,0,0,0,0,3,1,1,0,0,3,2,0,2,0,3,0,3,1,1,0,0,3,0,3,2,0,3,0,3,0,3,1,2,2,2,2,2,KHERALU,12,1,0,0,0,1,1,N,,1,135,125,BAJRI,WHEAT,COTTON,0.0,0.0,0,150.0,120.0,0.0,0.0,0.0,0.0,0,0,0.0,270.0,41.85,46.68,21.11
24,4,2,2,282700,Rahemanpura,109.67,108,590,320,270,28,17,11,0,0,0,1,1,0,0,0,0,0,0,3,0,0,0,0,2,0,3,0,0,0,0,0,0,0,0,3,0,0,0,0,1,0,0,0,0,0,0,0,0,1,0,1,1,1,1,1,2,2,2,2,2,,0,,2,0,1,0,0,0,1,1,1,0,0,1,2,0,2,0,3,0,3,1,1,0,0,3,0,3,2,0,3,0,3,0,3,2,1,1,2,2,2,KHERALU,14,1,0,0,0,1,1,N,,2,0,0,GRAINS,PULSES,MUSTARD,0.0,0.0,0,20.0,0.0,18.0,0.0,0.0,0.0,0,0,0.0,38.0,54.15,9.15,8.37
24,4,2,2,282800,Sangathala,750.83,359,1858,968,890,269,138,131,8,4,4,1,1,0,0,0,0,0,0,3,0,0,0,0,1,0,3,0,0,0,0,0,0,0,0,3,0,0,0,0,3,1,0,0,0,1,0,0,0,1,0,1,1,2,2,2,2,2,2,2,2,,0,,1,1,0,0,0,12,0,1,1,0,0,3,2,0,2,0,3,0,3,1,1,0,0,3,0,3,2,0,3,0,3,0,3,1,2,2,2,2,2,KHERALU,14,1,0,0,0,1,1,N,,1,2479,2019,BAJRI,WHEAT,COTTON,0.0,0.0,0,0.0,200.86,0.0,280.0,0.0,0.0,0,0,0.0,480.86,200.0,40.02,29.95
24,4,2,2,282900,Chada,856.62,452,2035,1059,976,292,166,126,0,0,0,1,1,0,0,0,1,0,0,3,0,0,0,0,1,0,3,0,0,0,0,0,0,0,0,3,0,0,0,0,2,1,1,0,0,1,0,1,0,1,0,1,1,1,1,2,2,1,2,2,2,,0,,1,1,0,0,0,1,0,1,1,0,0,3,2,0,2,0,2,0,3,1,2,0,0,3,0,3,2,0,3,0,3,0,3,1,1,1,2,2,2,KHERALU,18,1,0,0,0,1,1,N,M,1,81,81,BAJRI,WHEAT,MUSTARD,0.0,150.0,0,10.5,50.94,0.0,0.0,0.0,0.0,0,0,0.0,211.44,35.0,73.94,536.24
24,4,2,2,283000,Dedasan,446.91,176,799,401,398,0,0,0,0,0,0,1,1,0,0,0,0,0,0,3,0,0,0,0,2,0,3,0,0,0,0,0,0,0,0,3,0,0,0,0,3,0,0,0,0,0,0,0,0,1,0,2,1,2,1,2,2,2,2,2,2,,0,,1,0,3,0,0,2,0,1,1,0,0,3,2,0,2,0,1,0,3,2,0,3,0,3,0,3,2,0,3,0,3,0,3,1,1,1,2,2,2,KHERALU,21,1,0,0,0,1,1,N,M,1,65,75,BAJRI,WHEAT,COTTON,0.0,0.0,0,0.0,0.0,0.0,214.33,0.0,0.0,0,0,0.0,214.33,34.89,73.94,123.75
24,4,2,2,283100,Amarpura,127.57,54,267,139,128,0,0,0,0,0,0,1,1,0,0,0,0,0,0,3,0,0,0,0,2,0,3,0,0,0,0,0,0,0,0,3,0,0,0,0,3,0,0,0,0,0,0,0,0,1,0,1,1,1,2,2,2,1,2,2,2,,0,,1,0,1,0,0,3,0,1,1,0,0,3,2,0,2,0,1,0,3,1,0,1,0,3,1,0,2,0,3,0,3,0,3,1,2,1,2,2,2,KHERALU,18,1,0,0,0,1,1,N,M,2,0,0,WHEAT,BAJRI,MUSTARD,0.0,25.0,0,8.83,10.0,0.0,0.0,0.0,0.0,0,0,0.0,43.83,54.0,23.0,6.74
24,4,2,2,283200,Vaghvadi,964.21,341,1710,909,801,310,174,136,12,8,4,1,1,0,0,0,0,0,0,3,0,0,0,0,1,0,3,0,0,0,0,0,0,0,0,3,0,0,0,0,3,1,0,0,0,1,0,0,0,1,0,1,1,1,2,2,2,1,2,2,2,,0,,1,1,0,0,0,12,0,1,1,0,0,3,2,0,1,1,0,0,3,2,0,3,0,3,0,3,2,0,3,0,3,0,3,1,1,2,2,2,2,KHERALU,15,1,0,0,0,1,2,,,1,47,43,GRAINS,PULSES,MUSTARD,0.0,53.0,0,0.0,0.0,0.0,192.0,0.0,0.0,0,0,0.0,245.0,586.47,100.0,32.74
24,4,2,2,283300,Gorisana,805.19,437,2177,1099,1078,389,204,185,37,20,17,1,1,0,0,0,1,0,0,2,0,0,0,0,1,0,2,0,0,0,0,0,0,0,0,2,0,0,0,0,3,1,1,0,0,1,0,0,0,1,0,1,2,2,1,2,2,2,2,2,2,,0,,1,1,0,0,0,7,0,1,1,0,0,2,2,0,2,0,1,0,1,1,1,0,0,2,0,2,2,0,2,0,3,0,3,1,2,2,2,2,2,KHERALU,5,1,0,0,0,1,1,N,M,1,862,854,COTTON,WHEAT,BAJRI,0.0,0.0,0,14.0,0.0,413.0,0.0,0.0,0.0,0,0,0.0,427.0,257.0,82.54,38.65
24,4,2,2,283400,Ambavada,619.88,289,1457,776,681,158,93,65,0,0,0,1,1,0,0,0,0,0,0,1,0,0,0,0,1,0,1,0,0,0,0,0,0,0,0,1,0,0,0,0,1,0,0,0,0,0,0,1,0,1,0,1,2,2,1,2,2,2,2,2,2,,0,,1,1,0,0,0,3,0,1,1,0,0,1,2,0,2,0,2,0,1,2,0,1,0,1,0,1,2,0,1,0,1,0,3,1,2,2,2,2,2,KHERALU,5,1,0,0,0,1,2,,,1,31,28,GRAINS,PULSES,MUSTARD,0.0,0.0,0,35.0,0.0,0.0,85.36,0.0,0.0,0,0,0.0,120.36,400.0,30.32,69.2
24,4,2,2,283500,Samoja,361.33,143,682,353,329,93,43,50,0,0,0,1,1,0,0,0,0,0,0,1,0,0,0,0,1,0,1,0,0,0,0,0,0,0,0,1,0,0,0,0,1,0,0,0,0,1,0,0,0,1,0,1,2,2,1,2,2,2,2,2,2,,0,,1,0,1,0,0,5,0,1,1,0,0,1,2,0,2,0,2,0,2,1,2,0,0,1,0,1,2,0,1,0,1,0,3,1,1,1,2,2,2,KHERALU,5,1,0,0,0,1,1,N,M,1,265,161,BAJRI,WHEAT,COTTON,0.0,0.0,0,20.0,68.0,0.0,188.13,5.0,0.0,0,0,0.0,281.13,35.85,42.11,2.24
24,4,2,2,283600,Rasulpur,343.76,179,1018,482,536,57,26,31,0,0,0,1,1,0,0,0,0,0,0,1,0,0,0,0,1,0,1,0,0,0,0,0,0,0,0,1,0,0,0,0,1,0,0,0,0,0,0,1,0,1,0,1,2,2,1,2,2,2,2,2,2,,0,,1,1,0,0,0,8,0,1,1,0,0,1,2,0,2,0,2,0,2,1,1,0,0,3,0,3,2,0,3,0,3,0,3,1,1,1,2,2,2,KHERALU,5,1,0,0,0,1,1,N,M,1,340,329,WHEAT,BAJRI,MUSTARD,0.0,0.0,0,0.0,0.0,0.0,258.82,0.0,0.0,0,0,0.0,258.82,40.0,34.0,10.94
24,4,2,2,283700,Sadikpur,145.81,100,583,299,284,43,23,20,0,0,0,1,1,0,0,0,0,0,0,1,0,0,0,0,1,0,1,0,0,0,0,0,0,0,0,1,0,0,0,0,1,0,0,0,0,1,0,0,0,1,0,1,2,2,1,2,2,2,2,2,2,,0,,1,1,0,0,0,4,0,1,1,0,0,1,2,0,2,0,1,0,1,2,0,1,0,1,0,1,2,0,1,0,3,0,3,1,1,1,2,2,2,KHERALU,4,1,0,0,0,1,1,N,M,1,265,161,BAJRI,COTTON,WHEAT,0.0,0.0,0,0.0,54.9,0.0,58.68,0.0,0.0,0,0,0.0,113.58,21.89,5.72,4.62
24,4,2,2,283800,Limbdi,347.33,256,1339,722,617,21,11,10,0,0,0,1,1,0,0,0,0,0,0,2,0,0,0,0,1,0,2,0,0,0,0,0,0,0,0,2,0,0,0,0,1,0,0,0,0,1,0,0,0,1,0,1,1,2,1,2,2,2,2,2,2,,0,,1,0,2,0,0,1,0,1,1,0,0,2,2,0,2,0,2,0,2,2,0,2,0,2,0,2,2,0,3,0,3,0,3,1,1,1,2,2,2,KHERALU,6,1,0,0,0,1,1,N,,1,911,872,BAJRI,WHEAT,COTTON,0.0,99.89,0,0.0,65.41,0.0,71.17,0.0,0.0,0,0,0.0,236.47,54.37,37.33,19.16
24,4,2,2,283900,Unad,1010.99,525,2623,1334,1289,299,147,152,0,0,0,1,1,0,0,0,1,0,0,3,0,0,0,0,1,0,3,0,0,0,0,0,0,0,0,3,0,0,0,0,2,1,0,0,0,2,0,1,0,1,0,1,1,1,1,2,2,2,2,2,2,,0,,1,1,0,0,0,15,0,1,1,0,0,3,2,0,2,0,3,0,3,1,1,0,0,3,0,3,2,0,3,0,3,0,3,1,2,2,2,2,2,VADNAGAR,18,1,0,0,0,1,1,N,M,1,2801,2784,GRAINS,OIL SEEDS,,0.0,240.0,0,0.0,10.0,0.0,10.99,0.0,0.0,0,0,0.0,260.99,590.0,0.0,160.0
24,4,2,2,284000,Madhasana,494.7,334,1596,814,782,0,0,0,3,0,3,1,1,0,0,0,1,0,0,3,0,0,0,0,1,0,3,0,0,0,0,0,0,0,1,0,0,0,0,0,2,0,0,0,0,1,0,0,0,1,0,1,1,1,1,2,2,1,2,2,2,,0,,1,1,0,0,0,1,0,1,1,0,0,3,2,0,2,0,2,0,2,1,1,0,0,2,0,2,2,0,3,0,3,0,3,1,2,2,2,2,2,VADNAGAR,15,1,0,0,0,1,1,N,M,1,1010,980,TOBACCO,WHEAT,BAJRI,0.0,132.11,0,0.0,75.0,0.0,35.0,0.0,0.0,0,0,0.0,242.11,208.12,10.85,33.62
24,4,3,3,284100,Lindi,92.05,75,342,171,171,44,25,19,0,0,0,1,1,0,0,0,0,0,0,3,0,0,0,0,2,0,3,0,0,0,0,0,0,0,0,3,0,0,0,0,3,0,0,0,0,0,0,0,0,1,0,1,2,2,1,2,2,2,2,2,2,,0,,1,1,0,0,0,10,0,1,1,0,0,2,2,0,2,0,2,0,2,1,1,0,1,0,0,2,2,0,3,0,3,0,3,1,1,2,2,2,2,UNJHA,12,1,0,0,0,1,1,N,M,1,491,479,WHEAT,MUSTARD,TOBACCO,0.0,0.0,0,0.0,0.0,0.0,70.74,0.0,0.0,0,0,0.0,70.74,10.24,0.0,11.07
24,4,3,3,284200,Visol,330.77,641,3445,1746,1699,201,105,96,0,0,0,1,1,0,0,0,0,0,0,2,0,0,0,0,1,0,2,0,0,0,0,0,0,0,0,2,0,0,0,0,3,1,1,0,0,0,0,0,0,1,0,1,2,2,1,2,2,2,2,2,2,,0,,1,1,0,0,0,12,0,1,1,0,0,2,2,0,2,0,1,0,1,1,1,0,0,1,1,0,2,0,2,0,3,0,3,1,2,2,2,2,2,UNJHA,10,1,0,0,0,1,1,N,M,1,2672,2388,BAJRI,JOWAR,WHEAT,0.0,0.0,0,0.0,0.0,0.0,300.0,0.0,0.0,0,0,0.0,300.0,2.08,4.69,24.0
24,4,3,3,284300,Varvada,996.36,675,3417,1793,1624,529,281,248,0,0,0,1,1,0,0,0,1,0,0,2,0,0,0,0,1,0,2,0,0,0,0,0,0,0,0,2,0,0,0,0,2,1,0,0,0,0,0,0,0,1,0,1,2,2,1,2,2,2,2,2,2,,0,,1,1,0,0,0,50,0,1,1,0,0,2,2,0,2,0,1,0,1,1,1,0,1,0,1,0,2,0,2,0,3,0,3,1,2,2,2,2,2,UNJHA,10,1,0,0,0,1,1,N,M,1,2258,2269,MUSTARD,VEGETABLES,OIL SEEDS,0.0,0.0,0,0.0,5.0,450.0,0.0,0.0,0.0,0,0,0.0,455.0,472.81,46.86,21.69
24,4,3,3,284400,Brahmanvada,701.94,1260,6014,3088,2926,274,140,134,3,2,1,1,2,0,0,0,1,1,0,2,0,0,0,0,1,0,2,0,0,0,0,0,0,0,0,2,0,0,0,0,1,1,1,0,0,2,0,0,0,1,0,1,2,2,1,2,2,2,2,2,2,,0,,1,1,0,0,1,350,0,1,1,0,0,1,2,0,1,1,0,1,0,1,1,0,1,0,1,0,2,0,2,0,3,0,3,1,2,2,2,2,2,UNJHA,7,1,0,0,0,1,1,N,M,1,3355,3802,WHEAT,MUSTARD,BAJRI,0.0,0.0,0,0.0,0.0,0.0,435.0,0.0,0.0,0,0,0.0,435.0,101.0,101.0,64.94
24,4,3,3,284500,Kamli,1595.41,1365,6508,3347,3161,240,136,104,4,2,2,1,2,0,0,0,1,1,0,2,0,0,0,0,1,0,2,0,0,0,0,0,0,0,1,0,0,0,0,1,0,2,1,0,0,2,0,0,0,1,0,1,2,2,1,2,2,2,2,2,2,,0,,1,1,0,0,0,15,0,1,1,0,1,0,2,0,1,1,0,1,0,1,1,0,1,0,0,2,2,0,2,0,3,0,3,1,2,2,2,2,2,UNJHA,8,1,0,0,0,1,1,N,M,1,3019,3019,WHEAT,CASTOR OIL,MUSTARD,0.0,0.0,0,0.0,0.0,0.0,950.0,0.0,0.0,0,0,0.0,950.0,450.0,175.0,20.41
24,4,3,3,284600,Jagannathpura,464.32,357,1853,919,934,216,103,113,0,0,0,1,1,0,0,0,0,0,0,2,0,0,0,0,1,0,2,0,0,0,0,0,0,0,0,2,0,0,0,0,1,1,1,0,0,1,0,0,0,1,0,1,2,2,1,2,2,2,2,2,2,,0,,1,1,0,0,0,17,0,1,1,0,0,2,2,0,2,0,1,0,1,2,0,2,0,2,0,2,2,0,2,0,3,0,3,1,2,2,2,2,2,SIDHPUR,5,1,0,0,0,1,1,N,M,1,2725,2713,WHEAT,MUSTARD,OIL SEEDS,0.0,0.0,0,0.0,0.0,0.0,408.5,0.0,0.0,0,0,0.0,408.5,33.81,18.52,3.49
24,4,3,3,284700,Kahoda,1221.39,1442,6978,3523,3455,536,265,271,10,4,6,1,1,0,0,0,1,1,0,2,0,0,0,0,1,0,3,0,0,0,0,0,0,0,1,0,1,0,0,0,3,2,1,0,1,0,3,0,1,1,0,1,2,2,1,2,2,2,2,2,2,,0,,1,1,0,0,1,100,0,1,1,0,0,2,2,0,1,0,3,1,0,1,2,0,0,3,0,3,2,0,2,0,2,0,2,1,2,2,2,2,2,SIDHPUR,8,1,0,0,0,1,1,N,M,1,9426,7418,MUSTARD,WHEAT,BAJRI,0.0,0.0,0,0.0,0.0,750.0,0.0,0.0,0.0,0,0,0.0,750.0,286.56,72.8,112.03
24,4,3,3,284800,Khatasana,314.99,266,1218,631,587,30,18,12,0,0,0,1,1,0,0,0,1,0,0,2,0,0,0,0,2,0,2,0,0,0,0,0,0,0,0,2,0,0,0,0,1,0,0,0,0,0,0,0,0,1,0,1,2,2,1,2,2,2,2,2,2,,0,,1,0,2,0,0,12,0,1,1,0,0,2,2,0,2,0,2,0,2,1,1,0,1,0,0,2,2,0,2,0,3,0,3,1,2,1,2,2,2,SIDHPUR,10,1,0,0,0,1,1,N,M,1,144,147,WHEAT,BAJRI,MUSTARD,0.0,0.0,0,0.0,0.0,0.0,200.0,0.0,0.0,0,0,0.0,200.0,65.06,27.77,22.16
24,4,3,3,284900,Maherwada,665.14,549,2580,1299,1281,221,116,105,0,0,0,1,1,0,0,0,1,0,0,3,0,0,0,0,1,0,3,0,0,0,0,0,0,0,1,0,0,1,0,0,1,1,1,0,0,1,0,0,0,1,0,1,2,2,1,2,2,2,2,2,2,,0,,1,1,0,0,0,10,0,1,1,0,0,3,2,0,2,0,1,0,3,1,1,0,1,0,1,0,2,0,3,0,3,0,3,1,2,2,2,2,2,UNJHA,12,1,0,0,0,1,1,N,M,1,1595,1690,MUSTARD,VEGETABLES,LEMON,0.0,149.0,0,0.0,20.0,0.0,84.5,0.0,0.0,0,0,0.0,253.5,245.0,103.61,63.03
24,4,3,3,285000,Lihoda,194.48,118,555,271,284,0,0,0,0,0,0,1,1,0,0,0,1,0,0,2,0,0,0,0,2,0,2,0,0,0,0,0,0,0,0,1,0,0,0,0,1,0,0,0,0,0,0,0,0,1,0,1,2,2,1,2,2,2,2,2,2,,0,,1,0,1,0,0,18,0,1,1,0,0,2,2,0,2,0,2,0,2,1,0,1,1,0,0,1,2,0,2,0,3,0,3,1,2,2,2,2,2,UNJHA,10,1,0,0,0,1,1,N,M,1,1800,1730,COTTON,WHEAT,BAJRI,0.0,71.12,0,0.0,0.0,0.0,65.24,0.0,0.0,0,0,0.0,136.36,11.0,19.03,28.09
24,4,3,3,285100,Bhunav,630.24,806,3809,1957,1852,362,190,172,0,0,0,1,1,0,0,0,0,0,0,2,0,0,0,0,1,0,2,0,0,0,0,0,0,0,1,0,0,0,0,1,0,1,0,0,0,0,0,0,0,1,0,1,2,2,1,2,2,2,2,2,2,,0,,1,1,0,0,1,1,0,1,1,0,0,2,2,0,1,1,0,0,2,1,1,0,1,0,1,0,2,0,2,0,3,0,3,1,2,2,2,2,2,UNJHA,10,1,0,0,0,1,1,N,M,1,1204,1199,WHEAT,BAJRI,JOWAR,0.0,0.0,0,0.0,0.0,425.0,0.0,0.0,0.0,0,0,0.0,425.0,110.0,78.0,17.24
24,4,3,3,285200,Dasaj,1683.24,1093,5571,2829,2742,579,298,281,0,0,0,1,1,0,0,0,1,0,0,2,0,0,0,0,1,0,2,0,0,0,0,0,0,0,0,2,0,0,0,0,1,1,1,0,0,0,0,0,0,1,0,1,2,2,1,2,2,2,2,2,2,,0,,1,1,0,0,0,148,0,1,1,0,0,2,2,0,1,1,0,1,0,1,0,2,1,0,0,2,2,0,2,0,3,0,3,1,1,2,2,2,2,UNJHA,8,1,0,0,0,1,1,N,M,1,5600,4000,WHEAT,GROUNDNUT,MUSTARD,0.0,571.0,0,0.0,0.0,0.0,697.12,0.0,0.0,0,0,0.0,1268.12,175.08,95.0,145.04
24,4,3,3,285300,Maktupur,1254.63,1037,5138,2662,2476,483,248,235,8,5,3,1,1,0,0,0,1,1,0,1,0,0,0,0,1,0,1,0,0,0,0,0,0,0,0,1,0,0,0,0,3,1,0,0,0,2,0,0,0,1,0,1,2,2,1,2,2,2,2,2,2,,0,,1,1,0,0,0,50,0,1,1,0,0,1,2,0,1,1,0,1,0,1,1,0,1,0,1,0,2,0,1,0,3,0,3,1,2,2,2,2,2,UNJHA,4,1,0,0,0,1,1,N,M,1,8251,8070,TOBACCO,WHEAT,CASTOR SEEDS,0.0,0.0,0,0.0,0.0,0.0,764.0,0.0,0.0,0,0,0.0,764.0,357.99,64.15,68.49
24,4,3,3,285400,Tundav,850.49,997,4665,2413,2252,331,173,158,0,0,0,1,1,0,0,0,1,1,0,2,0,0,0,0,1,0,2,0,0,0,0,0,0,0,0,2,0,0,1,0,3,1,1,0,0,3,0,0,0,1,0,1,2,2,1,2,2,2,2,2,2,,0,,1,1,0,0,0,1,0,1,1,0,0,2,2,0,1,1,0,1,0,1,1,0,1,0,1,0,2,0,2,0,3,0,3,1,1,2,2,2,2,UNJHA,7,1,0,0,0,1,1,N,,1,5771,5070,TOBACCO,MUSTARD,WHEAT,0.0,0.0,0,0.0,0.0,0.0,575.0,0.0,0.0,0,0,0.0,575.0,194.0,40.19,41.3
24,4,3,3,285500,Amudh,688.44,475,2226,1150,1076,221,114,107,28,12,16,1,1,0,0,0,0,0,0,2,0,0,0,0,1,0,2,0,0,0,0,0,0,0,0,2,0,0,0,0,2,1,0,0,0,1,0,0,0,1,0,1,2,2,1,2,2,2,2,2,2,,0,,1,1,0,0,0,9,0,1,1,0,0,2,2,0,2,0,2,0,2,1,1,0,1,0,0,2,2,0,2,0,3,0,3,1,2,2,2,2,2,UNJHA,8,1,0,0,0,1,1,N,M,1,1500,1540,BAJRI,MUSTARD,JOWAR,0.0,0.0,0,0.0,0.0,0.0,612.58,0.0,0.0,0,0,0.0,612.58,0.0,33.95,41.91
24,4,3,3,285600,Sunak,765.43,699,3274,1636,1638,568,277,291,0,0,0,1,1,0,0,0,1,0,0,2,0,0,0,0,1,0,2,0,0,0,0,0,0,0,0,2,0,0,0,0,2,0,0,0,0,1,0,0,0,1,0,1,2,2,1,2,2,2,2,2,2,,0,,1,1,0,0,0,70,0,1,1,0,0,2,2,0,1,1,0,0,2,2,0,2,0,2,0,2,2,0,2,0,2,0,2,1,2,2,2,2,2,UNJHA,8,1,0,0,0,1,1,N,M,1,3880,3826,WHEAT,BAJRI,CASTOR OIL,0.0,0.0,0,0.0,0.0,0.0,609.66,0.0,0.0,0,0,0.0,609.66,48.34,42.09,65.34
24,4,3,3,285700,Dabhi,998.03,971,4971,2560,2411,175,92,83,0,0,0,1,1,0,0,0,0,0,0,2,0,0,0,0,2,0,2,0,0,0,0,0,0,0,0,2,0,0,0,0,3,0,0,0,0,0,0,0,0,1,0,1,2,2,1,2,2,2,2,2,2,,0,,1,1,0,0,0,90,0,1,1,0,0,2,2,0,2,0,2,0,2,2,0,2,0,2,0,2,2,0,2,0,3,0,3,1,2,2,2,2,2,UNJHA,7,1,0,0,0,1,1,N,M,1,3940,2989,WHEAT,JEERU,MUSTARD,0.0,0.0,0,0.0,200.0,0.0,600.0,0.0,0.0,0,0,0.0,800.0,74.75,107.43,15.85
24,4,3,3,285800,Shihi,282.1,669,3275,1704,1571,243,137,106,0,0,0,1,1,0,0,0,1,0,0,1,0,0,0,0,1,0,1,0,0,0,0,0,0,0,0,1,0,0,0,0,2,1,1,0,0,1,0,0,0,1,0,1,1,1,1,2,2,2,2,2,2,,0,,1,1,0,0,0,100,0,1,1,0,0,1,2,0,2,0,1,0,1,2,0,2,0,1,0,1,2,0,1,0,3,0,3,1,2,2,2,2,2,UNJHA,3,1,0,0,0,1,1,N,M,1,2360,2380,MUSTARD,WHEAT,JEERU,0.0,0.0,0,0.0,0.0,0.0,200.38,0.0,0.0,0,0,0.0,200.38,23.02,22.37,36.33
24,4,3,3,285900,Bhankhar,1180.03,539,3280,1676,1604,202,108,94,0,0,0,1,1,0,0,0,0,0,0,2,0,0,0,0,2,0,2,0,0,0,0,0,0,0,0,2,0,0,0,0,2,0,0,0,0,0,0,0,0,1,0,1,2,2,1,2,2,2,2,2,2,,0,,1,1,0,0,0,7,0,1,1,0,0,2,2,0,2,0,2,0,2,2,0,2,0,2,0,2,2,0,2,0,3,0,3,1,1,2,2,2,2,UNJHA,7,1,0,0,0,1,1,N,M,1,3468,3474,WHEAT,MUSTARD,CASTOR SEEDS,0.0,0.0,0,0.0,50.0,0.0,820.77,0.0,0.0,0,0,0.0,870.77,189.16,74.73,45.37
24,4,3,3,286000,Ranchhodpura,553.02,648,3246,1675,1571,36,19,17,0,0,0,1,2,0,0,0,1,0,0,2,0,0,0,0,1,0,2,0,0,0,0,0,0,0,0,2,0,0,0,0,2,1,1,0,0,1,0,0,0,1,0,1,2,2,1,2,2,2,2,2,2,,0,,1,1,0,0,0,20,0,1,1,0,0,2,2,0,2,0,2,0,2,1,1,0,1,0,0,2,2,0,2,0,2,0,2,1,1,1,2,2,2,UNJHA,10,1,0,0,0,1,1,N,M,1,1823,1751,WHEAT,BAJRI,TOBACCO,0.0,0.0,0,0.0,158.34,0.0,300.0,0.0,0.0,0,0,0.0,458.34,12.59,71.92,10.17
24,4,3,3,286100,Upera,2269.18,1283,6403,3339,3064,554,302,252,0,0,0,1,1,0,0,0,1,1,0,3,0,0,0,0,1,0,3,0,0,0,0,0,0,0,1,0,0,0,0,1,0,1,1,0,0,4,0,0,0,1,0,1,1,1,1,2,2,2,2,2,2,,0,,1,1,0,0,0,1,0,1,1,0,0,3,2,0,1,0,3,1,0,1,1,0,1,0,1,0,2,0,3,0,3,0,3,1,1,1,2,2,2,UNJHA,15,1,0,0,0,1,1,N,M,1,4341,4434,WHEAT,BAJRI,COTTON,0.0,0.0,0,0.0,0.0,0.0,1740.21,0.0,0.0,0,0,0.0,1740.21,407.26,108.59,13.12
24,4,3,3,286200,Karanpur,847.97,318,1439,703,736,14,5,9,0,0,0,1,1,0,0,0,0,0,0,3,0,0,0,0,2,0,3,0,0,0,0,0,0,0,0,3,0,0,0,0,1,0,0,0,0,0,0,0,0,1,0,1,2,2,1,2,2,2,2,2,2,,0,,1,1,0,0,0,32,0,1,1,0,0,3,2,0,2,0,1,0,1,1,1,0,1,0,0,3,2,0,3,0,3,0,3,1,1,1,2,2,2,UNJHA,12,1,0,0,0,1,1,N,M,1,1029,1025,BAJRI,WHEAT,MUSTARD,0.0,0.0,0,0.0,0.0,0.0,493.95,0.0,0.0,0,0,0.0,493.95,259.31,42.33,52.38
24,4,3,3,286300,Karli,1602.83,894,4254,2136,2118,442,211,231,0,0,0,1,1,0,0,0,1,1,0,2,0,0,0,0,1,0,2,0,0,0,0,0,0,0,1,0,1,0,0,0,1,1,0,0,0,2,0,0,0,1,0,1,1,2,1,2,2,2,2,2,2,,0,,1,1,0,0,0,10,0,1,1,0,0,2,2,0,1,1,0,1,0,1,1,0,1,0,0,2,2,0,2,0,3,0,3,1,2,2,2,2,2,UNJHA,10,1,0,0,0,1,1,N,M,1,3974,3967,BAJRI,WHEAT,COTTON,0.0,57.0,0,46.0,8.0,0.0,1160.0,0.0,0.0,0,0,0.0,1271.0,304.97,14.8,12.06
24,4,3,3,286400,Hajipur,264.48,339,1426,733,693,154,86,68,0,0,0,1,1,0,0,0,1,0,0,2,0,0,0,0,1,0,2,0,0,0,0,0,0,0,0,2,0,0,0,0,2,0,0,0,0,2,0,0,0,1,0,1,2,2,1,2,2,2,2,2,2,,0,,1,1,0,0,0,100,0,1,1,0,0,2,2,0,2,0,2,0,2,1,1,0,0,2,0,2,2,0,2,0,3,0,3,1,2,2,2,2,2,UNJHA,10,1,0,0,0,1,1,N,M,1,2728,2728,WHEAT,CASTOR SEEDS,BAJRI,0.0,25.0,0,0.0,0.0,0.0,96.3,0.0,0.0,0,0,0.0,121.3,108.34,5.25,29.59
24,4,3,3,286500,Vanagla,782.97,585,3218,1688,1530,470,249,221,0,0,0,1,1,0,0,0,1,0,0,2,0,0,0,0,1,0,2,0,0,0,0,0,0,0,0,2,0,0,0,0,1,1,1,0,0,1,0,0,0,1,0,1,2,2,1,2,2,2,2,2,2,,0,,1,1,0,0,0,200,0,1,1,0,0,2,2,0,2,0,2,0,2,1,1,0,1,0,0,2,2,0,2,0,3,0,3,1,2,2,2,2,2,UNJHA,7,1,0,0,0,1,1,N,M,1,2473,2536,CASTOR SEEDS,WHEAT,BAJRI,0.0,0.0,0,0.0,0.0,0.0,523.44,0.0,0.0,0,0,0.0,523.44,188.65,59.17,11.71
24,4,3,3,286600,Aithor,2104.62,1769,8509,4372,4137,617,313,304,0,0,0,1,1,0,0,0,1,1,0,2,0,0,0,0,1,0,2,0,0,0,0,0,0,0,0,2,0,0,0,0,3,2,1,0,0,3,0,0,0,1,0,1,2,2,1,2,2,2,2,2,2,,0,,1,1,0,0,0,25,0,1,1,0,1,0,2,0,1,1,0,0,2,2,0,2,0,2,0,2,2,0,2,0,3,0,3,1,2,2,2,2,2,UNJHA,5,1,0,0,0,1,1,N,M,1,2790,2590,MUSTARD,CASTOR SEEDS,WHEAT,0.0,32.0,0,30.0,40.0,0.0,1213.0,0.0,0.0,0,0,0.0,1315.0,501.0,131.0,157.62
24,4,3,3,286700,Unava,2263.27,2404,12316,6337,5979,496,252,244,0,0,0,1,6,0,0,0,2,2,0,2,0,0,0,0,1,0,2,0,0,0,0,0,0,0,0,2,1,0,0,1,0,3,1,0,0,4,0,1,0,1,0,1,1,2,1,2,2,2,2,2,2,,0,,1,1,0,0,1,250,0,1,1,0,1,0,2,0,1,1,0,3,0,1,1,0,2,0,1,0,2,0,2,0,3,0,3,1,2,2,2,2,2,UNJHA,5,1,0,0,0,1,1,N,M,1,1378,1372,JOWAR,BAJRI,WHEAT,0.0,0.0,0,0.0,21.8,0.0,1510.2,0.0,0.0,0,0,0.0,1532.0,230.05,91.63,409.59
24,4,3,3,286800,Surpura,230.59,393,2367,1243,1124,84,49,35,0,0,0,1,1,0,0,0,0,0,0,2,0,0,0,0,2,0,2,0,0,0,0,0,0,0,0,2,0,0,0,0,1,0,0,0,0,0,0,0,0,1,0,1,2,2,1,2,2,2,2,2,2,,0,,1,1,0,0,0,3,0,1,1,0,0,2,2,0,2,0,2,0,1,1,0,1,1,0,0,1,2,0,2,0,3,0,3,1,2,2,2,2,2,UNJHA,10,1,0,0,0,1,1,N,M,1,1210,1207,MUSTARD,WHEAT,BAJRI,0.0,0.0,0,0.0,0.0,0.0,179.39,0.0,0.0,0,0,0.0,179.39,22.3,24.8,4.1
24,4,3,3,286900,Pali,528.95,381,1860,962,898,262,143,119,0,0,0,1,1,0,0,0,0,0,0,2,0,0,0,0,1,0,2,0,0,0,0,0,0,0,0,2,0,0,0,0,1,1,0,0,0,0,0,0,0,1,0,1,2,2,1,2,2,2,2,2,2,,0,,1,1,0,0,0,5,0,1,1,0,0,2,2,0,2,0,1,0,2,1,0,1,1,0,0,2,2,0,2,0,2,0,2,1,2,2,2,2,2,UNJHA,9,1,0,0,0,1,1,N,,1,1656,1681,WHEAT,BAJRI,MUSTARD,0.0,0.0,0,0.0,0.0,0.0,300.0,0.0,0.0,0,0,0.0,300.0,143.78,39.62,45.55
24,4,3,3,287000,Navapura,384.17,327,1560,803,757,227,112,115,0,0,0,1,1,0,0,0,0,0,0,2,0,0,0,0,1,0,2,0,0,0,0,0,0,0,0,2,0,0,0,0,1,1,0,0,0,0,0,0,0,1,0,1,2,2,1,2,2,2,2,2,2,,0,,1,0,1,0,0,6,0,1,1,0,0,2,2,0,2,0,1,0,2,1,1,0,1,0,0,2,2,0,2,0,2,0,2,1,2,2,2,2,2,UNJHA,10,1,0,0,0,1,1,N,,1,5881,5879,MUSTARD,WHEAT,JEERU,0.0,0.0,0,15.0,0.0,0.0,185.0,0.0,0.0,0,0,0.0,200.0,125.77,18.43,39.97
24,4,3,3,287100,Kanthravi,1513.09,955,4710,2473,2237,316,178,138,0,0,0,1,2,0,0,0,1,0,0,3,0,0,0,0,1,0,3,0,0,0,0,0,0,0,1,0,0,0,0,1,0,1,1,0,0,0,0,0,0,1,0,1,1,1,1,2,2,2,2,2,2,,0,,1,1,0,0,0,15,0,1,1,0,0,3,2,0,1,1,0,0,3,1,1,0,1,0,0,2,2,0,3,0,3,0,3,1,2,1,2,2,2,MAHESANA,25,1,0,0,0,1,1,N,M,1,8434,8208,WHEAT,BAJRI,MUSTARD,0.0,0.0,0,0.0,0.0,0.0,950.0,0.0,0.0,0,0,0.0,950.0,363.7,101.49,97.9
24,4,4,4,287200,Tarabh,1567.19,1075,5922,3070,2852,346,186,160,0,0,0,1,2,0,0,0,1,0,0,3,0,0,0,0,1,0,3,0,0,0,0,1,0,0,0,2,0,0,0,0,2,1,1,0,0,1,0,1,0,1,0,1,2,2,1,2,2,2,2,2,2,,0,,1,1,0,0,0,12,0,1,1,0,0,3,2,0,2,0,2,0,2,1,3,0,0,3,0,3,2,0,3,0,3,0,3,1,1,2,2,2,2,UNJHA,11,1,0,0,0,1,1,N,M,1,2629,2875,BAJRI,JOWAR,COTTON,15.0,200.0,0,0.0,0.0,0.0,1188.95,0.0,0.0,0,0,0.0,1388.95,0.0,158.9,4.34
24,4,4,4,287300,Denap,633.15,1377,6992,3676,3316,512,260,252,0,0,0,1,3,0,0,0,1,1,0,2,0,0,0,0,1,0,2,0,0,0,0,0,0,0,0,2,0,1,0,1,0,1,1,0,0,2,0,4,0,1,0,1,2,2,1,2,2,2,2,2,2,,0,,1,1,0,0,0,5,0,1,1,0,0,2,2,0,1,1,0,1,0,1,1,0,1,0,1,0,2,0,2,0,2,0,2,1,1,1,2,2,2,VISNAGAR,10,1,0,0,0,1,1,N,M,1,9265,6931,CASTOR SEEDS,COTTON,BAJRI,0.0,110.0,0,0.0,0.0,398.6,0.0,0.0,0.0,0,0,0.0,508.6,0.0,65.88,58.67
24,4,4,4,287400,Umta,3279.14,1701,7934,4127,3807,643,349,294,7,3,4,1,2,0,0,0,1,1,0,2,0,0,0,0,1,0,2,0,0,0,0,0,0,0,1,0,0,0,0,1,0,2,1,0,0,2,0,3,0,1,0,1,2,2,1,2,2,2,2,2,2,,0,,1,1,0,1,1,110,0,1,1,0,0,2,2,0,1,1,0,1,0,1,2,0,0,2,1,0,1,1,0,0,2,0,2,1,1,1,2,2,2,VISNAGAR,10,1,0,0,0,1,1,N,M,1,11139,12023,JOWAR,BAJRI,MUSTARD,0.0,1200.0,0,150.86,241.1,0.0,1170.8,0.0,0.0,0,0,0.0,2762.76,14.33,159.11,342.94
24,4,4,4,287500,Rangpur (Khe),396.7,335,1617,823,794,117,64,53,0,0,0,1,1,0,0,0,0,0,0,3,0,0,0,0,2,0,3,0,0,0,0,0,0,0,0,3,0,0,0,0,1,0,0,0,0,0,0,0,0,1,0,1,2,2,1,2,2,2,2,2,2,,0,,1,0,1,0,0,5,0,1,1,0,0,3,2,0,2,0,1,0,1,1,1,0,0,3,0,3,2,0,3,0,3,0,3,1,1,1,2,2,2,VISNAGAR,12,1,0,0,0,1,1,N,M,1,135,142,WHEAT,BAJRI,JOWAR,0.0,184.36,0,0.0,0.0,0.0,160.0,0.0,0.0,0,0,0.0,344.36,0.0,17.56,34.78
24,4,4,4,287600,Kiyadar,280.82,101,523,264,259,41,24,17,0,0,0,1,1,0,0,0,0,0,0,2,0,0,0,0,2,0,2,0,0,0,0,0,0,0,0,2,0,0,0,0,2,0,0,0,0,0,0,0,0,1,0,1,2,2,1,2,2,2,2,2,2,,0,,1,0,1,0,0,1,0,1,1,0,0,2,2,0,2,0,2,0,2,1,1,0,0,2,0,2,2,0,2,0,2,0,2,1,1,1,2,2,2,VISNAGAR,10,1,0,0,0,1,1,N,M,1,197,195,WHEAT,BAJRI,CASTOR SEEDS,0.0,30.0,0,0.0,0.0,0.0,169.04,0.0,0.0,0,0,0.0,199.04,35.0,35.13,11.65
24,4,4,4,287700,Hasanpur,237.4,315,1790,902,888,43,27,16,0,0,0,1,1,0,0,0,0,0,0,2,0,0,0,0,1,0,2,0,0,0,0,0,0,0,0,2,0,0,0,0,2,1,0,0,0,1,0,3,0,1,0,1,2,2,1,2,2,2,2,2,2,,0,,1,0,1,0,0,8,0,1,1,0,0,2,2,0,2,0,2,0,2,1,1,0,0,2,0,2,2,0,2,0,2,0,2,1,1,1,2,2,2,VISNAGAR,5,1,0,0,0,1,1,N,M,1,975,983,WHEAT,JOWAR,BAJRI,0.0,0.0,0,0.0,0.0,0.0,204.05,0.0,0.0,0,0,0.0,204.05,0.0,27.84,5.51
24,4,4,4,287800,Paldi,489.23,562,2907,1544,1363,516,282,234,0,0,0,1,1,0,0,0,0,0,0,1,0,0,0,0,1,0,1,0,0,0,0,0,0,0,0,1,0,0,0,0,2,1,1,0,0,1,0,1,0,1,0,1,2,2,1,2,2,2,2,2,2,,0,,1,1,0,0,0,1,0,1,1,0,0,1,2,0,2,0,1,0,1,1,1,0,0,1,0,1,2,0,1,0,1,0,1,1,1,1,2,2,2,VISNAGAR,4,1,0,0,0,1,1,N,M,1,1030,987,WHEAT,BAJRI,CASTOR SEEDS,0.0,25.0,0,0.0,0.0,0.0,346.6,0.0,0.0,0,0,0.0,371.6,40.0,39.27,38.36
24,4,4,4,287900,Chhogala,254.08,178,941,494,447,144,77,67,0,0,0,1,1,0,0,0,0,0,0,2,0,0,0,0,2,0,2,0,0,0,0,0,0,0,0,2,0,0,0,0,2,0,0,0,0,0,0,0,0,1,0,1,2,2,1,2,2,2,2,2,2,,0,,1,0,2,0,0,2,0,1,1,0,0,2,2,0,2,0,2,0,2,1,1,0,0,2,0,2,2,0,2,0,2,0,2,1,1,1,2,2,2,VISNAGAR,5,1,0,0,0,1,1,N,M,1,837,837,WHEAT,BAJRI,MUSTARD,0.0,0.0,0,0.0,0.0,0.0,224.09,0.0,0.0,0,0,0.0,224.09,0.0,28.67,1.32
24,4,4,4,288000,Khadalpur,415.06,360,1707,895,812,23,14,9,0,0,0,1,1,0,0,0,0,0,0,2,0,0,0,0,1,0,2,0,0,0,0,0,0,0,0,1,0,0,0,0,2,0,0,0,0,1,0,1,0,1,0,1,2,2,1,2,2,2,2,2,2,,0,,1,0,2,0,0,10,0,1,1,0,0,2,2,0,2,0,2,0,2,1,1,0,0,2,0,2,2,0,2,0,2,0,2,1,1,1,2,2,2,VISNAGAR,7,1,0,0,0,1,1,N,M,1,1171,1172,BAJRI,WHEAT,MUSTARD,0.0,42.0,0,0.0,14.0,0.0,258.0,0.0,0.0,0,0,0.0,314.0,10.0,59.0,32.06
24,4,4,4,288100,Mahamadpur,292.2,171,907,474,433,103,58,45,0,0,0,1,1,0,0,0,0,0,0,2,0,0,0,0,1,0,2,0,0,0,0,0,0,0,0,2,0,0,0,0,2,0,0,0,0,1,0,0,0,1,0,1,1,2,1,2,2,2,2,2,2,,0,,1,0,2,0,0,2,0,1,1,0,0,2,2,0,2,0,2,0,2,2,0,1,0,2,0,2,2,0,2,0,2,0,2,1,1,1,2,2,2,VISNAGAR,7,1,0,0,0,1,1,N,M,1,1114,1115,BAJRI,WHEAT,MUSTARD,0.0,38.0,0,0.0,10.0,0.0,163.0,0.0,0.0,0,0,0.0,211.0,15.0,32.0,34.2
24,4,4,4,288200,Kajialiyasana,339.58,169,988,479,509,68,33,35,0,0,0,1,1,0,0,0,0,0,0,2,0,0,0,0,1,0,2,0,0,0,0,0,0,0,0,2,0,0,0,0,2,0,0,0,0,1,1,3,0,1,0,1,2,2,1,2,2,2,2,2,2,,0,,1,1,0,0,0,12,0,1,1,0,0,2,2,0,2,0,2,0,2,1,1,0,0,2,0,2,2,0,2,0,2,0,2,1,1,1,2,2,2,VISNAGAR,6,1,0,0,0,1,1,N,M,1,1555,1815,BAJRI,COTTON,CASTOR SEEDS,0.0,0.0,0,0.0,0.0,0.0,274.79,0.0,0.0,0,0,0.0,274.79,0.0,42.07,22.72
24,4,4,4,288300,Khandosan,1273.97,753,4002,2120,1882,265,152,113,0,0,0,1,1,0,0,0,1,0,0,2,0,0,0,0,1,0,2,0,0,0,0,0,0,0,0,2,0,0,0,0,3,1,1,0,0,2,1,3,0,1,0,1,1,2,1,2,2,2,2,2,2,,0,,1,1,0,0,0,27,0,1,1,0,0,2,2,0,2,0,1,0,1,1,1,0,1,0,0,2,2,0,2,0,2,0,2,1,1,1,2,2,2,VISNAGAR,10,1,0,0,0,1,1,N,M,1,263,272,CASTOR SEEDS,COTTON,MUSTARD,10.0,115.1,0,0.0,225.35,107.15,507.0,0.0,0.0,0,0,0.0,954.6,114.0,89.44,105.93
24,4,4,4,288400,Jetalvasana,765.51,723,3417,1739,1678,542,280,262,0,0,0,1,1,0,0,0,1,0,0,3,0,0,0,0,1,0,3,0,0,0,0,0,0,0,0,3,0,0,0,0,3,1,1,0,0,2,0,2,0,1,0,1,2,2,1,2,2,2,2,2,2,,0,,1,1,0,0,0,27,0,1,1,0,0,1,2,0,1,0,1,1,0,1,1,0,0,3,0,3,2,0,3,0,3,0,3,1,1,1,2,2,2,UNJHA,10,1,0,0,0,1,1,N,M,1,4082,3252,MUSTARD,CASTOR SEEDS,COTTON,0.0,50.8,0,0.0,30.0,0.0,593.78,0.0,0.0,0,0,0.0,674.58,0.0,78.31,12.62
24,4,4,4,288500,Bokarvada,537.28,579,2844,1449,1395,37,18,19,0,0,0,1,1,0,0,0,1,0,0,3,0,0,0,0,1,0,3,0,0,0,0,0,0,0,0,3,0,0,0,0,3,1,1,0,0,1,0,1,0,1,0,1,1,1,1,2,2,2,2,2,2,,0,,1,1,0,0,0,50,0,1,1,0,0,3,2,0,2,0,3,0,3,1,1,0,0,3,0,3,2,0,3,0,3,0,3,1,1,1,2,2,2,UNJHA,15,1,0,0,0,1,1,N,M,1,1820,1821,COTTON,CASTOR SEEDS,JEERU,0.0,0.0,0,0.0,0.0,0.0,453.71,0.0,0.0,0,0,0.0,453.71,0.0,63.13,20.44
24,4,4,4,288600,Bhandu,2429.31,1432,7186,3733,3453,392,209,183,16,9,7,1,2,0,0,0,2,1,0,3,0,0,0,0,1,1,0,0,0,0,0,0,0,0,1,0,1,0,0,0,3,2,1,0,0,2,0,4,0,1,0,1,1,2,1,2,2,2,2,2,2,,0,,1,1,0,1,1,80,0,1,1,0,1,0,2,0,1,1,0,1,0,1,1,0,0,3,0,3,1,1,0,0,3,0,3,1,1,1,2,2,2,MAHESANA,12,1,0,0,0,1,1,N,M,1,5246,5809,MUSTARD,CASTOR SEEDS,BAJRI,10.0,0.0,0,0.0,90.5,0.0,2014.5,0.0,0.0,0,0,0.0,2105.0,143.0,135.05,36.26
24,4,4,4,288700,Vadu,324.61,506,2646,1340,1306,153,79,74,0,0,0,1,1,0,0,0,0,0,0,3,0,0,0,0,1,0,3,0,0,0,0,0,0,0,0,3,0,0,0,0,1,1,1,0,0,0,0,0,0,1,0,1,2,2,1,2,2,2,2,2,2,,0,,1,1,0,0,0,7,0,1,1,0,0,3,2,0,2,0,1,0,1,1,1,0,1,0,0,3,2,0,3,0,3,0,3,1,1,1,2,2,2,VISNAGAR,12,1,0,0,0,1,1,N,M,1,401,457,CASTOR SEEDS,BAJRI,COTTON,0.0,160.0,0,0.0,0.0,0.0,110.54,0.0,0.0,0,0,0.0,270.54,0.0,48.05,6.02
24,4,4,4,288800,Satusana,262.01,181,869,436,433,92,52,40,0,0,0,1,1,0,0,0,0,0,0,3,0,0,0,0,1,0,3,0,0,0,0,0,0,0,0,2,0,0,0,0,2,0,1,0,0,1,0,1,0,1,0,1,2,2,1,2,2,2,2,2,2,,0,,1,0,1,0,0,11,0,1,1,0,0,2,2,0,2,0,2,0,1,1,1,0,0,3,0,3,2,0,3,0,3,0,3,1,1,1,2,2,2,UNJHA,12,1,0,0,0,1,1,N,M,1,1430,1937,JOWAR,BAJRI,WHEAT,0.0,23.0,0,0.0,0.0,0.0,195.37,0.0,0.0,0,0,0.0,218.37,1.69,40.0,1.95
24,4,4,4,288900,Valam,2357.66,1655,7919,4052,3867,1136,614,522,0,0,0,1,4,0,0,0,2,1,0,2,0,1,0,0,1,0,2,0,0,0,0,0,0,0,1,0,1,0,0,1,0,2,1,0,0,2,1,4,0,1,0,1,2,2,1,2,2,2,2,2,2,,0,,1,1,0,1,1,230,0,1,1,0,0,2,2,0,1,1,0,1,0,1,1,0,1,0,0,2,2,0,2,0,2,0,2,1,1,1,2,2,2,VISNAGAR,9,1,0,0,0,1,1,N,M,1,11053,11163,CASTOR SEEDS,COTTON,WHEAT,0.0,376.2,0,0.0,0.0,0.0,1448.7,0.0,0.0,0,0,0.0,1824.9,219.21,141.9,171.65
24,4,4,4,289000,Iyasara,438.72,172,902,475,427,0,0,0,0,0,0,1,1,0,0,0,0,0,0,1,0,0,0,0,1,0,1,0,0,0,0,0,0,0,0,1,0,0,0,0,2,0,0,0,0,0,0,1,0,1,0,1,2,2,1,2,2,2,2,2,2,,0,,1,0,1,0,0,2,0,1,1,0,0,1,2,0,2,0,1,0,1,1,1,0,0,1,0,1,2,0,1,0,1,0,1,1,1,1,2,2,2,VISNAGAR,4,1,0,0,0,1,1,N,M,1,401,401,BAJRI,JOWAR,WHEAT,0.0,60.0,0,0.0,0.0,304.13,0.0,0.0,0.0,0,0,0.0,364.13,0.0,27.0,47.59
24,4,4,4,289100,Rampura,252.67,215,1009,508,501,229,124,105,0,0,0,1,1,0,0,0,0,0,0,1,0,0,0,0,1,0,1,0,0,0,0,0,0,0,0,1,0,0,0,0,2,0,0,0,0,1,0,1,0,1,0,1,1,2,1,2,2,2,2,2,2,,0,,1,0,1,0,0,10,0,1,1,0,0,1,2,0,2,0,1,0,1,1,1,0,0,1,0,1,2,0,1,0,1,0,1,1,1,1,2,2,2,VISNAGAR,4,1,0,0,0,1,1,N,M,1,1059,845,BAJRI,JOWAR,PADDY,0.0,1.0,0,0.0,0.0,168.05,0.0,0.0,0.0,0,0,0.0,169.05,30.0,17.37,36.25
24,4,4,4,289200,Rajgadh,281.4,239,1227,618,609,46,24,22,0,0,0,1,1,0,0,0,1,0,0,2,0,0,0,0,1,0,2,0,0,0,0,0,0,0,0,2,0,0,0,0,1,0,0,0,0,1,0,1,0,1,0,1,2,2,1,2,2,2,2,2,2,,0,,1,1,0,0,0,14,0,1,1,0,0,2,2,0,2,0,2,0,2,1,1,0,1,0,0,2,2,0,2,0,2,0,2,1,1,1,2,2,2,VISNAGAR,5,1,0,0,0,1,1,N,M,1,763,751,BAJRI,JOWAR,CASTOR SEEDS,10.0,0.0,0,0.0,0.0,0.0,215.15,0.0,0.0,0,0,0.0,215.15,0.0,52.3,3.95
24,4,4,4,289300,Thalota,443.66,531,2659,1381,1278,173,84,89,0,0,0,1,1,0,0,0,0,0,0,1,0,0,0,0,1,0,1,0,0,0,0,0,0,0,0,1,0,0,0,0,1,1,0,0,0,0,0,1,0,1,0,1,2,2,1,2,2,2,2,2,2,,0,,1,1,0,0,0,17,0,1,1,0,0,1,2,0,2,0,1,0,1,1,1,0,1,0,0,1,2,0,1,0,1,0,1,1,1,1,2,2,2,VISNAGAR,4,1,0,0,0,1,1,N,M,1,4331,4195,COTTON,BAJRI,MUSTARD,0.0,35.0,0,0.0,0.0,0.0,337.52,0.0,0.0,0,0,0.0,372.52,9.7,55.93,5.51
24,4,4,4,289400,Gunja,2201.05,1264,6141,3182,2959,471,243,228,15,6,9,1,2,0,0,0,1,1,0,2,0,0,0,0,1,0,2,0,0,0,0,0,0,0,0,2,0,0,0,0,3,1,1,0,0,3,0,3,0,1,0,1,2,2,1,2,2,2,2,2,2,,0,,1,1,0,0,0,7,0,1,1,0,1,0,2,0,1,1,0,1,0,1,2,0,0,2,0,2,2,0,2,0,2,0,2,1,1,1,2,2,2,VISNAGAR,9,1,0,0,0,1,1,N,M,1,1575,1329,BAJRI,PULSES,WHEAT,0.0,380.4,0,0.0,59.2,0.0,1516.73,0.0,0.0,0,0,0.0,1956.33,0.0,137.17,107.55
24,4,4,4,289500,Ralisana,598.46,713,3624,1842,1782,476,239,237,0,0,0,1,2,0,0,0,1,0,0,2,0,0,0,0,1,0,2,0,0,0,0,0,0,0,0,2,0,0,0,0,3,1,1,0,0,1,0,1,0,1,0,1,2,2,1,2,2,2,2,2,2,,0,,1,1,0,0,0,1,0,1,1,0,0,2,2,0,2,0,2,0,1,1,1,0,0,2,0,2,2,0,2,0,2,0,2,1,1,1,2,2,2,VISNAGAR,6,1,0,0,0,1,1,N,M,1,4703,4662,CASTOR SEEDS,FENNEL SEEDS,MUSTARD,0.0,0.0,0,0.0,0.0,0.0,545.33,0.0,0.0,0,0,0.0,545.33,0.0,33.04,20.09
24,4,4,4,289600,Sushi,541.78,365,1931,988,943,345,186,159,0,0,0,1,1,0,0,0,0,0,0,1,0,0,0,0,1,0,1,0,0,0,0,0,0,0,0,1,0,0,0,0,2,0,0,0,0,0,0,1,0,1,0,1,2,2,1,2,2,2,2,2,2,,0,,1,0,1,0,0,16,0,1,1,0,0,1,2,0,2,0,1,0,1,1,1,0,0,1,0,1,2,0,1,0,1,0,1,1,1,1,2,2,2,VISNAGAR,4,1,0,0,0,1,1,N,M,1,701,699,WHEAT,BAJRI,CASTOR SEEDS,0.0,0.0,0,0.0,0.0,0.0,483.88,0.0,0.0,0,0,0.0,483.88,0.0,16.62,41.28
24,4,4,4,289700,Kansa (Part),1498.0,2115,10469,5425,5044,1091,568,523,4,3,1,1,2,0,0,0,1,0,0,1,0,0,0,0,1,0,1,0,0,0,0,0,0,0,0,1,0,0,0,0,1,3,3,0,0,6,0,7,0,1,0,1,2,2,1,2,2,2,2,2,2,,0,,1,1,0,0,0,120,0,1,1,0,0,1,2,0,1,0,1,2,0,1,2,0,0,1,0,1,1,1,0,0,1,0,1,1,1,1,2,2,2,VISNAGAR,2,1,0,0,0,1,1,N,M,1,10854,12202,WHEAT,BAJRI,JOWAR,0.0,70.0,0,0.0,0.0,1129.0,0.0,0.0,0.0,0,0,0.0,1199.0,34.23,78.8,185.97
24,4,4,4,289800,Pudgam,1389.85,678,3638,1880,1758,216,106,110,0,0,0,1,1,0,0,0,1,0,0,2,0,0,0,0,1,0,2,0,0,0,0,0,0,0,0,2,0,0,0,0,3,1,1,0,0,0,0,1,0,1,0,1,2,2,1,2,2,2,2,2,2,,0,,1,1,0,0,0,10,0,1,1,0,1,0,2,0,2,0,2,0,2,1,4,0,0,2,0,2,2,0,2,0,2,0,2,1,1,1,2,2,2,VISNAGAR,8,1,0,0,0,1,1,N,M,1,3473,3105,BAJRI,JOWAR,WHEAT,4.0,296.04,0,0.0,0.0,899.0,0.0,0.0,0.0,0,0,0.0,1195.04,0.0,136.57,54.24
24,4,4,4,289900,Randala,344.98,264,1384,720,664,97,50,47,0,0,0,1,1,0,0,0,0,0,0,2,0,0,0,0,1,0,2,0,0,0,0,0,0,0,0,2,0,0,0,0,1,0,0,0,0,0,0,1,0,1,0,1,2,2,1,2,2,2,2,2,2,,0,,1,0,1,0,0,4,0,1,1,0,1,0,2,0,2,0,2,0,1,1,1,0,0,2,0,2,2,0,2,0,2,0,2,1,1,1,2,2,2,VISNAGAR,10,1,0,0,0,1,1,N,M,1,1372,1076,BAJRI,JOWAR,WHEAT,0.0,0.0,0,0.0,0.0,0.0,302.87,0.0,0.0,0,0,0.0,302.87,0.0,35.59,6.52
24,4,4,4,290000,Kansarakui,385.52,625,3004,1542,1462,576,309,267,7,3,4,1,1,0,0,0,1,0,0,2,0,0,0,0,1,0,2,0,0,0,0,0,0,0,1,0,0,0,0,1,0,1,1,0,0,2,0,2,0,1,0,1,2,2,1,2,2,2,2,2,2,,0,,1,1,0,0,0,25,0,1,1,0,0,2,2,0,1,0,2,1,0,1,2,0,0,2,0,2,2,0,2,0,2,0,2,1,1,1,2,2,2,VISNAGAR,9,1,0,0,0,1,1,N,M,1,2448,2278,WHEAT,BAJRI,CASTOR SEEDS,0.0,0.0,0,0.0,0.0,0.0,348.04,0.0,0.0,0,0,0.0,348.04,0.0,31.69,5.79
24,4,4,4,290100,Ravalapura,419.17,166,925,483,442,76,43,33,0,0,0,1,1,0,0,0,0,0,0,2,0,0,0,0,1,0,2,0,0,0,0,0,0,0,0,2,0,0,0,0,1,0,0,0,0,0,0,1,0,1,0,1,2,2,1,2,2,2,2,2,2,,0,,1,0,1,0,0,3,0,1,1,0,0,2,2,0,2,0,2,0,1,1,1,0,0,2,0,2,2,0,2,0,2,0,2,1,1,1,2,2,2,VISNAGAR,7,1,0,0,0,1,1,N,M,1,776,772,MUSTARD,CASTOR SEEDS,JOWAR,0.0,0.0,0,0.0,0.0,0.0,353.1,0.0,0.0,0,0,0.0,353.1,0.0,45.87,20.2
24,4,4,4,290200,Savala,1305.52,833,4172,2124,2048,110,51,59,0,0,0,1,1,0,0,0,0,0,0,2,0,0,0,0,1,0,2,0,0,0,0,0,0,0,0,2,0,0,0,0,1,1,1,0,0,1,0,2,0,1,0,1,2,2,1,2,2,2,2,2,2,,0,,1,1,0,0,0,20,0,1,1,0,0,2,2,0,2,0,1,0,2,1,1,0,0,2,0,2,2,0,2,0,2,0,2,1,1,1,2,2,2,VISNAGAR,6,1,0,0,0,1,1,N,M,1,2057,2061,MUSTARD,CASTOR SEEDS,SESAME,0.0,0.0,0,0.0,0.0,0.0,1178.04,0.0,0.0,0,0,0.0,1178.04,4.74,54.86,67.88
24,4,4,4,290300,Saduthala,949.15,514,2701,1410,1291,194,101,93,0,0,0,1,1,0,0,0,0,0,0,1,0,0,0,0,1,0,1,0,0,0,0,0,0,0,0,1,0,0,0,0,2,0,0,0,0,1,0,1,0,1,0,1,2,2,1,2,2,2,2,2,2,,0,,1,1,0,0,0,21,0,1,1,0,0,1,2,0,2,0,1,0,1,1,1,0,0,1,1,0,2,0,1,0,1,0,1,1,1,2,2,2,2,VISNAGAR,4,1,0,0,0,1,1,N,M,1,2292,1890,BAJRI,JOWAR,WHEAT,0.0,0.0,0,0.0,0.0,0.0,828.94,0.0,0.0,0,0,0.0,828.94,0.0,110.89,9.32
24,4,4,4,290400,Visnagar (Rural),2506.39,113,674,376,298,0,0,0,0,0,0,1,1,0,0,0,0,0,0,1,0,0,0,0,2,0,1,0,0,0,0,0,0,0,0,1,0,0,0,0,3,0,0,0,0,0,0,0,0,1,0,1,2,2,1,2,2,2,2,2,2,,0,,2,0,1,0,0,0,1,1,1,0,0,1,2,0,2,0,1,0,1,2,0,1,0,1,0,1,2,0,1,0,1,0,1,1,2,2,2,2,2,VISNAGAR,1,1,0,0,0,1,1,N,M,1,230,210,WHEAT,BAJRI,MUSTARD,0.0,0.0,0,0.0,0.0,0.0,494.0,0.0,0.0,0,0,0.0,494.0,108.0,1024.0,880.39
24,4,4,4,290500,Ghaghret,518.3,445,2187,1123,1064,139,73,66,0,0,0,1,1,0,0,0,0,0,0,2,0,0,0,0,1,0,2,0,0,0,0,0,0,0,0,2,0,0,0,0,1,1,1,0,0,1,0,1,0,1,0,1,2,2,1,2,2,2,2,2,2,,0,,1,0,1,0,0,40,0,1,1,0,0,2,2,0,2,0,2,0,2,1,1,0,0,2,0,2,2,0,2,0,2,0,2,1,1,1,2,2,2,VISNAGAR,6,1,0,0,0,1,1,N,M,1,8263,8257,BAJRI,JOWAR,MUSTARD,0.0,0.0,0,0.0,0.0,0.0,457.33,0.0,0.0,0,0,0.0,457.33,0.0,57.08,3.89
24,4,4,4,290600,Kuvasana,706.64,591,3050,1548,1502,467,238,229,0,0,0,1,1,0,0,0,1,0,0,1,0,0,0,0,1,0,1,0,0,0,0,0,0,0,0,1,0,0,0,0,2,0,0,0,0,1,0,1,0,1,0,1,2,2,1,2,2,2,2,2,2,,0,,1,1,0,0,0,6,0,1,1,0,0,1,2,0,2,0,1,0,1,1,1,0,0,1,0,1,2,0,1,0,1,0,1,1,1,1,2,2,2,VISNAGAR,3,1,0,0,0,1,1,N,M,1,502,513,WHEAT,BAJRI,JOWAR,0.0,0.0,0,0.0,0.0,0.0,526.21,0.0,0.0,0,0,0.0,526.21,80.0,47.11,53.32
24,4,4,4,290700,Bhalak,1842.76,1504,7449,3867,3582,751,417,334,27,17,10,1,2,0,0,0,2,0,0,2,0,0,0,0,1,0,2,0,0,0,0,0,0,0,0,2,0,0,0,0,2,1,1,0,0,2,0,1,0,1,0,1,2,2,1,2,2,2,2,2,2,,0,,1,1,0,1,0,25,0,1,1,0,0,2,2,0,1,1,0,0,2,1,2,0,0,2,0,2,2,0,2,0,2,0,2,1,1,1,2,2,2,VISNAGAR,9,1,0,0,0,1,1,N,M,1,4032,3742,JOWAR,BAJRI,COTTON,0.0,0.0,0,0.0,0.0,0.0,1650.56,0.0,0.0,0,0,0.0,1650.56,0.0,92.17,100.03
24,4,4,4,290800,Bakarpur,518.17,364,1610,838,772,201,103,98,0,0,0,1,1,0,0,0,0,0,0,2,0,0,0,0,1,0,2,0,0,0,0,0,0,0,0,2,0,0,0,0,1,1,1,0,0,0,0,0,0,1,0,1,2,2,1,2,2,2,2,2,2,,0,,1,0,2,0,0,30,0,1,1,0,0,2,2,0,2,0,1,0,2,1,1,0,0,2,0,2,2,0,2,0,2,0,2,1,1,1,2,2,2,VISNAGAR,9,1,0,0,0,1,1,N,M,1,3850,3820,WHEAT,BAJRI,CASTOR SEEDS,0.0,0.0,0,0.0,0.0,0.0,462.36,0.0,0.0,0,0,0.0,462.36,0.0,48.83,6.98
24,4,4,4,290900,Rangakui,287.96,339,1659,835,824,28,15,13,0,0,0,1,1,0,0,0,1,0,0,2,0,0,0,0,1,0,2,0,0,0,0,0,0,0,0,1,0,0,0,0,1,0,0,0,0,1,0,1,0,1,0,1,2,2,1,2,2,2,2,2,2,,0,,1,1,0,0,0,85,0,1,1,0,0,2,2,0,2,0,1,0,2,1,1,0,1,0,1,0,2,0,2,0,2,0,2,1,1,1,2,2,2,VISNAGAR,10,1,0,0,0,1,1,N,M,1,2697,2586,MUSTARD,CASTOR SEEDS,WHEAT,0.0,0.0,0,0.0,0.0,0.0,218.58,0.0,0.0,0,0,0.0,218.58,0.0,52.23,17.15
24,4,4,4,291000,Gothva,1380.21,2013,10228,5099,5129,417,215,202,11,6,5,1,4,0,0,0,1,1,0,2,0,0,0,0,1,0,2,0,0,0,0,0,0,0,1,0,0,1,1,1,0,2,1,0,0,2,0,4,0,1,0,1,2,2,1,2,2,2,2,2,2,,0,,1,1,0,0,0,35,0,1,1,0,0,2,2,0,1,1,0,0,2,1,2,0,0,2,0,2,2,0,2,0,2,0,2,1,1,1,2,2,2,VISNAGAR,9,1,0,0,0,1,1,N,M,1,3747,3852,WHEAT,BAJRI,COTTON,0.0,0.0,0,0.0,0.0,0.0,1153.88,0.0,0.0,0,0,0.0,1153.88,27.53,87.46,111.34
24,4,4,4,291100,Kamalpur (Gothva),396.93,224,1094,555,539,220,113,107,0,0,0,1,1,0,0,0,0,0,0,2,0,0,0,0,1,0,1,0,0,0,0,0,0,0,0,1,0,0,0,0,1,1,0,0,0,0,0,1,0,1,0,1,2,2,1,2,2,2,2,2,2,,0,,1,0,2,0,0,45,0,1,1,0,0,2,2,0,2,0,2,0,1,1,1,0,0,2,0,3,2,0,2,0,2,0,2,1,1,1,2,2,2,VISNAGAR,10,1,0,0,0,1,1,N,M,1,1839,1911,BAJRI,COTTON,JOWAR,10.0,0.0,0,0.0,0.0,14.02,302.0,0.0,0.0,0,0,0.0,316.02,0.0,64.85,6.06
24,4,4,4,291200,Kada,2109.12,1319,6550,3395,3155,578,311,267,5,3,2,1,2,0,0,0,1,1,0,2,0,0,0,0,1,0,2,0,0,0,0,0,0,0,0,2,0,0,0,0,2,1,1,0,0,3,0,3,0,1,0,1,2,2,1,2,2,2,2,2,2,,0,,1,1,0,1,1,230,0,1,1,0,0,2,2,0,1,0,2,1,0,1,1,0,0,2,0,2,2,0,2,0,3,0,2,1,1,1,2,2,2,VISNAGAR,8,1,0,0,0,1,1,N,M,1,9151,9151,CASTOR SEEDS,MUSTARD,COTTON,0.0,0.0,0,0.0,0.0,1623.89,0.0,0.0,0.0,0,0,0.0,1623.89,90.21,250.53,144.49
24,4,4,4,291300,Kamana,1113.27,1204,5908,3049,2859,466,248,218,0,0,0,1,2,0,0,0,1,1,0,2,0,0,0,0,1,0,2,0,0,0,0,0,0,0,0,2,1,0,0,0,2,1,1,0,0,3,0,3,0,1,0,1,2,2,1,2,2,2,2,2,2,,0,,1,1,0,0,0,25,0,1,1,0,0,2,2,0,1,1,0,1,0,1,1,0,0,2,0,2,2,0,2,0,2,0,2,1,1,1,2,2,2,VISNAGAR,8,1,0,0,0,1,1,N,M,1,4703,4736,CASTOR SEEDS,COTTON,MUSTARD,0.0,0.0,0,0.0,0.0,0.0,960.97,0.0,0.0,0,0,0.0,960.97,0.0,136.83,15.47
24,4,4,4,291400,Becharpura,198.49,284,1432,731,701,55,28,27,0,0,0,1,1,0,0,0,1,0,0,3,0,0,0,0,1,0,3,0,0,0,0,0,0,0,0,1,0,0,0,0,1,0,0,0,0,1,0,1,0,1,0,1,2,2,1,2,2,2,2,2,2,,0,,1,1,0,0,0,20,0,1,1,0,0,3,2,0,2,0,1,0,1,1,2,0,0,3,0,3,2,0,3,0,3,0,3,1,1,1,2,2,2,VISNAGAR,13,1,0,0,0,1,1,N,M,1,1877,1317,JEERU,BAJRI,CASTOR SEEDS,0.0,0.0,0,0.0,0.0,0.0,151.63,0.0,0.0,0,0,0.0,151.63,0.0,42.05,4.81
24,4,4,4,291500,Basana,1018.57,617,3138,1553,1585,256,123,133,0,0,0,1,1,0,0,0,1,0,0,2,0,0,0,0,1,0,2,0,0,0,0,0,0,0,0,2,0,1,0,0,2,1,1,0,0,2,0,2,0,1,0,1,2,2,1,2,2,2,2,2,2,,0,,1,1,0,0,0,10,0,1,1,0,0,2,2,0,2,0,2,0,2,1,1,0,0,2,0,2,2,0,2,0,2,0,2,1,1,1,2,2,2,MAHESANA,7,1,0,0,0,1,1,N,M,1,1032,1067,WHEAT,BAJRI,JOWAR,0.0,0.0,0,0.0,0.0,0.0,688.13,0.0,0.0,0,0,0.0,688.13,210.69,62.75,57.0
24,4,4,4,291600,Chitroda Mota,314.14,276,1383,712,671,263,144,119,0,0,0,1,1,0,0,0,0,0,0,3,0,0,0,0,1,0,3,0,0,0,0,0,0,0,0,3,0,0,0,0,2,1,0,0,0,0,0,1,0,1,0,1,2,2,1,2,2,2,2,2,2,,0,,1,0,3,0,0,3,0,1,1,0,0,2,2,0,2,0,3,0,2,1,1,0,0,3,0,3,2,0,3,0,3,0,2,1,1,1,2,2,2,VISNAGAR,13,1,0,0,0,1,1,N,M,1,607,599,WHEAT,BAJRI,JOWAR,0.0,0.0,0,0.0,0.0,0.0,212.75,0.0,0.0,0,0,0.0,212.75,50.09,32.2,19.1
24,4,4,4,291700,Chitrodipura,340.32,192,1167,598,569,13,7,6,0,0,0,1,1,0,0,0,0,0,0,2,0,0,0,0,1,0,2,0,0,0,0,0,0,0,0,2,0,0,0,0,1,1,1,0,0,0,0,1,0,1,0,1,2,2,1,2,2,2,2,2,2,,0,,1,0,2,0,0,3,0,1,1,0,0,2,2,0,2,0,2,0,2,1,1,0,0,2,0,2,2,0,2,0,2,0,2,1,1,1,2,2,2,MAHESANA,7,1,0,0,0,1,1,N,M,1,2227,2141,WHEAT,JOWAR,MUSTARD,0.0,0.0,0,0.0,0.0,290.86,0.0,0.0,0.0,0,0,0.0,290.86,0.0,33.0,16.46
24,4,4,4,291800,Magroda,1045.86,605,3107,1620,1487,294,151,143,0,0,0,1,1,0,0,0,1,1,0,3,0,0,0,0,1,0,3,0,0,0,0,0,0,0,1,0,0,0,0,0,3,0,1,0,0,1,0,2,0,1,0,1,2,2,1,2,2,2,2,2,2,,0,,1,1,0,0,0,15,0,1,1,0,0,3,2,0,2,0,2,0,2,1,2,0,0,3,0,3,2,0,3,0,3,0,3,1,1,1,2,2,2,VISNAGAR,13,1,0,0,0,1,1,N,M,1,283,291,WHEAT,COTTON,MUSTARD,4.0,0.0,0,0.0,0.0,0.0,931.56,0.0,0.0,0,0,0.0,931.56,0.0,67.33,42.97
24,4,4,4,291900,Dadhiyal,1163.29,763,3875,2041,1834,409,210,199,0,0,0,1,3,0,0,0,0,0,0,2,0,0,0,0,1,0,2,0,0,0,0,0,0,0,0,2,0,0,0,0,2,1,1,0,0,2,0,2,0,1,0,1,2,2,1,2,2,2,2,2,2,,0,,1,1,0,0,0,22,0,1,1,0,0,2,2,0,2,0,2,0,2,1,1,0,0,2,0,2,2,0,2,0,2,0,2,1,1,1,2,2,2,VISNAGAR,10,1,0,0,0,1,1,N,M,1,3379,3375,WHEAT,BAJRI,COTTON,0.0,0.0,0,0.0,0.0,0.0,1043.56,0.0,0.0,0,0,0.0,1043.56,0.0,70.26,49.47
24,4,4,4,292000,Lachhadi,822.68,611,3231,1611,1620,140,63,77,0,0,0,1,1,0,0,0,0,0,0,2,0,0,0,0,1,0,2,0,0,0,0,0,0,0,0,2,0,0,0,0,1,1,0,0,0,1,0,1,0,1,0,1,2,2,1,2,2,2,2,2,2,,0,,1,1,0,0,0,30,0,1,1,0,0,2,2,0,2,0,2,0,2,1,1,0,0,2,0,2,2,0,2,0,2,0,2,1,1,1,2,2,2,VISNAGAR,10,1,0,0,0,1,1,N,M,1,2455,2445,BAJRI,WHEAT,JOWAR,0.0,0.0,0,0.0,0.0,183.0,600.0,0.0,0.0,0,0,0.0,783.0,9.0,28.68,2.0
24,4,4,4,292100,Kharvada,944.34,640,3227,1709,1518,250,133,117,0,0,0,1,2,0,0,0,0,0,0,3,0,0,0,0,1,0,3,0,0,0,0,0,0,0,1,0,0,1,0,1,0,1,1,0,0,1,0,1,0,1,0,1,2,2,1,2,2,2,2,2,2,,0,,1,1,0,0,0,5,0,1,1,0,0,3,2,0,2,0,3,0,3,1,1,0,0,3,0,3,2,0,3,0,3,0,3,1,1,1,2,2,2,VISNAGAR,14,1,0,0,0,1,1,N,M,1,609,615,WHEAT,JOWAR,BAJRI,0.0,0.0,0,0.0,0.0,0.0,655.0,0.0,0.0,0,0,0.0,655.0,180.0,62.0,47.34
24,4,4,4,292200,Thumthal,376.51,121,620,343,277,106,62,44,0,0,0,1,1,0,0,0,0,0,0,3,0,0,0,0,1,0,3,0,0,0,0,0,0,0,0,1,0,0,0,0,1,0,0,0,0,0,0,1,0,1,0,1,2,2,1,2,2,2,2,2,2,,0,,1,0,1,0,0,1,0,1,1,0,0,3,2,0,2,0,3,0,3,1,1,0,0,3,0,3,2,0,3,0,3,0,3,1,1,1,2,2,2,VISNAGAR,15,1,0,0,0,1,1,N,M,1,618,668,WHEAT,BAJRI,MUSTARD,0.0,0.0,0,0.0,0.0,0.0,337.06,0.0,0.0,0,0,0.0,337.06,0.0,38.46,0.99
24,4,4,4,292300,Megha Aliyasana,365.03,266,1522,784,738,59,24,35,0,0,0,1,1,0,0,0,0,0,0,2,0,0,0,0,2,0,2,0,0,0,0,0,0,0,0,3,0,0,0,0,2,0,0,0,0,0,0,0,0,1,0,1,2,2,1,2,2,2,2,2,2,,0,,1,1,0,0,0,10,0,1,1,0,0,2,2,0,2,0,1,0,2,1,1,0,0,2,0,2,2,0,2,0,2,0,2,1,1,1,2,2,2,MAHESANA,8,1,0,0,0,1,1,N,M,1,436,401,BAJRI,JOWAR,WHEAT,0.0,0.0,0,0.0,0.0,0.0,0.0,327.53,0.0,0,0,0.0,327.53,0.0,36.66,0.84
24,4,4,4,292400,Gunjala,447.37,310,1694,898,796,36,18,18,0,0,0,1,1,0,0,0,0,0,0,2,0,0,0,0,1,0,2,0,0,0,0,0,0,0,0,3,0,0,0,0,3,0,0,0,0,0,0,1,0,1,0,1,2,2,1,2,2,2,2,2,2,,0,,1,0,1,0,0,15,0,1,1,0,0,2,2,0,2,0,1,0,2,1,1,0,0,2,0,2,2,0,2,0,2,0,2,1,1,1,2,2,2,MAHESANA,9,1,0,0,0,1,1,N,M,1,1348,1334,WHEAT,BAJRI,COTTON,0.0,0.0,0,0.0,0.0,0.0,404.44,0.0,0.0,0,0,0.0,404.44,0.0,39.75,3.18
24,4,4,4,292500,Ganpatpura,167.62,174,998,509,489,42,28,14,0,0,0,1,1,0,0,0,0,0,0,3,0,0,0,0,1,0,3,0,0,0,0,0,0,0,0,1,0,0,0,0,1,0,0,0,0,2,0,1,0,1,0,1,2,2,1,2,2,2,2,2,2,,0,,1,0,1,0,0,10,0,1,1,0,0,3,2,0,2,0,2,0,3,1,1,0,0,3,0,3,2,0,3,0,3,0,3,1,1,1,2,2,2,VISNAGAR,18,1,0,0,0,1,1,N,M,1,1849,1823,BAJRI,TOBACCO,WHEAT,0.0,0.0,0,0.0,0.0,0.0,142.39,0.0,0.0,0,0,0.0,142.39,0.0,20.2,5.03
24,4,4,4,292600,Kamalpur (Kharavada),186.08,333,1870,968,902,70,40,30,0,0,0,1,1,0,0,0,0,0,0,3,0,0,0,0,1,0,3,0,0,0,0,0,0,0,0,2,0,0,0,0,2,0,0,0,0,0,0,1,0,1,0,1,2,2,1,2,2,2,2,2,2,,0,,1,0,1,0,0,12,0,1,1,0,0,3,2,0,2,0,2,0,3,1,1,0,0,3,0,3,2,0,3,0,3,0,3,1,1,1,2,2,2,VISNAGAR,20,1,0,0,0,1,1,N,M,1,1102,1135,BAJRI,WHEAT,TOBACCO,0.0,0.0,0,0.0,0.0,0.0,155.03,0.0,0.0,0,0,0.0,155.03,17.0,13.0,1.05
24,4,4,4,292700,Udalpur,946.13,789,4040,2083,1957,230,131,99,0,0,0,1,1,0,0,0,1,0,0,3,0,0,0,0,1,0,3,0,0,0,0,0,0,0,0,3,0,0,0,0,3,1,1,0,0,1,0,0,0,1,0,1,2,2,1,2,2,2,2,2,2,,0,,1,1,0,0,0,40,0,1,1,0,0,3,2,0,1,1,0,0,3,1,2,0,0,3,0,3,2,0,3,0,3,0,3,1,1,1,2,2,2,MAHESANA,13,1,0,0,0,1,1,N,M,1,5203,5172,WHEAT,BAJRI,MUSTARD,38.0,0.0,0,0.0,0.0,135.0,700.0,0.0,0.0,0,0,0.0,835.0,15.0,46.0,12.13
24,4,4,4,292800,Dharusana,289.31,131,693,343,350,0,0,0,0,0,0,1,1,0,0,0,0,0,0,3,0,0,0,0,2,0,3,0,0,0,0,0,0,0,0,2,0,0,0,0,2,0,0,0,0,0,0,0,0,1,0,1,2,2,1,2,2,2,2,2,2,,0,,1,0,1,0,0,20,0,1,1,0,0,3,2,0,2,0,1,0,3,1,1,0,0,3,0,3,2,0,3,0,3,0,3,1,1,1,2,2,2,VISNAGAR,20,1,0,0,0,1,1,N,M,1,115,116,WHEAT,BAJRI,MUSTARD,0.0,0.0,0,0.0,0.0,0.0,249.33,0.0,0.0,0,0,0.0,249.33,0.0,30.43,9.55
24,4,4,4,292900,Dhamanva,704.41,438,2388,1238,1150,76,39,37,0,0,0,1,1,0,0,0,0,0,0,3,0,0,0,0,1,0,3,0,0,0,0,0,0,0,0,3,0,0,0,0,2,0,0,0,0,3,0,1,0,1,0,1,2,2,1,2,2,2,2,2,2,,0,,1,1,0,0,0,17,0,1,1,0,0,3,2,0,2,0,1,0,3,1,1,0,0,3,0,3,2,0,3,0,3,0,3,1,1,1,2,2,2,VISNAGAR,20,1,0,0,0,1,1,N,,1,1665,1253,COTTON,WHEAT,BAJRI,15.5,0.0,0,0.0,0.0,0.0,560.79,0.0,0.0,0,0,0.0,560.79,0.0,34.54,93.58
24,4,5,5,293000,Jaska,1171.4,1213,6002,3093,2909,299,158,141,0,0,0,1,1,0,0,0,1,0,0,3,0,0,0,0,1,0,3,0,0,0,0,0,0,0,0,3,0,0,0,0,2,1,1,0,0,3,0,1,0,1,0,1,1,1,1,2,2,2,2,2,2,,0,,1,1,0,1,1,1,0,1,1,0,0,3,2,0,1,0,2,1,0,1,1,0,0,2,0,3,2,0,3,0,3,0,3,1,2,2,2,2,2,VISNAGAR,14,1,0,0,0,1,1,N,M,1,2676,2661,PULSES,GRAINS,COTTON,0.0,41.0,0,0.0,0.0,0.0,0.0,0.0,0.0,0,0,0.0,41.0,203.95,463.4,463.05
24,4,5,5,293100,Sundhiya,2624.73,2545,12978,6689,6289,727,380,347,5,4,1,1,7,0,0,0,2,2,0,2,0,0,0,0,1,0,2,0,0,0,0,0,0,0,1,0,1,1,1,1,0,2,1,1,1,3,0,1,0,1,0,1,1,1,1,1,2,1,2,2,2,,0,,1,1,0,1,1,225,0,1,1,0,0,3,2,0,1,1,0,1,0,1,1,0,1,0,0,2,2,0,2,0,3,0,3,1,1,1,2,2,2,VADNAGAR,8,1,0,0,0,1,1,N,M,1,8753,8612,GRAINS,PULSES,COTTON,0.0,130.0,0,1259.34,0.0,0.0,400.0,0.0,0.0,0,0,0.0,1789.34,380.0,207.42,247.97
24,4,5,5,293200,Hajipur,267.31,65,372,187,185,8,4,4,0,0,0,1,1,0,0,0,0,0,0,3,0,0,0,0,1,0,3,0,0,0,0,0,0,0,0,1,0,0,0,0,1,0,0,0,0,0,0,1,0,1,0,1,1,1,2,2,1,1,2,2,2,,0,,1,0,1,0,0,3,0,1,1,0,0,3,2,0,2,0,1,0,1,2,0,1,0,1,0,3,2,0,3,0,3,0,3,2,1,1,2,2,2,KHERALU,7,1,0,0,0,1,1,N,M,2,0,0,GRAINS,PULSES,MUSTARD,0.0,0.0,0,17.2,30.0,0.0,160.0,0.0,0.0,0,0,0.0,207.2,9.97,14.95,35.19
24,4,5,5,293300,Shekhpur (Khe),172.59,239,1336,672,664,68,30,38,0,0,0,1,1,0,0,0,0,0,0,1,0,0,0,0,1,0,1,0,0,0,0,0,0,0,0,1,0,0,0,0,2,0,0,0,0,1,0,0,0,1,0,1,1,1,1,2,1,1,2,2,2,,0,,1,1,0,0,0,5,0,1,1,0,0,1,2,0,2,0,1,0,1,2,0,1,0,1,0,1,2,0,1,0,2,0,2,1,2,2,2,2,2,KHERALU,6,1,0,0,0,1,1,N,M,1,557,356,WHEAT,BAJRI,MUSTARD,0.0,70.0,0,0.0,0.0,0.0,40.0,0.0,0.0,0,0,0.0,110.0,13.14,37.45,12.0
24,4,5,5,293400,Sipor,1713.46,1542,7256,3710,3546,538,286,252,1,1,0,1,2,0,0,0,1,1,0,2,1,0,0,0,1,0,2,0,0,0,1,0,0,0,1,0,0,0,0,1,0,2,1,0,0,5,0,2,0,1,0,1,2,2,1,2,2,2,2,2,2,,0,,1,1,0,1,1,200,0,1,1,0,0,2,2,0,1,1,0,1,0,1,1,0,0,2,0,2,2,0,2,0,2,0,3,1,2,2,2,2,2,KHERALU,10,1,0,0,0,1,1,N,M,1,6256,5726,BAJRI,WHEAT,COTTON,83.23,0.0,0,0.0,0.0,0.0,800.0,7.35,0.0,0,0,0.0,807.35,625.68,187.04,10.16
24,4,5,5,293500,Karshanpura,651.34,314,1342,664,678,0,0,0,0,0,0,1,1,0,0,0,1,0,0,2,0,0,0,0,1,0,2,0,0,0,0,0,0,0,0,2,0,0,0,0,1,1,0,0,0,0,0,1,0,1,0,1,1,1,1,2,2,2,2,2,2,,0,,1,1,0,0,0,22,0,1,1,0,0,2,2,0,2,0,1,0,1,1,2,0,0,2,1,0,2,0,2,0,3,0,2,1,2,2,2,2,2,VADNAGAR,10,1,0,0,0,1,1,N,M,1,715,711,BAJRI,WHEAT,COTTON,0.0,0.0,0,0.0,100.0,0.0,85.0,0.0,0.0,0,0,0.0,185.0,380.0,83.23,3.11
24,4,5,5,293600,Khatasana,313.74,277,1586,798,788,60,31,29,0,0,0,1,1,0,0,0,0,0,0,2,0,0,0,0,1,0,2,0,0,0,0,0,0,0,0,2,0,0,0,0,1,0,0,0,0,0,0,1,0,1,0,1,2,2,1,2,2,2,2,2,2,,0,,1,0,1,0,0,4,0,1,1,0,0,2,2,0,2,0,1,0,1,1,2,0,0,2,0,2,2,0,2,0,3,0,3,1,2,2,2,2,2,KHERALU,8,1,0,0,0,1,2,,,1,718,718,BAJRI,WHEAT,COTTON,0.0,0.0,0,0.0,10.0,0.0,190.34,0.0,0.0,0,0,0.0,200.34,66.0,47.24,0.16
24,4,5,5,293700,Dabu,204.32,265,1472,744,728,36,16,20,0,0,0,1,1,0,0,0,0,0,0,3,0,0,0,0,1,0,3,0,0,0,0,0,0,0,0,2,0,0,0,0,1,0,0,0,0,1,0,1,0,1,0,1,1,2,2,2,2,1,2,2,2,,0,,1,0,2,0,0,1,0,1,1,0,0,3,2,0,2,0,2,0,2,2,0,2,0,3,0,3,2,0,3,0,3,0,3,1,2,2,2,2,2,VADNAGAR,17,1,0,0,0,1,2,,,1,6267,5938,GRAINS,MUSTARD,COTTON,0.0,68.05,0,5.76,60.13,0.0,0.0,0.0,0.0,0,0,0.0,133.94,26.01,4.57,39.8
24,4,5,5,293800,Aspa,645.2,350,1834,950,884,233,121,112,0,0,0,1,1,0,0,0,0,0,0,3,0,0,0,0,1,0,3,0,0,0,0,0,0,0,0,3,0,0,0,0,3,0,0,0,0,1,0,1,0,1,0,1,1,2,2,2,2,2,2,2,2,,0,,1,0,1,0,0,4,0,1,1,0,0,3,2,0,2,0,3,0,3,2,0,3,0,3,0,3,2,0,3,0,3,0,3,1,2,1,2,2,2,KHERALU,18,1,0,0,0,1,2,,,1,1141,941,COTTON,BERRIES,WHEAT,0.0,2.0,0,0.0,20.0,0.0,0.0,0.0,0.0,0,0,0.0,22.0,198.0,170.0,255.2
24,4,5,5,293900,Vaktapur,301.79,0,0,0,0,0,0,0,0,0,0,0,0,0,0,0,0,0,0,0,0,0,0,0,0,0,0,0,0,0,0,0,0,0,0,0,0,0,0,0,0,0,0,0,0,0,0,0,0,0,0,0,0,0,0,0,0,0,0,0,0,,0,,0,0,0,0,0,0,0,0,0,0,0,0,0,0,0,0,0,0,0,0,0,0,0,0,0,0,0,0,0,0,0,0,0,0,0,0,0,0,0,,0,0,0,0,0,0,0,,,0,0,0,,,,0.0,0.0,0,0.0,0.0,0.0,0.0,0.0,0.0,0,0,0.0,0.0,0.0,0.0,0.0
24,4,5,5,294000,Ganeshpura,252.59,194,976,519,457,252,130,122,0,0,0,1,1,0,0,0,0,0,0,3,0,0,0,0,1,0,3,0,0,0,0,0,0,0,0,3,0,0,0,0,3,0,0,0,0,1,0,1,0,1,0,1,1,2,2,1,1,2,2,2,2,,0,,1,1,0,0,0,12,0,1,1,0,0,3,2,0,2,0,2,0,3,1,1,0,0,3,0,3,2,0,3,0,3,0,3,1,1,1,2,2,2,VADNAGAR,25,1,0,0,0,1,2,,,1,487,679,COTTON,OIL SEEDS,WHEAT,0.0,45.0,0,35.0,40.0,0.0,0.0,0.0,0.0,0,0,0.0,120.0,34.26,52.75,45.58
24,4,5,5,294100,Undani,827.02,423,2097,1042,1055,348,174,174,0,0,0,1,1,0,0,0,1,0,0,3,0,0,0,0,1,0,3,0,0,0,0,0,0,0,0,3,0,0,0,0,3,1,1,0,0,1,0,1,0,1,0,1,1,2,2,2,1,2,2,2,2,,0,,1,1,0,0,0,10,0,1,1,0,0,3,2,0,2,0,3,0,3,1,2,0,0,3,0,3,2,0,3,0,3,0,3,1,1,1,2,2,2,VADNAGAR,25,1,0,0,0,1,2,,,1,1665,1672,BAJRI,WHEAT,COTTON,0.0,120.0,0,45.0,180.0,0.0,0.0,0.0,0.0,0,0,0.0,345.0,249.82,99.39,132.81
24,4,5,5,294200,Khanpur,151.41,77,521,260,261,0,0,0,0,0,0,1,1,0,0,0,0,0,0,3,0,0,0,0,2,0,3,0,0,0,0,0,0,0,0,3,0,0,0,0,3,0,0,0,0,0,0,0,0,1,0,1,2,2,1,2,2,1,2,2,2,,0,,1,1,0,0,0,7,0,1,1,0,0,3,2,0,2,0,3,0,2,1,1,0,0,3,0,3,2,0,3,0,3,0,3,1,2,2,2,2,2,VADNAGAR,18,1,0,0,0,1,1,N,,2,0,0,BAJRI,MUSTARD,WHEAT,0.0,12.0,0,0.0,21.2,0.0,28.0,0.0,0.0,0,0,0.0,61.2,73.77,7.34,9.1
24,4,5,5,294300,Sarna,577.31,320,1711,887,824,3,2,1,0,0,0,1,1,0,0,0,0,0,0,2,0,0,0,0,1,0,2,0,0,0,0,0,0,0,0,1,0,0,0,0,1,0,0,0,0,1,0,1,0,1,0,1,1,1,1,2,2,2,2,2,2,,0,,1,0,1,0,0,5,0,1,1,0,0,2,2,0,2,0,1,0,1,2,0,1,0,1,0,2,2,0,2,0,2,0,2,1,1,2,2,2,2,KHERALU,6,1,0,0,0,1,2,,,1,7132,593,GRAINS,PULSES,MUSTARD,0.0,200.0,0,0.0,0.0,0.0,100.0,0.0,0.0,0,0,0.0,300.0,197.73,27.64,51.94
24,4,5,5,294400,Badarpur,460.33,698,3808,1872,1936,351,175,176,0,0,0,1,1,0,0,0,1,0,0,2,0,0,0,0,1,0,2,0,0,0,0,0,0,0,0,2,0,0,0,0,2,1,0,0,0,0,0,2,0,1,0,1,1,1,1,2,2,2,2,2,2,,0,,1,1,0,0,0,0,2,1,1,0,0,2,2,0,2,0,2,0,2,1,1,0,1,0,0,2,2,0,2,0,2,0,2,1,1,1,2,2,2,VADNAGAR,6,1,0,0,0,1,1,N,M,1,1198,1202,PADDY,WHEAT,BAJRI,0.0,50.0,0,50.0,50.0,100.0,0.0,0.0,0.0,0,0,0.0,250.0,145.79,14.79,49.75
24,4,5,5,294500,Molipur,353.73,668,4031,2011,2020,271,132,139,0,0,0,1,1,0,0,0,0,0,0,1,0,0,0,0,1,0,1,0,0,0,0,0,0,0,0,1,0,0,0,0,3,0,0,0,0,0,0,2,0,1,0,1,1,2,1,2,2,2,2,2,2,,0,,1,1,0,0,0,6,0,1,1,0,0,1,2,0,2,0,1,0,1,1,1,0,0,1,0,1,2,0,1,0,3,0,3,1,2,2,2,2,2,VADNAGAR,3,1,0,0,0,1,1,N,,1,1288,1245,PULSES,GRAINS,COTTON,0.0,14.15,0,80.15,0.0,100.0,0.0,1.58,0.0,0,0,0.0,195.88,105.0,5.26,47.59
24,4,5,5,294600,Sulipur,172.38,333,1881,959,922,11,5,6,0,0,0,1,1,0,0,0,0,0,0,1,0,0,0,0,1,0,1,0,0,0,0,0,0,0,0,1,0,0,0,0,3,0,0,0,0,1,0,1,0,1,0,1,1,2,1,2,2,2,2,2,2,,0,,1,0,1,0,0,1,0,1,1,0,0,1,2,0,2,0,1,0,1,2,0,1,0,1,0,1,2,0,1,0,3,0,3,1,1,2,2,2,2,VADNAGAR,4,1,0,0,0,1,1,N,M,1,1121,1068,GRAINS,PULSES,MUSTARD,0.0,65.0,0,15.0,25.0,0.0,0.0,0.0,0.0,0,0,0.0,105.0,32.56,11.76,23.06
24,4,5,5,294700,Kesimpa,526.11,621,3755,1929,1826,211,105,106,0,0,0,1,1,0,0,0,1,0,0,2,0,0,0,0,1,0,2,0,0,0,0,0,0,0,0,2,0,0,0,0,2,1,0,0,0,1,0,2,0,1,0,1,2,1,1,2,1,1,2,2,2,,0,,1,1,0,0,0,10,0,1,1,0,1,0,2,0,2,0,2,0,2,1,1,0,1,0,0,2,2,0,2,0,3,0,2,1,1,1,2,2,2,VADNAGAR,7,1,0,0,0,1,1,N,M,1,2975,2989,WHEAT,BAJRI,COTTON,0.0,0.0,0,74.58,150.0,0.0,150.0,0.0,0.0,0,0,0.0,374.58,20.0,46.12,85.41
24,4,5,5,294800,Jagapura,195.43,247,1519,778,741,0,0,0,0,0,0,1,1,0,0,0,0,0,0,1,0,0,0,0,2,0,1,0,0,0,0,0,0,0,0,3,0,0,0,0,1,0,0,0,0,0,0,0,0,1,0,1,2,2,1,2,2,2,2,2,2,,0,,2,0,1,0,0,0,1,1,1,0,0,1,2,0,2,0,1,0,1,1,1,0,0,1,0,1,2,0,1,0,3,0,1,1,1,1,2,2,2,VADNAGAR,4,1,0,0,0,1,1,N,M,1,283,282,BAJRI,WHEAT,COTTON,0.0,20.25,0,10.0,5.0,0.0,30.0,0.0,0.0,0,0,0.0,65.25,100.03,9.21,20.94
24,4,5,5,294900,Bajpura,132.44,91,513,260,253,98,51,47,0,0,0,1,1,0,0,0,0,0,0,1,0,0,0,0,1,0,1,0,0,0,0,0,0,0,0,3,0,0,0,0,3,0,0,0,0,1,0,1,0,1,0,1,1,1,2,2,2,2,2,2,2,,0,,2,0,1,0,0,0,1,1,1,0,0,1,2,0,2,0,1,0,1,2,0,1,0,1,0,1,2,0,1,0,3,0,1,1,2,2,2,2,2,VADNAGAR,4,1,0,0,0,1,1,N,M,2,0,0,GRAINS,PULSES,MUSTARD,0.0,65.6,0,0.0,1.15,0.0,12.35,0.0,0.0,0,0,0.0,79.1,34.12,12.25,6.97
24,4,5,5,295000,Babipura,168.65,294,1552,804,748,72,40,32,0,0,0,1,1,0,0,0,0,0,0,3,0,0,0,0,1,0,3,0,0,0,0,0,0,0,0,3,0,0,0,0,3,0,0,0,0,1,0,1,0,1,0,1,2,1,1,2,2,2,2,2,2,,0,,1,0,1,0,0,1,0,1,1,0,0,3,2,0,2,0,2,0,2,2,0,1,0,3,0,3,2,0,3,0,3,0,3,1,2,2,2,2,2,VISNAGAR,16,1,0,0,0,1,1,N,M,1,602,594,WHEAT,BAJRI,MUSTARD,0.0,60.0,0,0.0,0.0,0.0,50.0,0.0,0.0,0,0,0.0,110.0,40.65,8.0,10.0
24,4,5,5,295100,Khatoda,458.88,275,1604,844,760,92,53,39,0,0,0,1,1,0,0,0,0,0,0,1,0,0,0,0,1,0,1,0,0,0,0,0,0,0,0,3,0,0,0,0,1,1,0,0,0,1,0,1,0,1,0,1,1,2,1,2,2,2,2,2,2,,0,,1,1,0,0,0,8,0,1,1,0,0,1,2,0,2,0,1,0,1,1,1,0,0,1,0,1,2,0,1,0,3,0,1,1,1,1,2,2,2,VADNAGAR,4,1,0,0,0,1,1,N,M,1,6473,6496,GRAINS,PULSES,MUSTARD,0.0,100.75,0,0.0,0.0,0.0,45.0,0.0,0.0,0,0,0.0,145.75,200.0,40.0,73.13
24,4,5,5,295200,Champa,195.43,136,936,469,467,21,9,12,0,0,0,1,1,0,0,0,0,0,0,2,0,0,0,0,1,0,2,0,0,0,0,0,0,0,0,2,0,0,0,0,2,0,0,0,0,0,0,1,0,1,0,2,1,1,1,2,2,2,2,2,2,,0,,1,0,2,0,0,5,0,1,1,0,0,2,2,0,2,0,2,0,2,2,0,1,0,2,0,2,2,0,2,0,3,0,2,1,2,2,2,2,2,VADNAGAR,5,1,0,0,0,1,1,N,M,1,478,417,GRAINS,PULSES,MUSTARD,0.0,120.0,0,0.0,0.0,0.0,0.0,0.0,0.0,0,0,0.0,120.0,50.94,3.34,21.15
24,4,5,5,295300,Navapura,94.4,135,740,375,365,30,12,18,0,0,0,1,1,0,0,0,0,0,0,1,0,0,0,0,1,0,1,0,0,0,0,0,0,0,0,1,0,0,0,0,2,0,0,0,0,1,0,1,0,1,0,1,1,2,1,2,2,2,2,2,2,,0,,1,1,0,0,0,2,0,1,1,0,0,1,2,0,2,0,1,0,1,2,0,1,0,1,0,1,2,0,1,0,3,0,3,1,2,1,2,2,2,VADNAGAR,4,1,0,0,0,1,1,N,M,1,782,711,BAJRI,WHEAT,MUSTARD,0.0,0.0,0,0.0,0.0,0.0,77.32,3.05,0.0,0,0,0.0,80.37,5.69,3.72,4.62
24,4,5,5,295400,Sultanpur,883.11,1010,6251,3143,3108,129,79,50,0,0,0,1,1,0,0,0,1,0,0,2,0,0,0,0,1,0,2,0,0,0,0,0,0,0,0,2,0,0,0,0,1,1,1,0,0,0,0,0,0,1,0,1,2,2,1,2,2,1,2,2,2,,0,,1,1,0,0,0,9,0,1,1,0,0,2,2,0,2,0,1,0,2,2,0,3,0,3,0,3,2,0,2,0,3,0,1,1,2,2,2,2,2,VADNAGAR,5,1,0,0,0,1,1,N,M,1,1031,1030,BAJRI,WHEAT,MUSTARD,0.0,300.0,0,0.0,100.0,0.0,1.4,0.0,0.0,0,0,0.0,401.4,175.0,100.0,206.71
24,4,5,5,295500,Shahpur (Vad),877.0,629,3098,1526,1572,169,84,85,0,0,0,1,2,0,0,0,1,0,0,2,0,0,0,0,1,0,2,0,0,0,0,0,0,0,1,0,0,0,0,1,0,1,0,0,0,1,0,0,0,1,0,1,2,2,1,2,2,2,2,2,2,,0,,1,1,0,0,0,15,0,1,1,0,0,2,2,0,2,0,2,0,1,1,1,0,0,2,0,2,2,0,2,0,3,0,3,1,2,2,2,2,2,VADNAGAR,8,1,0,0,0,1,1,N,M,1,271,270,MILK,WHEAT,COTTON,0.0,630.86,0,0.0,0.0,0.0,0.0,0.0,0.0,0,0,0.0,630.86,161.43,61.89,22.82
24,4,5,5,295600,Undhai,1152.01,603,2751,1390,1361,426,221,205,0,0,0,1,1,0,0,0,1,0,0,2,0,0,0,0,1,0,2,0,0,0,0,0,0,0,0,2,0,0,1,0,1,1,1,0,0,0,0,0,0,1,0,1,1,2,1,2,2,2,2,2,2,,0,,1,1,0,1,1,9,0,1,1,0,0,2,2,0,1,0,2,1,0,1,0,2,0,2,1,0,2,0,2,0,3,0,2,1,2,2,2,2,2,VADNAGAR,9,1,0,0,0,1,1,N,M,1,3344,3339,WHEAT,BAJRI,JOWAR,0.0,173.0,0,0.0,50.0,0.0,250.0,0.0,0.0,0,0,0.0,473.0,526.0,66.9,86.11
24,4,5,5,295700,Valasana,1649.92,603,2970,1516,1454,413,198,215,19,8,11,1,1,0,0,0,1,0,0,3,0,0,0,0,1,0,3,0,0,0,0,0,0,0,0,3,0,0,0,1,0,1,1,0,0,1,1,2,0,1,0,1,1,2,1,1,1,1,2,2,2,,0,,1,1,0,0,0,10,0,1,1,0,0,3,2,0,1,1,0,0,1,1,1,0,1,0,1,0,2,0,3,0,3,0,3,1,1,1,2,2,2,KHERALU,20,1,0,0,0,1,2,,,1,380,371,BAJRI,WHEAT,COTTON,0.0,150.0,0,0.0,50.0,0.0,150.0,0.0,58.91,0,0,0.0,408.91,985.52,138.12,117.37
24,4,5,5,295800,Vaghdi (Juni),448.63,65,313,168,145,95,52,43,0,0,0,1,1,0,0,0,0,0,0,3,0,0,0,0,1,0,3,0,0,0,0,0,0,0,0,3,0,0,0,0,1,0,0,0,0,1,0,0,0,1,0,1,1,2,2,2,1,2,2,2,2,,0,,1,0,1,0,0,4,0,1,1,0,0,3,2,0,2,0,1,0,2,2,0,3,0,3,0,3,2,0,3,0,3,0,3,1,1,1,2,2,2,KHERALU,24,1,0,0,0,1,1,N,M,2,0,0,WHEAT,BAJRI,MUSTARD,0.0,0.0,0,40.0,33.0,0.0,0.0,0.0,0.0,0,0,0.0,73.0,275.0,16.0,84.63
24,4,5,5,295900,Vaghadi (Navi),267.99,21,71,42,29,0,0,0,0,0,0,2,0,1,0,0,0,0,0,3,0,0,0,0,2,0,3,0,0,0,0,0,0,0,0,3,0,0,0,0,1,0,0,0,0,0,0,0,0,1,0,2,1,2,1,2,2,1,2,2,2,,0,,2,0,1,0,0,0,1,1,1,0,0,3,2,0,2,0,1,0,2,2,0,3,0,3,0,3,2,0,3,0,3,0,3,2,1,1,2,2,2,VADNAGAR,22,1,0,0,0,1,2,,,2,0,0,BAJRI,WHEAT,COTTON,0.0,35.0,0,45.0,0.0,0.0,80.0,1.18,0.0,0,0,0.0,161.18,100.0,0.0,6.81
24,4,5,5,296000,Shobhasan,1048.6,471,2458,1229,1229,144,62,82,8,5,3,1,1,0,0,0,1,0,0,3,0,0,0,0,1,0,3,0,0,0,0,0,0,0,0,3,0,0,0,0,1,1,1,0,0,0,0,0,0,1,0,1,2,1,1,2,2,1,2,2,2,,0,,1,1,0,0,0,1,0,1,1,0,0,3,2,0,2,0,2,0,2,1,1,0,0,3,0,3,2,0,3,0,3,0,3,1,1,1,2,2,2,VADNAGAR,17,1,0,0,0,1,1,N,M,1,852,835,GRAINS,MUSTARD,COTTON,0.0,643.39,0,0.0,161.87,0.0,65.15,0.55,0.0,0,0,0.0,870.96,107.01,65.01,5.62
24,4,5,5,296100,Pipaldar,1557.02,462,2098,1052,1046,202,95,107,0,0,0,1,2,0,0,0,0,0,0,3,0,0,0,0,1,0,3,0,0,0,0,0,0,0,0,3,0,0,0,0,1,0,0,0,0,1,0,0,0,1,0,1,1,1,1,2,2,1,2,2,2,,0,,1,1,0,0,0,0,1,1,1,0,0,3,2,0,2,0,1,0,3,2,0,3,0,3,0,3,2,0,3,0,3,0,3,1,1,1,2,2,2,VADNAGAR,11,1,0,0,0,1,1,N,M,1,3355,3323,MUSTARD,OIL SEEDS,COTTON,0.0,200.64,0,0.0,0.0,836.0,0.0,0.0,0.0,0,0,0.0,1036.64,330.0,178.23,12.15
24,4,5,5,296200,Karbatiya,1034.86,646,3008,1512,1496,472,244,228,5,3,2,1,1,0,0,0,1,1,0,2,0,0,0,0,1,0,2,0,0,0,0,0,0,0,1,0,0,0,0,1,0,1,1,0,0,1,0,3,0,1,0,1,2,1,1,2,2,1,2,2,2,,0,,1,1,0,0,0,115,0,1,1,0,0,2,2,0,1,1,0,0,2,1,2,0,1,0,0,2,2,0,2,0,2,0,2,1,1,2,2,2,2,VADNAGAR,8,1,0,0,0,1,2,,,1,765,737,BAJRI,WHEAT,COTTON,0.0,100.0,0,0.0,0.0,0.0,800.0,0.0,0.0,0,0,0.0,900.0,36.81,5.72,92.33
24,4,5,5,296300,Sabalpur,525.5,542,2419,1200,1219,68,30,38,0,0,0,1,1,0,0,0,1,0,0,2,0,0,0,0,1,0,3,0,0,0,0,0,0,0,0,2,0,0,0,0,1,1,0,0,0,0,0,0,0,1,0,1,2,1,1,2,2,1,2,2,2,,0,,1,1,0,0,0,15,0,1,1,0,0,2,2,0,2,0,2,0,1,2,0,2,0,2,0,2,2,0,2,0,3,0,2,1,1,1,2,2,2,VADNAGAR,5,1,0,0,0,1,1,N,M,1,1835,1691,GRAINS,PULSES,MUSTARD,0.0,22.8,0,0.0,0.0,0.0,340.61,0.0,0.0,0,0,0.0,363.41,96.98,28.62,36.49
24,4,5,5,296400,Rajpur (Vad),440.1,211,1089,539,550,211,119,92,0,0,0,1,1,0,0,0,0,0,0,2,0,0,0,0,1,0,2,0,0,0,0,0,0,0,0,2,0,0,0,0,2,0,0,0,0,0,0,2,0,1,0,1,2,2,1,2,2,1,2,2,2,,0,,1,1,0,0,0,10,0,1,1,0,0,2,2,0,2,0,2,0,2,2,0,2,0,2,0,2,2,0,2,0,2,0,2,1,1,1,2,2,2,VADNAGAR,7,1,0,0,0,1,2,,,1,1485,1467,BAJRI,WHEAT,COTTON,0.0,80.0,0,0.0,0.0,0.0,200.0,0.0,0.0,0,0,0.0,280.0,50.0,80.0,30.1
24,4,5,5,296500,Kamalpur,262.99,308,1821,927,894,69,35,34,0,0,0,1,1,0,0,0,0,0,0,1,0,0,0,0,2,0,1,0,0,0,0,0,0,0,0,1,0,0,0,0,1,0,0,0,0,0,0,0,0,1,0,1,1,1,2,2,2,2,2,2,2,,0,,1,0,1,0,0,1,0,1,1,0,0,1,2,0,2,0,1,0,1,2,0,1,0,1,0,1,2,0,1,0,3,0,1,1,1,1,2,2,2,VADNAGAR,4,1,0,0,0,1,2,,,1,600,600,WHEAT,BAJRI,PULSES,0.0,0.0,0,0.0,15.0,0.0,92.0,0.0,0.0,0,0,0.0,107.0,128.85,23.15,3.99
24,4,5,5,296600,Malekpur,384.01,553,2564,1289,1275,309,165,144,0,0,0,1,1,0,0,0,1,0,0,1,0,0,0,0,1,0,3,0,0,0,0,0,0,0,0,1,0,0,0,0,2,1,0,0,0,1,0,1,0,1,0,1,1,2,1,2,2,1,2,2,2,,0,,1,1,0,0,0,15,0,1,1,0,0,1,2,0,1,0,1,1,0,1,1,0,1,0,0,1,2,0,1,0,3,0,1,1,1,1,2,2,2,VADNAGAR,3,1,0,0,0,1,1,N,M,1,1745,1701,WHEAT,BAJRI,MILK,0.0,150.0,0,10.0,0.0,0.0,25.0,0.0,0.0,0,0,0.0,185.0,126.1,28.76,44.15
24,4,5,5,296700,Chandpur,104.99,78,408,211,197,0,0,0,0,0,0,1,1,0,0,0,0,0,0,1,0,0,0,0,2,0,1,0,0,0,0,0,0,0,0,1,0,0,0,0,2,0,0,0,0,0,0,0,0,1,0,2,1,2,2,2,2,1,2,2,2,,0,,2,0,1,0,0,0,1,1,1,0,0,1,2,0,2,0,1,0,1,2,0,1,0,1,0,1,2,0,1,0,3,0,1,2,1,1,2,2,2,VADNAGAR,3,1,0,0,0,1,1,N,M,2,0,0,PULSES,GRAINS,COTTON,0.0,40.0,0,10.0,0.0,0.0,20.0,0.0,0.0,0,0,0.0,70.0,28.6,6.39,0.0
24,4,5,5,296800,Shekhpur (Vad),407.09,101,508,281,227,29,13,16,0,0,0,1,1,0,0,0,0,0,0,2,0,0,0,0,2,0,2,0,0,0,0,0,0,0,0,2,0,0,0,0,3,0,0,0,0,0,0,0,0,1,0,1,1,1,1,2,2,2,2,2,2,,0,,1,0,2,0,0,1,0,1,1,0,0,2,2,0,2,0,2,0,2,2,0,2,0,2,0,2,2,0,2,0,3,0,2,1,1,1,2,2,2,VADNAGAR,6,1,0,0,0,1,1,N,,1,379,319,MUSTARD,WHEAT,PULSES,0.0,110.0,0,0.0,0.0,0.0,220.0,0.0,0.0,0,0,0.0,330.0,37.4,37.49,2.2
24,4,5,5,296900,Kahipur,1318.05,643,3788,1911,1877,340,179,161,14,9,5,1,2,0,0,0,1,0,0,3,0,0,0,0,1,0,3,0,0,0,0,0,0,0,0,3,0,0,0,0,3,1,1,0,0,2,0,3,0,1,0,1,1,1,1,2,2,1,2,2,2,,0,,1,1,0,0,0,25,0,1,1,0,0,3,2,0,2,0,3,0,2,1,0,3,0,3,1,0,2,0,3,0,3,0,3,1,2,2,2,2,2,VADNAGAR,11,1,0,0,0,1,1,N,M,1,486,450,GRAINS,COTTON,MUSTARD,0.0,2.27,0,0.0,0.0,0.0,1000.0,0.0,0.0,0,0,0.0,1002.27,200.0,110.3,5.48
24,4,5,5,297000,Mirjhapur,357.36,182,991,509,482,34,21,13,0,0,0,1,1,0,0,0,0,0,0,3,0,0,0,0,1,0,3,0,0,0,0,0,0,0,0,3,0,0,0,0,1,0,0,0,0,1,0,1,0,1,0,1,1,1,1,2,2,1,2,2,2,,0,,2,0,2,0,0,0,1,1,1,0,0,3,2,0,2,0,1,0,2,2,0,3,0,3,0,3,2,0,3,0,3,0,3,1,1,1,2,2,2,VADNAGAR,11,1,0,0,0,1,1,N,M,1,903,885,COTTON,OIL SEEDS,MUSTARD,0.0,100.0,0,0.0,0.0,169.79,0.0,0.0,0.0,0,0,0.0,269.79,40.0,18.04,29.53
24,4,5,5,297100,Chhabaliya,749.54,1199,6578,3363,3215,0,0,0,0,0,0,1,1,0,0,0,1,0,0,2,0,0,0,0,1,0,2,0,0,0,0,0,1,0,0,2,0,0,1,0,2,1,1,0,0,0,0,1,0,1,0,1,2,1,1,2,2,1,2,2,2,,0,,1,1,0,0,0,10,0,1,1,0,0,2,2,0,2,0,2,0,2,2,0,2,0,2,0,2,2,0,2,0,3,0,3,1,2,1,2,2,2,VADNAGAR,9,1,0,0,0,1,1,N,M,1,425,425,BAJRI,WHEAT,MUSTARD,0.0,0.79,0,0.0,0.0,0.0,468.2,35.91,0.0,0,0,0.0,504.9,220.1,17.68,6.86
24,4,5,5,297200,Transvad,695.35,563,2581,1259,1322,227,114,113,33,15,18,1,1,0,0,0,1,1,0,2,0,0,0,0,1,0,2,0,0,0,0,0,0,0,0,2,0,0,0,0,3,1,1,0,0,1,0,0,0,1,0,1,1,1,1,2,2,2,2,2,2,,0,,1,1,0,0,0,4,0,1,1,0,0,2,2,0,2,0,2,0,2,1,1,0,0,2,0,2,2,0,2,0,3,0,3,1,2,1,2,2,2,VADNAGAR,10,1,0,0,0,1,1,N,M,1,1722,1632,MUSTARD,WHEAT,PULSES,0.0,0.0,0,0.0,0.0,0.0,500.0,0.0,0.0,0,0,0.0,500.0,175.0,0.0,20.35
24,4,6,6,297300,Deriya,522.08,111,610,303,307,152,79,73,0,0,0,1,1,0,0,0,0,0,0,3,0,0,0,0,1,0,2,0,0,0,0,0,0,0,0,2,0,0,0,0,2,0,0,0,0,0,0,1,0,1,0,1,2,2,1,2,2,2,2,2,2,,0,,1,0,1,0,0,45,0,1,1,0,0,3,2,0,2,0,3,0,2,1,1,0,0,3,0,3,2,0,3,0,3,0,3,1,1,1,2,2,2,VIJAPUR,23,1,0,0,0,1,1,N,M,2,0,0,TOBACCO,COTTON,OIL SEEDS,0.0,40.0,0,0.0,0.0,0.0,290.6,0.0,0.0,0,0,0.0,330.6,5.0,61.73,124.75
24,4,6,6,297400,Techava,906.28,336,1769,919,850,65,34,31,1,0,1,1,1,0,0,0,0,0,0,3,0,0,0,0,1,0,2,0,0,0,0,0,0,0,0,2,0,0,0,0,2,0,0,0,0,0,0,1,0,1,0,1,2,2,1,2,2,2,2,2,2,,0,,1,0,1,0,0,45,0,1,1,0,0,3,2,0,2,0,2,0,2,1,1,0,0,3,0,3,2,0,3,0,3,0,3,1,1,1,2,2,2,VIJAPUR,26,1,0,0,0,1,1,N,M,1,485,458,COTTON,OIL SEEDS,TOBACCO,0.0,57.04,0,0.0,0.0,0.0,540.35,0.0,0.0,0,0,0.0,597.39,0.0,240.48,68.41
24,4,6,6,297500,Ransipur,1609.3,574,2738,1428,1310,226,125,101,69,55,14,1,2,0,0,0,1,0,0,2,0,0,0,0,1,0,3,0,0,0,0,0,0,0,0,1,0,0,0,0,1,1,1,0,1,1,0,1,0,1,0,1,2,2,1,2,1,1,2,2,2,,0,,1,1,0,0,0,60,0,1,1,0,0,3,2,0,2,0,3,0,1,1,1,0,1,0,0,3,2,0,3,0,3,0,3,1,1,1,2,2,2,VIJAPUR,24,1,0,0,0,1,1,N,M,1,1097,1071,COTTON,TOBACCO,WHEAT,0.0,800.0,0,100.0,0.0,0.0,549.0,0.0,0.0,0,0,0.0,1449.0,0.0,52.78,107.52
24,4,6,6,297600,Gundrasan,628.79,422,2012,1004,1008,168,85,83,63,39,24,1,1,0,0,0,1,0,0,2,0,0,0,0,2,0,2,0,0,0,0,0,0,0,0,2,0,0,0,0,2,0,0,0,0,0,0,0,0,1,0,1,2,2,1,2,2,2,2,2,2,,0,,1,1,0,0,0,8,0,1,1,0,0,2,2,0,2,0,2,0,2,1,1,0,0,3,0,3,2,0,3,0,3,0,3,1,1,1,2,2,2,VADNAGAR,6,1,0,0,0,1,1,N,M,1,129,136,WHEAT,BAJRI,JOWAR,0.0,120.0,0,0.0,0.0,0.0,452.34,0.0,0.0,0,0,0.0,572.34,0.0,53.38,3.07
24,4,6,6,297700,Bamanva,1171.74,633,2944,1464,1480,266,144,122,5,3,2,1,1,0,0,0,1,0,0,3,0,0,0,0,1,0,1,0,0,0,0,0,0,0,0,1,0,0,0,0,1,1,1,0,0,2,0,2,0,1,0,1,2,2,1,2,2,2,2,2,2,,0,,1,1,0,0,0,2,0,1,1,0,0,2,2,0,2,0,1,0,2,1,1,0,0,2,0,3,2,0,2,0,3,0,3,1,1,1,2,2,2,VADNAGAR,6,1,0,0,0,1,1,N,M,1,601,614,WHEAT,BAJRI,COTTON,0.0,150.0,0,16.0,0.0,0.0,789.1,0.0,0.0,0,0,0.0,955.1,24.06,146.35,46.23
24,4,6,6,297800,Malav,452.68,191,825,436,389,95,56,39,0,0,0,1,1,0,0,0,0,0,0,3,0,0,0,0,1,0,1,0,0,0,0,0,0,0,0,1,0,0,0,0,1,0,0,0,0,0,0,1,0,1,0,1,2,2,1,2,2,2,2,2,2,,0,,1,1,0,0,0,2,0,1,1,0,0,1,2,0,2,0,1,0,1,1,1,0,0,2,0,3,2,0,1,0,3,0,3,1,1,1,2,2,2,VADNAGAR,8,1,0,0,0,1,1,N,M,1,220,235,BAJRI,MUSTARD,COTTON,0.0,25.0,0,0.0,0.0,0.0,368.66,0.0,0.0,0,0,0.0,393.66,0.0,54.08,4.94
24,4,6,6,297900,Abasana,341.66,272,1433,701,732,41,22,19,0,0,0,1,1,0,0,0,0,0,0,3,0,0,0,0,1,0,3,0,0,0,0,0,0,0,0,3,0,0,0,0,3,1,1,0,0,0,0,2,0,1,0,1,2,2,1,2,2,2,2,2,2,,0,,1,0,3,0,0,10,0,1,1,0,0,3,2,0,2,0,1,0,1,1,1,0,0,3,0,3,2,0,3,0,3,0,3,1,1,1,2,2,2,VISNAGAR,12,1,0,0,0,1,1,N,M,1,174,168,COTTON,MUSTARD,OIL SEEDS,0.0,0.0,0,0.0,0.0,318.65,0.0,0.0,0.0,0,0,0.0,318.65,0.0,21.39,1.62
24,4,6,6,298000,Mandalikharod,612.76,489,2691,1409,1282,263,134,129,0,0,0,1,1,0,0,0,0,0,0,3,0,0,0,0,1,0,3,0,0,0,0,0,0,0,0,3,0,0,0,0,1,0,0,0,0,1,0,1,0,1,0,1,2,2,1,2,2,2,2,2,2,,0,,1,1,0,0,0,4,0,1,1,0,0,3,2,0,2,0,1,0,1,1,1,0,0,3,0,3,2,0,3,0,3,0,3,1,1,1,2,2,2,VISNAGAR,12,1,0,0,0,1,1,N,M,1,1246,1262,COTTON,OIL SEEDS,MUSTARD,0.0,0.0,0,0.0,24.56,11.0,520.0,0.0,0.0,0,0,0.0,555.56,0.0,56.37,0.83
24,4,6,6,298100,Jantral,2041.63,1213,5824,3010,2814,415,208,207,6,3,3,1,2,0,0,0,1,1,0,3,0,0,0,0,1,0,3,0,0,0,0,0,0,0,0,1,0,0,0,0,1,1,1,0,0,3,0,1,0,1,0,1,2,2,1,2,2,2,2,2,2,,0,,1,1,0,0,0,119,0,1,1,0,0,3,2,0,1,1,0,1,0,1,1,0,0,3,0,3,2,0,3,0,3,0,3,1,2,2,2,2,2,VIJAPUR,20,1,0,0,0,1,1,N,M,1,3702,3431,WHEAT,COTTON,BAJRI,0.0,0.0,0,0.0,0.0,0.0,1851.65,0.0,0.0,0,0,0.0,1851.65,0.0,185.58,4.4
24,4,6,6,298200,Kamalpur,834.68,406,2024,1049,975,45,27,18,0,0,0,1,1,0,0,0,1,1,0,3,0,0,0,0,1,0,3,0,0,0,0,0,0,0,0,1,0,0,0,0,1,1,1,0,0,1,0,1,0,1,0,1,2,2,1,2,2,2,2,2,2,,0,,1,0,1,0,0,27,0,1,1,0,0,3,2,0,2,0,1,0,1,1,1,0,0,3,0,3,2,0,3,0,3,0,3,1,2,2,2,2,2,VIJAPUR,20,1,0,0,0,1,1,N,,1,1074,1036,COTTON,JOWAR,BAJRI,0.0,0.0,0,0.0,100.0,310.2,348.05,0.0,0.0,0,0,0.0,758.25,0.0,35.78,40.65
24,4,6,6,298300,Sardarpur,1403.3,880,4418,2236,2182,492,246,246,0,0,0,1,1,0,0,0,1,1,0,3,0,0,0,0,1,1,0,0,0,0,1,0,0,0,1,0,0,0,0,1,0,1,1,0,0,1,0,4,0,1,0,1,2,2,1,2,2,2,2,2,2,,0,,1,1,0,1,1,30,0,1,1,0,0,3,2,0,1,0,1,1,0,1,1,0,0,1,0,3,1,1,0,0,3,0,3,1,1,1,2,2,2,VIJAPUR,15,1,0,0,0,1,1,N,M,1,2975,3228,TOBACCO,COTTON,OIL SEEDS,17.0,60.0,0,0.0,0.0,200.0,1030.0,0.0,0.0,0,0,0.0,1290.0,74.0,14.3,8.0
24,4,6,6,298400,Kot,763.02,337,1671,869,802,91,49,42,82,34,48,1,1,0,0,0,0,0,0,3,0,0,0,0,1,0,2,0,0,0,0,0,0,0,0,2,0,0,0,0,2,0,0,0,0,1,0,1,0,1,0,1,2,2,1,2,1,1,2,2,2,,0,,1,1,0,0,0,1,0,1,1,0,0,3,2,0,2,0,2,0,1,1,1,0,0,3,0,3,2,0,3,0,3,0,3,1,1,1,2,2,2,VIJAPUR,22,1,0,0,0,1,1,N,M,1,2203,2231,WHEAT,BAJRI,TOBACCO,0.0,48.6,0,0.0,0.0,0.0,532.5,0.0,54.2,0,0,0.0,635.3,0.0,10.23,117.49
24,4,6,6,298500,Rampur Kot,754.49,457,2302,1183,1119,179,100,79,0,0,0,1,2,0,0,0,0,0,0,3,0,0,0,0,1,0,1,0,0,0,0,0,0,0,0,1,0,0,0,0,1,1,1,0,0,1,0,1,0,1,0,1,2,2,1,2,1,2,2,2,2,,0,,1,1,0,0,0,2,0,1,1,0,0,3,2,0,2,0,2,0,2,1,1,0,0,3,0,3,2,0,3,0,3,0,3,1,1,1,2,2,2,VIJAPUR,16,1,0,0,0,1,1,N,M,1,1059,1158,WHEAT,BAJRI,COTTON,0.0,0.0,0,115.0,0.0,100.0,176.0,0.0,160.0,0,0,0.0,551.0,85.0,50.0,68.49
24,4,6,6,298600,Fudeda,868.77,850,4054,2102,1952,208,106,102,147,75,72,1,2,0,0,0,1,0,0,3,0,0,0,0,1,0,1,0,0,0,0,0,0,0,0,1,0,0,0,0,1,0,1,0,0,1,0,2,0,1,0,1,2,2,1,2,2,2,2,2,2,,0,,1,1,0,0,0,37,0,1,1,0,0,3,2,0,1,1,0,0,1,1,1,0,1,0,0,3,1,1,0,0,3,0,3,1,1,1,2,2,2,VIJAPUR,18,1,0,0,0,1,1,N,M,1,2269,2163,WHEAT,JOWAR,TOBACCO,94.0,0.0,0,0.0,125.0,0.0,400.0,0.0,100.0,0,0,0.0,625.0,50.0,49.0,50.77
24,4,6,6,298700,Pedhamali,1370.83,769,3800,1978,1822,302,142,160,190,114,76,1,1,0,0,0,1,0,0,3,0,0,0,0,1,0,2,0,0,0,1,0,0,0,0,2,0,0,0,0,2,0,1,0,0,3,0,3,0,1,0,1,2,2,1,2,1,2,2,2,2,,0,,1,1,0,0,0,30,0,1,1,0,0,3,2,0,2,0,1,0,3,1,1,0,1,0,0,3,2,0,3,0,3,0,3,1,1,1,2,2,2,VIJAPUR,13,1,0,0,0,1,1,N,M,1,3314,3242,BAJRI,TOBACCO,MUSTARD,0.0,0.0,0,0.0,0.0,0.0,1081.83,0.0,0.0,0,0,0.0,1081.83,0.0,231.93,57.07
24,4,6,6,298800,Sundarpur,344.66,765,3738,1898,1840,278,144,134,72,40,32,1,1,0,0,0,1,1,0,3,0,0,0,0,1,0,3,0,0,0,0,0,0,0,0,1,0,0,0,0,1,1,0,0,0,1,0,2,0,1,0,1,2,2,1,2,2,2,2,2,2,,0,,1,1,0,0,0,20,0,1,1,0,0,3,2,0,2,0,1,0,2,1,1,0,0,1,0,3,2,0,3,0,3,0,3,1,1,1,2,2,2,VIJAPUR,12,1,0,0,0,1,1,N,M,1,1524,1490,TOBACCO,POTATO,COTTON,10.0,0.0,0,0.0,81.0,0.0,121.0,0.0,0.0,0,0,0.0,202.0,21.0,26.48,85.18
24,4,6,6,298900,Changod,514.64,161,789,394,395,81,41,40,24,14,10,1,1,0,0,0,0,0,0,3,0,0,0,0,1,0,3,0,0,0,0,0,0,0,0,1,0,0,0,0,1,0,0,0,0,2,0,1,0,1,0,1,2,2,1,2,2,2,2,2,2,,0,,1,0,1,0,0,5,0,1,1,0,0,3,2,0,2,0,2,0,1,1,1,0,0,1,0,3,2,0,3,0,3,0,3,1,1,1,2,2,2,VIJAPUR,12,1,0,0,0,1,1,N,M,1,503,506,TOBACCO,POTATO,BAJRI,0.0,42.0,0,0.0,0.0,57.41,371.59,0.0,0.0,0,0,0.0,471.0,0.0,27.76,15.88
24,4,6,6,299000,Kharod,1850.54,1304,6215,3222,2993,558,292,266,18,11,7,1,2,0,0,0,1,1,0,3,0,0,0,0,1,1,0,0,0,0,1,1,0,0,1,0,0,0,1,1,0,2,1,0,0,1,0,4,0,1,0,1,2,2,1,2,2,2,2,2,2,,0,,1,1,0,0,0,30,0,1,1,0,0,3,2,0,2,0,2,0,2,1,1,0,0,2,0,3,2,0,3,0,3,0,3,1,1,1,2,2,2,VIJAPUR,14,1,0,0,0,1,1,N,M,1,2634,2754,COTTON,POTATO,BAJRI,0.0,0.0,0,0.0,0.0,0.0,1675.45,1.13,0.0,0,0,0.0,1676.58,0.0,170.08,3.88
24,4,6,6,299100,Biliya,635.28,394,2002,1011,991,308,170,138,5,3,2,1,1,0,0,0,1,1,0,3,0,0,0,0,1,0,2,0,0,0,0,0,0,0,0,2,0,0,0,0,2,1,1,0,0,2,1,2,0,1,0,1,2,2,1,2,2,2,2,2,2,,0,,1,1,0,0,0,50,0,1,1,0,0,3,2,0,1,1,0,0,3,1,1,0,0,3,0,3,2,0,3,0,3,0,3,1,1,1,2,2,2,VIJAPUR,17,1,0,0,0,1,1,N,M,1,484,493,WHEAT,COTTON,POTATO,0.0,0.0,0,0.0,0.0,0.0,571.0,0.0,0.0,0,0,0.0,571.0,30.0,18.0,16.28
24,4,6,6,299200,Morvad,324.35,332,1718,989,729,208,132,76,5,3,2,1,1,0,0,0,1,1,0,3,0,0,0,0,1,0,3,0,0,0,0,0,0,0,0,2,0,0,0,0,2,0,0,0,0,1,0,1,0,1,0,1,2,2,1,2,2,2,2,2,2,,0,,1,0,1,0,0,22,0,1,1,0,0,3,2,0,2,0,1,0,2,1,1,0,0,3,0,3,2,0,3,0,3,0,3,1,1,1,2,2,2,VISNAGAR,16,1,0,0,0,1,1,N,M,1,870,956,COTTON,MUSTARD,OIL SEEDS,0.0,0.0,0,0.0,0.0,24.56,260.44,0.0,0.0,0,0,0.0,285.0,0.0,37.85,1.5
24,4,6,6,299300,Gunchhali,347.46,220,1067,557,510,22,11,11,0,0,0,1,1,0,0,0,0,0,0,3,0,0,0,0,1,0,3,0,0,0,0,0,0,0,0,3,0,0,0,0,3,0,0,0,0,1,0,2,0,1,0,1,2,2,1,2,2,2,2,2,2,,0,,1,0,1,0,0,8,0,1,1,0,0,3,2,0,2,0,1,0,2,1,1,0,1,0,0,3,2,0,3,0,3,0,3,1,1,2,2,2,2,VIJAPUR,16,1,0,0,0,1,1,N,M,1,333,369,COTTON,CASTOR SEEDS,POTATO,17.0,0.0,0,0.0,9.16,287.63,0.0,0.0,0.0,0,0,0.0,296.79,0.0,23.17,10.5
24,4,6,6,299400,Tatosan,646.51,365,1919,1022,897,69,41,28,5,1,4,1,1,0,0,0,0,0,0,3,0,0,0,0,1,0,3,0,0,0,0,0,0,0,0,3,0,0,0,0,3,0,0,0,0,1,0,1,0,1,0,1,2,2,1,2,2,2,2,2,2,,0,,1,1,0,0,0,15,0,1,1,0,0,3,2,0,2,0,1,0,1,1,1,0,0,3,0,3,1,1,0,0,3,0,3,1,1,1,2,2,2,VIJAPUR,18,1,0,0,0,1,1,N,M,1,4337,4543,COTTON,CASTOR SEEDS,MUSTARD,6.0,0.0,0,0.0,0.0,43.6,538.5,0.0,0.0,0,0,0.0,582.1,0.0,23.49,34.92
24,4,6,6,299500,Abharampura,204.89,245,1331,696,635,37,19,18,0,0,0,1,1,0,0,0,0,0,0,3,0,0,0,0,1,0,3,0,0,0,0,0,0,0,0,2,0,0,0,0,1,0,0,0,0,1,0,1,0,1,0,1,2,2,1,2,2,2,2,2,2,,0,,1,1,0,0,0,3,0,1,1,0,0,1,2,0,2,0,1,0,1,1,1,0,0,2,0,3,2,0,3,0,3,0,3,1,1,1,2,2,2,VIJAPUR,17,1,0,0,0,1,1,N,M,1,152,151,COTTON,CASTOR SEEDS,POTATO,0.0,0.0,0,0.0,0.0,0.0,142.0,0.0,0.0,0,0,0.0,142.0,40.42,22.34,0.13
24,4,6,6,299600,Ladol,4195.63,2120,10369,5392,4977,1061,541,520,50,23,27,1,2,0,0,0,2,2,0,2,0,1,0,0,1,1,0,0,0,0,1,0,0,0,1,0,1,0,0,1,0,3,1,0,0,3,0,3,1,1,0,1,2,2,1,2,2,2,2,2,2,,0,,1,1,0,1,1,58,0,1,1,0,0,2,2,0,1,1,0,1,0,1,1,0,1,0,0,2,1,1,0,0,2,0,3,1,1,1,2,2,2,VIJAPUR,8,1,0,0,0,1,1,N,M,1,5507,5646,TOBACCO,POTATO,BAJRI,200.0,0.0,0,0.0,0.0,1500.0,2275.0,0.0,0.0,0,0,0.0,3775.0,0.0,201.55,19.08
24,4,6,6,299700,Soja,1095.29,412,2573,1333,1240,222,122,100,0,0,0,1,1,0,0,0,0,0,0,3,0,0,0,0,1,0,1,0,0,0,0,0,0,0,0,1,0,0,0,0,1,0,0,0,0,2,0,1,0,1,0,1,2,2,1,2,1,2,2,2,2,,0,,1,1,0,0,0,2,0,1,1,0,0,3,2,0,2,0,1,0,1,1,2,0,0,3,0,3,2,0,3,0,3,0,3,1,1,1,2,2,2,VIJAPUR,16,1,0,0,0,1,1,N,M,1,123,130,BAJRI,WHEAT,JOWAR,186.89,0.0,0,0.0,200.0,100.0,403.87,0.0,0.0,0,0,0.0,703.87,0.0,126.42,78.11
24,4,6,6,299800,Falu,709.93,856,4265,2232,2033,352,180,172,53,29,24,1,2,0,0,0,1,1,0,3,1,1,0,0,1,1,0,0,0,0,1,0,0,0,1,0,0,0,0,1,0,1,1,0,0,5,0,3,0,1,0,1,2,2,1,2,2,2,2,2,2,,0,,1,1,0,0,0,87,0,1,1,0,0,3,2,0,1,0,1,1,0,1,1,0,1,0,0,3,2,0,3,0,3,0,3,1,1,1,2,2,2,VIJAPUR,12,1,0,0,0,1,1,N,M,1,1602,2653,TOBACCO,WHEAT,BAJRI,0.0,0.0,0,0.0,180.0,220.0,177.99,0.0,0.0,0,0,0.0,577.99,0.0,61.56,70.38
24,4,6,6,299900,Agalod,1655.1,318,1421,767,654,0,0,0,0,0,0,1,2,0,0,0,2,0,0,3,0,0,0,0,1,0,1,0,0,0,1,0,0,0,0,1,0,0,0,0,1,1,1,0,0,3,0,1,0,1,0,1,2,2,1,2,1,2,2,2,2,,0,,1,1,0,0,0,10,0,1,1,0,0,3,2,0,2,0,2,0,1,1,2,0,1,0,0,3,2,0,3,0,3,0,3,1,1,1,2,2,2,VIJAPUR,14,1,0,0,0,1,1,N,M,1,2240,2245,WHEAT,BAJRI,MUSTARD,0.0,0.0,0,0.0,0.0,146.0,1328.0,0.0,91.0,0,0,0.0,1565.0,0.0,78.0,12.1
24,4,6,6,300000,Jepur,0.0,663,3339,1765,1574,138,70,68,28,16,12,1,1,0,0,0,2,0,0,2,1,0,0,0,1,0,1,0,0,0,1,0,0,0,0,2,0,0,0,0,1,1,0,0,0,1,1,1,0,1,0,1,2,2,1,2,2,2,2,2,2,,0,,2,0,1,0,0,0,1,1,1,0,0,2,2,0,2,0,2,0,1,1,1,0,1,0,0,2,2,0,3,0,3,0,3,1,1,1,2,2,2,VIJAPUR,10,1,0,0,0,1,1,N,M,2,0,0,WHEAT,BAJRI,JOWAR,0.0,0.0,0,0.0,0.0,0.0,0.0,0.0,0.0,0,0,0.0,0.0,0.0,0.0,0.0
24,4,6,6,300100,Hathipura,257.42,411,2116,1102,1014,259,144,115,0,0,0,1,1,0,0,0,0,0,0,3,0,1,0,0,1,0,1,0,0,0,1,0,0,0,0,1,0,0,0,0,1,0,0,0,0,2,0,1,0,1,0,1,2,2,1,2,2,2,2,2,2,,0,,1,1,0,0,0,1,0,1,1,0,0,3,2,0,2,0,2,0,1,1,1,0,0,1,0,3,2,0,3,0,3,0,3,1,1,1,2,2,2,VIJAPUR,14,1,0,0,0,1,1,N,M,1,706,622,COTTON,TOBACCO,MUSTARD,0.0,0.0,0,0.0,0.0,0.0,138.12,0.0,0.0,0,0,0.0,138.12,85.05,15.5,18.75
24,4,6,6,300200,Malosan,1248.55,890,4393,2302,2091,351,183,168,1,1,0,1,2,0,0,0,1,0,0,2,0,0,0,0,1,1,0,0,0,0,1,0,0,0,0,2,0,0,0,0,2,2,1,0,0,1,0,2,0,1,0,1,2,2,1,2,2,2,2,2,2,,0,,1,1,0,0,0,190,0,1,1,0,0,1,2,0,1,0,1,1,0,1,1,0,0,2,0,2,1,1,0,0,3,0,3,1,1,1,2,2,2,VIJAPUR,9,1,0,0,0,1,1,N,M,1,4245,4276,WHEAT,BAJRI,JOWAR,0.0,0.0,0,0.0,0.0,0.0,1147.48,0.0,0.0,0,0,0.0,1147.48,99.91,0.0,1.16
24,4,6,6,300300,Pamol,614.01,933,4570,2274,2296,530,279,251,29,19,10,1,1,0,0,0,1,0,0,2,0,0,0,0,1,1,0,0,0,0,1,1,0,0,1,0,2,0,0,0,2,1,1,0,0,3,0,2,0,1,0,1,2,2,1,2,2,2,2,2,2,,0,,1,1,0,0,0,223,0,1,1,0,0,1,2,0,1,1,0,1,0,1,1,0,1,0,2,0,2,0,2,0,3,0,3,1,1,1,2,2,2,VIJAPUR,9,1,0,0,0,1,1,N,M,1,5380,8022,WHEAT,BAJRI,COTTON,0.0,0.0,0,0.0,0.0,0.0,490.02,0.0,0.0,0,0,0.0,490.02,0.0,121.4,2.59
24,4,6,6,300400,Kelisana,437.33,327,1656,863,793,183,90,93,0,0,0,1,1,0,0,0,0,0,0,3,0,0,0,0,1,0,1,0,0,0,0,0,0,0,0,1,0,0,0,0,1,0,0,0,0,1,0,1,0,1,0,1,2,2,1,2,2,2,2,2,2,,0,,1,1,0,0,0,32,0,1,1,0,0,3,2,0,2,0,1,0,1,1,1,0,0,3,0,3,2,0,3,0,3,0,3,1,2,2,2,2,2,VISNAGAR,9,1,0,0,0,1,1,N,M,1,1425,1400,CASTOR SEEDS,COTTON,MUSTARD,10.0,0.0,0,0.0,55.01,325.1,0.0,0.0,0.0,0,0,0.0,380.11,0.0,30.23,16.99
24,4,6,6,300500,Sayajinagar,12.67,197,895,451,444,0,0,0,0,0,0,1,1,0,0,0,0,0,0,3,0,0,0,0,2,0,2,0,0,0,0,0,0,0,0,2,0,0,0,0,2,0,0,0,0,0,0,0,0,1,0,1,2,2,2,2,2,2,2,2,2,,0,,1,1,0,0,0,12,0,1,1,0,0,2,2,0,2,0,2,0,2,1,1,0,0,2,0,2,2,0,2,0,3,0,3,1,1,1,2,2,2,VISNAGAR,15,1,0,0,0,1,1,N,M,1,1046,1045,COTTON,POTATO,WHEAT,0.0,0.0,0,0.0,0.0,0.0,12.67,0.0,0.0,0,0,0.0,12.67,0.0,0.0,0.0
24,4,6,6,300600,Vadasan,1013.87,529,2739,1396,1343,130,63,67,0,0,0,1,1,0,0,0,1,0,0,3,0,0,0,0,1,0,1,0,0,0,0,0,0,0,0,1,0,0,0,0,1,1,1,0,0,1,0,1,0,1,0,1,2,2,1,2,2,2,2,2,2,,0,,1,1,0,0,0,40,0,1,1,0,0,1,2,0,2,0,1,0,1,1,1,0,0,1,0,1,2,0,1,0,3,0,3,1,1,1,2,2,2,VISNAGAR,16,1,0,0,0,1,1,N,M,1,2751,2673,PADDY,BAJRI,WHEAT,10.0,0.0,0,0.0,212.0,0.0,671.0,0.0,0.0,0,0,0.0,883.0,0.0,100.54,20.33
24,4,6,6,300700,Dagavadiya,275.07,481,2513,1302,1211,403,220,183,0,0,0,1,1,0,0,0,1,0,0,3,0,0,0,0,1,0,3,0,0,0,0,0,0,0,0,3,0,0,0,0,2,1,1,0,0,1,0,2,0,1,0,1,2,2,1,2,2,2,2,2,2,,0,,1,1,0,0,0,7,0,1,1,0,0,2,2,0,2,0,2,0,2,1,1,0,0,2,0,2,2,0,2,0,3,0,3,1,1,1,2,2,2,VISNAGAR,12,1,0,0,0,1,1,N,M,1,1510,1500,COTTON,CASTOR SEEDS,MUSTARD,0.0,0.0,0,0.0,0.0,0.0,254.64,0.0,0.0,0,0,0.0,254.64,0.0,20.26,0.17
24,4,6,6,300800,Asoda,645.54,234,1194,616,578,149,77,72,0,0,0,1,1,0,0,0,0,0,0,3,0,0,0,0,1,0,2,0,0,0,0,0,0,0,0,2,0,0,0,0,2,0,0,0,0,0,0,2,0,1,0,1,2,2,1,2,2,2,2,2,2,,0,,1,1,0,0,0,57,0,1,1,0,0,2,2,0,2,0,2,0,2,1,1,0,0,2,0,2,2,0,2,0,3,0,3,1,1,1,2,2,2,VIJAPUR,18,1,0,0,0,1,1,N,M,1,1220,1215,CASTOR SEEDS,COTTON,MUSTARD,0.0,0.0,0,0.0,0.0,0.0,609.59,3.3,0.0,0,0,0.0,612.89,0.0,31.35,1.3
24,4,6,6,300900,Manekpur Dabhala,213.89,164,878,451,427,7,4,3,0,0,0,1,1,0,0,0,0,0,0,3,0,0,0,0,1,0,2,0,0,0,0,0,0,0,0,2,0,0,0,0,2,0,1,0,0,1,0,1,0,1,0,1,2,2,1,2,2,2,2,2,2,,0,,1,1,0,0,0,3,0,1,1,0,0,2,2,0,2,0,2,0,2,1,1,0,0,2,0,3,2,0,3,0,3,0,3,1,1,1,2,2,2,MAHESANA,20,1,0,0,0,1,1,N,M,1,636,689,WHEAT,MUSTARD,COTTON,0.0,0.0,0,0.0,0.0,31.5,150.07,0.0,0.0,0,0,0.0,181.57,0.0,28.42,3.9
24,4,6,6,301000,Dabhala,2269.82,1525,8354,4327,4027,230,115,115,5,3,2,1,2,0,0,0,1,0,0,3,0,0,0,0,1,0,1,0,0,0,0,0,0,0,0,1,0,0,0,0,1,1,1,0,0,1,0,1,0,1,0,1,2,2,1,2,2,2,2,2,2,,0,,1,1,0,0,0,12,0,1,1,0,0,1,2,0,2,0,1,0,1,1,2,0,0,3,0,3,2,0,3,0,3,0,3,1,1,1,2,2,2,MAHESANA,22,1,0,0,0,1,1,N,M,1,2623,2619,COTTON,WHEAT,BAJRI,0.0,0.0,0,0.0,0.0,350.0,1685.41,0.0,0.0,0,0,0.0,2035.41,0.0,210.0,24.41
24,4,6,6,301100,Devda,516.8,555,2640,1347,1293,132,66,66,0,0,0,1,2,0,0,0,0,0,0,2,0,0,0,0,1,0,1,0,0,0,0,0,0,0,0,1,0,0,0,0,1,0,1,0,0,1,0,2,0,1,0,1,2,2,1,2,2,2,2,2,2,,0,,1,1,0,0,0,35,0,1,1,0,0,1,2,0,2,0,1,0,1,1,1,0,0,1,0,1,2,0,1,0,3,0,3,1,2,2,2,2,2,VIJAPUR,16,1,0,0,0,1,1,N,,1,642,687,WHEAT,BAJRI,COTTON,0.0,0.0,0,0.0,0.0,435.01,0.0,0.0,0.0,0,0,0.0,435.01,0.0,69.56,12.23
24,4,6,6,301200,Sokhada,616.47,362,1787,917,870,267,146,121,0,0,0,1,1,0,0,0,0,0,0,3,0,0,0,0,1,0,1,0,0,0,0,0,0,0,0,1,0,0,0,0,1,1,1,0,0,0,0,1,0,1,0,1,2,2,1,2,2,2,2,2,2,,0,,1,1,0,0,0,16,0,1,1,0,0,1,2,0,2,0,1,0,1,1,1,0,0,1,0,1,2,0,1,0,3,0,3,1,1,1,2,2,2,VISNAGAR,15,1,0,0,0,1,1,N,M,1,919,814,COTTON,CASTOR SEEDS,MUSTARD,7.0,0.0,0,0.0,0.0,0.0,537.36,0.0,0.0,0,0,0.0,537.36,12.6,30.0,29.51
24,4,6,6,301300,Gerita,1447.74,1114,5026,2596,2430,340,169,171,0,0,0,1,2,0,0,0,0,0,0,3,0,0,0,0,1,0,1,0,0,0,1,0,0,0,0,1,0,0,0,0,3,1,1,0,0,0,0,2,0,1,0,1,2,2,1,2,2,2,2,2,2,,0,,1,1,0,0,1,25,0,1,1,0,1,0,2,0,1,1,0,0,3,1,1,0,0,3,0,3,2,0,3,0,3,0,3,1,1,1,2,2,2,VIJAPUR,15,1,0,0,0,1,1,N,M,1,775,675,COTTON,CASTOR SEEDS,MUSTARD,0.0,0.0,0,0.0,0.0,50.0,1319.89,0.0,0.0,0,0,0.0,1369.89,0.0,36.18,41.67
24,4,6,6,301400,Gavada,1406.95,1229,5873,2999,2874,444,228,216,0,0,0,1,2,0,0,0,1,1,0,2,0,0,0,0,1,0,2,0,0,0,1,0,0,0,0,2,0,0,0,0,3,1,1,0,0,1,0,3,0,1,0,1,2,2,1,1,2,2,2,2,2,,0,,1,1,0,1,1,7,0,1,1,0,1,0,2,0,1,1,0,0,2,1,2,0,0,2,0,2,2,0,2,0,3,0,3,1,1,1,2,2,2,VIJAPUR,8,1,0,0,0,1,1,N,M,1,2210,2223,WHEAT,BAJRI,COTTON,0.0,0.0,0,0.0,40.29,0.0,1209.0,0.0,0.0,0,0,0.0,1249.29,0.0,11.0,146.66
24,4,6,6,301500,Vijapur(Rural) (Part),3032.4,1929,10161,5344,4817,610,327,283,38,23,15,1,1,0,0,0,4,1,0,1,0,0,0,0,1,1,0,0,0,0,1,0,0,0,1,0,1,0,0,0,3,1,1,1,0,4,0,5,0,1,0,1,2,2,1,2,2,2,2,2,2,,0,,1,1,0,1,1,132,0,1,1,0,0,2,2,0,1,1,0,1,0,1,9,0,3,0,2,0,2,0,2,0,3,0,3,1,1,1,2,2,2,VIJAPUR,5,1,0,0,0,1,1,N,M,1,22250,18875,WHEAT,BAJRI,JOWAR,0.0,0.0,0,0.0,0.0,0.0,2236.64,0.0,0.0,0,0,0.0,2236.64,216.25,265.29,314.22
24,4,6,6,301600,Hirpura,857.62,747,3696,1930,1766,227,111,116,0,0,0,1,1,0,0,0,1,0,0,2,0,0,0,0,1,0,1,0,0,0,0,0,0,0,0,1,0,0,0,0,1,1,1,0,0,3,0,2,0,1,0,1,2,2,1,2,2,2,2,2,2,,0,,1,1,0,0,0,98,0,1,1,0,0,2,2,0,2,0,1,0,2,1,1,0,0,2,0,2,1,1,0,0,3,0,3,1,1,1,2,2,2,VIJAPUR,6,1,0,0,0,1,1,N,M,1,2677,2658,BAJRI,JOWAR,WHEAT,190.53,0.0,0,0.0,357.4,0.0,0.0,0.0,0.0,0,0,0.0,357.4,15.84,240.19,53.66
24,4,6,6,301700,Gadhada,562.4,164,918,484,434,0,0,0,0,0,0,1,1,0,0,0,0,0,0,3,0,0,0,0,1,0,1,0,0,0,0,0,0,0,0,1,0,0,0,0,1,0,0,0,0,0,0,1,0,1,0,1,2,2,1,2,1,2,2,2,2,,0,,1,0,1,0,0,2,0,1,1,0,0,3,2,0,2,0,2,0,2,1,1,0,0,1,0,3,2,0,3,0,3,0,3,1,1,1,2,2,2,VIJAPUR,16,1,0,0,0,1,1,N,M,1,852,848,COTTON,TOBACCO,CASTOR SEEDS,248.94,0.0,0,0.0,0.0,0.0,203.11,0.0,0.0,0,0,0.0,203.11,0.0,39.55,70.8
24,4,6,6,301800,Ganeshpura,342.29,268,1418,720,698,221,122,99,0,0,0,1,1,0,0,0,1,0,0,2,0,0,0,0,1,0,2,0,0,0,0,0,0,0,0,2,0,0,0,0,2,0,1,0,0,1,0,1,0,1,0,1,2,2,1,2,2,2,2,2,2,,0,,1,0,1,0,0,17,0,1,1,0,0,2,2,0,2,0,2,0,2,1,1,0,0,2,0,2,2,0,2,0,3,0,3,1,1,1,2,2,2,VIJAPUR,6,1,0,0,0,1,1,N,M,1,961,911,WHEAT,BAJRI,MUSTARD,12.0,0.0,0,0.0,0.0,0.0,260.0,0.0,0.0,0,0,0.0,260.0,12.0,21.86,36.43
24,4,6,6,301900,Devpura,487.05,381,2190,1127,1063,130,73,57,114,55,59,1,1,0,0,0,0,0,0,1,0,0,0,0,1,0,1,0,0,0,0,0,0,0,0,1,0,0,0,0,1,0,1,0,0,1,0,1,0,1,0,1,2,2,1,2,2,2,2,2,2,,0,,1,1,0,0,0,15,0,1,1,0,0,1,2,0,2,0,1,0,1,1,1,0,0,1,0,1,2,0,1,0,3,0,3,1,1,1,2,2,2,VIJAPUR,4,1,0,0,0,1,1,N,M,1,3153,3149,WHEAT,BAJRI,MUSTARD,51.21,0.0,0,0.0,0.0,0.0,123.73,0.0,100.0,0,0,0.0,223.73,86.83,102.81,22.47
24,4,6,6,302000,Kolavda,708.38,907,4456,2319,2137,266,133,133,5,2,3,1,1,0,0,0,1,1,0,1,0,0,0,0,1,1,0,0,0,0,1,0,0,0,1,0,0,0,0,0,1,2,1,1,0,1,0,2,1,1,0,1,2,2,1,2,2,2,2,2,2,,0,,1,1,0,0,0,55,0,1,1,0,1,0,2,0,1,1,0,1,0,1,1,0,0,3,0,3,1,1,0,0,3,0,3,1,1,1,2,2,2,VIJAPUR,12,1,0,0,0,1,1,N,M,1,4009,4297,COTTON,MUSTARD,FLOWER,8.0,0.0,0,0.0,0.0,0.0,608.36,0.0,0.0,0,0,0.0,608.36,0.0,51.45,40.57
24,4,6,6,302100,Ubkhal,637.28,780,3900,2107,1793,191,107,84,74,37,37,1,1,0,0,0,0,0,0,3,0,0,0,0,1,0,1,0,0,0,0,0,0,0,0,1,0,0,0,0,1,1,0,0,0,1,0,0,0,1,0,1,2,2,1,2,2,2,2,2,2,,0,,1,1,0,0,0,30,0,1,1,0,0,1,2,0,2,0,1,0,1,1,1,0,0,1,0,1,1,1,0,0,3,0,3,1,1,1,2,2,2,VIJAPUR,16,1,0,0,0,1,1,N,M,1,1853,1815,COTTON,MUSTARD,CASTOR SEEDS,0.0,0.0,0,0.0,0.0,0.0,508.0,0.0,0.0,0,0,0.0,508.0,0.0,76.28,53.0
24,4,6,6,302200,Kukarvada,1442.26,2618,12700,6533,6167,629,339,290,22,10,12,1,6,0,0,0,1,1,0,3,0,0,0,0,1,1,0,0,0,0,0,0,0,0,1,0,4,1,1,1,0,3,1,0,1,2,0,5,0,1,0,1,2,2,1,2,2,2,2,2,2,,0,,1,1,0,1,1,121,0,1,1,0,1,0,2,0,1,1,0,2,0,1,1,0,1,0,1,0,1,2,0,0,3,0,3,1,1,1,2,2,2,VISNAGAR,16,1,0,0,0,1,1,N,M,1,4816,5025,BAJRI,COTTON,WHEAT,0.0,0.0,0,0.0,0.0,1295.44,0.0,0.0,0.0,0,0,0.0,1295.44,0.0,46.82,100.0
24,4,6,6,302300,Vasai,1947.57,2504,12102,6268,5834,590,313,277,12,8,4,1,4,0,0,0,1,1,0,3,0,0,0,0,1,1,0,0,0,0,1,0,0,0,1,0,0,0,0,1,0,2,1,1,0,3,0,5,0,1,0,1,2,2,1,2,2,2,2,2,2,,0,,1,1,0,1,1,300,0,1,1,0,1,0,2,0,1,1,0,1,0,1,1,0,1,0,0,3,1,1,0,0,3,0,3,1,1,1,2,2,2,VIJAPUR,20,1,0,0,0,1,1,N,M,1,1197,1192,COTTON,WHEAT,MUSTARD,0.0,0.0,0,0.0,0.0,0.0,1723.6,0.0,0.0,0,0,0.0,1723.6,13.6,205.82,4.55
24,4,6,6,302400,Titodan,475.3,750,3619,1891,1728,388,209,179,34,19,15,1,1,0,0,0,1,1,0,3,0,0,0,0,1,0,1,0,0,0,0,0,0,0,1,0,1,0,0,0,1,1,1,0,0,2,0,2,0,1,0,1,2,2,1,2,2,2,2,2,2,,0,,1,1,0,0,0,20,0,1,1,0,0,1,2,0,2,0,1,0,1,1,1,0,0,1,0,1,2,0,1,0,3,0,3,1,1,1,2,2,2,VIJAPUR,18,1,0,0,0,1,1,N,M,1,4693,4567,WHEAT,BAJRI,COTTON,0.0,0.0,0,0.0,0.0,0.0,408.0,0.0,0.0,0,0,0.0,408.0,0.0,25.0,42.3
24,4,6,6,302500,Motipura,421.88,275,1331,693,638,0,0,0,0,0,0,1,1,0,0,0,0,0,0,3,0,0,0,0,1,0,1,0,0,0,0,0,0,0,0,1,0,0,0,0,1,0,0,0,0,1,0,0,0,1,0,1,2,2,1,2,2,2,2,2,2,,0,,1,0,1,0,0,1,0,1,1,0,0,1,2,0,2,0,1,0,1,1,1,0,0,1,0,1,2,0,1,0,3,0,3,1,1,1,2,2,2,VIJAPUR,18,1,0,0,0,1,1,N,M,1,587,395,WHEAT,BAJRI,COTTON,8.0,0.0,0,0.0,0.0,0.0,293.0,0.0,0.0,0,0,0.0,293.0,0.0,60.0,60.88
24,4,6,6,302600,Pilvai,1660.34,1627,7925,4112,3813,728,382,346,4,3,1,1,3,0,0,0,1,1,1,0,1,0,0,0,1,1,0,0,0,0,1,0,0,0,1,0,0,1,0,1,0,2,1,0,0,2,0,3,0,1,0,1,2,2,1,2,2,2,2,2,2,,0,,1,1,0,1,1,180,0,1,1,0,0,2,2,0,2,0,2,0,2,1,1,0,1,0,1,0,2,0,2,0,3,0,3,1,1,1,2,2,2,VIJAPUR,5,1,0,0,0,1,1,N,M,1,6547,6747,COTTON,OIL SEEDS,MUSTARD,0.0,0.0,0,44.0,0.0,0.0,1443.6,0.0,0.0,0,0,0.0,1487.6,0.0,64.66,108.08
24,4,6,6,302700,Khanusa,678.68,745,4014,2352,1662,286,159,127,10,7,3,1,1,0,0,0,1,1,0,1,0,0,0,0,1,0,1,0,0,0,0,0,0,0,0,1,0,0,0,0,1,1,1,0,0,1,1,1,0,1,0,1,2,2,1,2,2,2,2,2,2,,0,,1,1,0,0,0,14,0,1,1,0,0,1,2,0,2,0,1,0,1,1,1,0,0,1,0,1,2,0,1,0,3,0,3,1,1,1,2,2,2,VIJAPUR,2,1,0,0,0,1,1,N,M,1,836,810,POTATO,BAJRI,WHEAT,10.0,0.0,0,0.0,0.0,0.0,525.15,0.0,0.0,0,0,0.0,525.15,59.0,30.53,54.0
24,4,6,6,302800,Kotadi,553.67,647,3215,1698,1517,118,61,57,0,0,0,1,3,0,0,0,0,0,0,1,0,0,0,0,2,0,1,0,0,0,0,0,0,0,0,1,0,0,0,0,1,0,0,0,0,0,0,0,0,1,0,1,2,2,1,2,2,2,2,2,2,,0,,2,0,1,0,0,0,1,1,1,0,0,1,2,0,2,0,1,0,1,1,1,0,0,1,0,1,2,0,1,0,3,0,3,1,1,1,2,2,2,VIJAPUR,3,1,0,0,0,1,1,N,M,1,865,879,WHEAT,BAJRI,JOWAR,0.0,0.0,0,0.0,0.0,0.0,500.77,0.0,0.0,0,0,0.0,500.77,0.0,45.31,7.59
24,4,6,6,302900,Ranchhodpura,96.8,110,535,273,262,0,0,0,0,0,0,1,1,0,0,0,0,0,0,2,0,0,0,0,1,0,2,0,0,0,0,0,0,0,0,2,0,0,0,0,2,1,0,0,0,0,0,0,0,1,0,1,2,2,1,2,2,2,2,2,2,,0,,1,0,1,0,0,5,0,1,1,0,0,2,2,0,2,0,2,0,2,1,1,0,0,2,0,2,2,0,2,0,3,0,3,1,2,2,2,2,2,VIJAPUR,5,1,0,0,0,1,1,N,M,1,713,597,WHEAT,BAJRI,COTTON,0.0,0.0,0,0.0,0.0,0.0,73.72,0.0,0.0,0,0,0.0,73.72,0.0,17.2,5.88
24,4,6,6,303000,Rampur Kuvayda,429.74,237,1188,617,571,34,21,13,0,0,0,1,1,0,0,0,0,0,0,2,0,0,0,0,1,0,2,0,0,0,0,0,0,0,0,2,0,0,0,0,2,1,1,0,0,2,0,0,0,1,0,1,2,2,1,2,2,2,2,2,2,,0,,1,0,2,0,0,6,0,1,1,0,0,2,2,0,2,0,2,0,2,1,1,0,0,2,0,2,2,0,2,0,3,0,3,1,2,2,2,2,2,VIJAPUR,6,1,0,0,0,1,1,N,M,1,713,597,COTTON,MILK,TOBACCO,17.0,0.0,0,0.0,0.0,0.0,349.89,0.0,0.0,0,0,0.0,349.89,0.0,38.12,24.73
24,4,6,6,303100,Ghantudhanpura,1369.65,862,4301,2221,2080,270,130,140,169,92,77,1,2,0,0,0,1,0,0,3,0,0,0,0,1,0,2,0,0,0,0,0,0,0,0,2,0,0,0,0,3,1,1,0,0,2,0,1,0,1,0,1,2,2,1,2,2,2,2,2,2,,0,,1,1,0,0,0,11,0,1,1,0,0,2,2,0,2,0,2,0,2,1,1,0,0,2,0,2,1,1,0,0,3,0,3,1,1,1,2,2,2,VIJAPUR,8,1,0,0,0,1,1,N,M,1,3561,3594,COTTON,TOBACCO,BAJRI,168.0,0.0,0,0.0,0.0,219.0,470.0,0.0,0.0,0,0,0.0,689.0,194.2,181.45,137.0
24,4,6,6,303200,Bhimpur Valor,89.76,0,0,0,0,0,0,0,0,0,0,0,0,0,0,0,0,0,0,0,0,0,0,0,0,0,0,0,0,0,0,0,0,0,0,0,0,0,0,0,0,0,0,0,0,0,0,0,0,0,0,0,0,0,0,0,0,0,0,0,0,,0,,0,0,0,0,0,0,0,0,0,0,0,0,0,0,0,0,0,0,0,0,0,0,0,0,0,0,0,0,0,0,0,0,0,0,0,0,0,0,0,,0,0,0,0,0,0,0,,,0,0,0,,,,0.0,0.0,0,0.0,0.0,0.0,0.0,0.0,0.0,0,0,0.0,0.0,0.0,0.0,0.0
24,4,6,6,303300,Sanghpur,1656.29,1089,5658,2926,2732,394,209,185,6,2,4,1,2,0,0,0,2,0,0,3,0,0,0,0,1,0,2,0,0,0,0,0,0,0,0,3,0,0,0,0,3,1,1,0,0,1,0,1,0,1,0,1,2,2,1,2,1,2,2,2,2,,0,,1,1,0,0,0,85,0,1,1,0,0,3,2,0,2,0,3,0,3,1,1,0,0,3,0,3,2,0,3,0,3,0,3,1,1,1,2,2,2,VIJAPUR,13,1,0,0,0,1,1,N,M,1,8050,7899,COTTON,CASTOR SEEDS,,0.0,0.0,0,0.0,0.0,0.0,1033.69,0.0,105.0,0,0,0.0,1138.69,0.0,327.6,190.0
24,4,7,7,303400,Virta,617.24,470,2129,1096,1033,176,87,89,0,0,0,1,1,0,0,0,1,0,0,3,0,0,0,0,1,0,2,0,0,0,0,0,0,0,0,2,0,0,0,0,3,1,0,0,0,1,0,1,0,1,0,1,2,2,1,2,2,2,2,2,2,,0,,1,1,0,0,0,50,0,1,1,0,0,2,2,0,2,0,3,0,2,1,2,0,0,2,0,2,2,0,3,0,3,0,3,1,2,2,2,2,2,MAHESANA,20,1,0,0,0,1,1,N,M,1,2876,2310,BAJRI,JOWAR,WHEAT,0.0,0.0,0,0.0,0.0,0.0,225.0,0.0,0.0,0,0,0.0,225.0,288.59,50.35,53.3
24,4,7,7,303500,Gorad,869.52,640,3080,1573,1507,167,96,71,0,0,0,1,1,0,0,0,1,1,0,3,0,0,0,0,1,0,3,0,0,0,0,0,0,0,0,3,0,0,0,0,3,1,1,0,0,1,0,0,0,1,0,1,2,1,1,2,1,2,2,2,2,,0,,1,1,0,0,0,25,0,1,1,0,0,1,2,0,2,0,3,0,1,1,2,0,0,1,0,1,2,0,3,0,3,0,3,1,2,2,2,2,2,MAHESANA,13,1,0,0,0,1,1,N,M,1,8418,8507,BAJRI,MUSTARD,COTTON,0.0,0.0,0,0.0,0.0,0.0,525.0,0.0,0.0,0,0,0.0,525.0,227.11,46.19,71.22
24,4,7,7,303600,Kharsada,379.31,282,1400,721,679,296,146,150,0,0,0,1,1,0,0,0,1,0,0,3,0,0,0,0,1,0,3,0,0,0,0,0,0,0,0,3,0,0,0,0,3,1,0,0,0,1,0,0,0,1,0,1,2,2,1,2,2,2,2,2,2,,0,,1,0,2,0,0,1,0,1,1,0,0,3,2,0,2,0,3,0,3,1,1,0,0,3,0,3,2,0,3,0,3,0,3,1,1,1,2,2,2,UNJHA,12,1,0,0,0,1,1,N,M,1,840,673,COTTON,WHEAT,MUSTARD,0.0,0.0,0,0.0,0.0,0.0,298.49,0.0,0.0,0,0,0.0,298.49,58.7,22.12,0.0
24,4,7,7,303700,Davada,431.17,387,2164,1104,1060,56,27,29,0,0,0,1,1,0,0,0,0,0,0,3,0,0,0,0,1,0,3,0,0,0,0,0,0,0,0,1,0,0,0,0,1,1,0,0,0,0,0,0,0,1,0,1,1,2,1,2,2,2,2,2,2,,0,,1,1,0,0,0,1,0,1,1,0,0,1,2,0,2,0,3,0,3,1,1,0,0,3,1,0,2,0,3,0,3,0,3,1,2,2,2,2,2,UNJHA,12,1,0,0,0,1,1,N,M,1,1530,1491,WHEAT,BAJRI,MUSTARD,0.0,0.0,0,0.0,0.0,0.0,215.0,0.0,0.0,0,0,0.0,215.0,138.9,35.17,42.1
24,4,7,7,303800,Rupal,61.09,60,287,142,145,95,48,47,0,0,0,1,1,0,0,0,0,0,0,3,0,0,0,0,2,0,3,0,0,0,0,0,0,0,0,3,0,0,0,0,3,0,0,0,0,0,0,0,0,1,0,1,2,2,1,2,2,2,2,2,2,,0,,1,0,1,0,0,2,0,1,1,0,0,2,2,0,2,0,3,0,3,1,1,0,1,0,0,3,2,0,3,0,3,0,3,1,2,2,2,2,2,MAHESANA,16,1,0,0,0,1,1,N,M,1,240,249,BAJRI,MUSTARD,COTTON,0.0,0.0,0,0.0,0.0,0.0,48.29,0.0,0.0,0,0,0.0,48.29,2.42,7.18,3.2
24,4,7,7,303900,Haripura,144.17,86,411,208,203,0,0,0,0,0,0,2,0,1,0,0,0,0,0,3,0,0,0,0,2,0,3,0,0,0,0,0,0,0,0,3,0,0,0,0,2,0,0,0,0,0,0,0,0,1,0,1,2,2,1,2,2,2,2,2,2,,0,,1,0,2,0,0,1,0,1,1,0,0,2,2,0,2,0,3,0,3,1,1,0,0,1,0,3,2,0,3,0,3,0,3,1,2,2,2,2,2,MAHESANA,16,1,0,0,0,1,1,N,M,1,360,883,BAJRI,WHEAT,MUSTARD,0.0,0.0,0,0.0,0.0,116.79,0.0,0.0,0.0,0,0,0.0,116.79,7.22,15.49,4.67
24,4,7,7,304000,Buttapaldi,381.36,420,1994,1048,946,129,61,68,0,0,0,1,1,0,0,0,1,0,0,3,0,0,0,0,1,0,3,0,0,0,0,0,0,0,0,3,0,0,0,0,1,1,1,0,0,1,0,0,0,1,0,1,2,2,1,2,2,2,2,2,2,,0,,1,1,0,0,0,1,0,1,1,0,0,3,2,0,2,0,3,0,3,1,1,0,0,2,0,3,2,0,3,0,3,0,3,1,2,2,2,2,2,MAHESANA,14,1,0,0,0,1,1,N,M,1,217,204,WHEAT,BAJRI,MUSTARD,0.0,0.0,0,0.0,0.0,0.0,334.83,0.0,0.0,0,0,0.0,334.83,24.14,18.26,4.13
24,4,7,7,304100,Motidau,1542.16,948,4901,2492,2409,517,272,245,0,0,0,1,1,0,0,0,1,0,0,3,0,0,0,0,1,0,3,0,0,0,0,0,0,0,0,3,0,0,0,0,1,1,1,0,0,0,0,0,0,1,0,1,2,2,1,2,2,2,2,2,2,,0,,1,1,0,0,0,50,0,1,1,0,1,0,2,0,2,0,3,0,3,2,0,3,0,3,0,3,2,0,3,0,3,0,3,1,2,2,2,2,2,MAHESANA,12,1,0,0,0,1,1,N,M,1,463,449,WHEAT,BAJRI,MUSTARD,0.0,0.0,0,0.0,0.0,0.0,980.61,0.0,0.0,0,0,0.0,980.61,284.66,105.4,171.49
24,4,7,7,304200,Bamosana,591.43,569,3197,1651,1546,478,251,227,0,0,0,1,1,0,0,0,1,0,0,3,0,0,0,0,1,0,3,0,0,0,0,0,0,0,0,3,0,0,0,1,0,1,1,0,0,1,0,0,0,1,0,1,2,2,1,2,2,2,2,2,2,,0,,1,1,0,0,0,3,0,1,1,0,0,3,2,0,2,0,3,0,3,1,1,0,0,3,0,3,2,0,3,0,3,0,3,1,2,2,2,2,2,MAHESANA,12,1,0,0,0,1,1,N,M,1,292,314,WHEAT,MUSTARD,BAJRI,0.0,0.0,0,0.0,0.0,0.0,397.51,0.0,0.0,0,0,0.0,397.51,94.64,87.51,11.77
24,4,7,7,304300,Ghadha,659.05,312,1719,895,824,183,89,94,0,0,0,1,1,0,0,0,0,0,0,2,0,0,0,0,1,0,2,0,0,0,0,0,0,0,0,2,0,0,0,0,1,1,1,0,0,0,0,0,0,1,0,1,2,2,1,2,2,2,2,2,2,,0,,1,1,0,0,0,5,0,1,1,0,1,0,2,0,2,0,2,0,2,2,0,2,0,2,0,2,2,0,2,0,2,0,2,1,2,2,2,2,2,MAHESANA,9,1,0,0,0,1,1,N,M,1,164,234,WHEAT,TUWAR,BAJRI,0.0,100.0,0,0.0,0.0,404.0,0.0,0.0,0.0,0,0,0.0,504.0,80.0,32.05,43.0
24,4,7,7,304400,Piludara,1565.19,901,4551,2344,2207,495,266,229,113,63,50,1,1,0,0,0,1,0,0,2,0,0,0,0,1,0,2,0,0,0,0,0,0,0,0,2,0,0,0,0,1,1,1,0,0,0,0,0,0,1,0,1,2,2,1,2,2,2,2,2,2,,0,,1,1,0,0,1,5,0,1,1,0,0,1,2,0,1,1,0,0,2,2,0,2,0,2,0,2,2,0,2,0,2,0,2,1,2,2,2,2,2,MAHESANA,7,1,0,0,0,1,1,N,M,1,155,151,BAJRI,WHEAT,MUSTARD,0.0,0.0,0,0.0,0.0,0.0,1125.6,0.0,0.0,0,0,0.0,1125.6,216.87,133.33,89.39
24,4,7,7,304500,Nanidau,279.74,581,3051,1541,1510,0,0,0,0,0,0,1,1,0,0,0,0,0,0,2,0,0,0,0,1,0,2,0,0,0,0,0,0,0,0,2,0,0,0,0,2,1,1,0,0,0,0,0,0,1,0,1,2,2,1,2,2,2,2,2,2,,0,,1,0,1,0,0,5,0,1,1,0,0,2,2,0,2,0,2,0,2,2,0,2,0,2,0,2,2,0,2,0,2,0,2,1,2,2,2,2,2,MAHESANA,7,1,0,0,0,1,1,N,M,1,150,145,BAJRI,WHEAT,MUSTARD,0.0,0.0,0,0.0,0.0,0.0,55.0,0.0,0.0,0,0,0.0,55.0,180.0,30.44,14.3
24,4,7,7,304600,Palodar,1322.01,831,4225,2217,2008,311,170,141,0,0,0,1,1,0,0,0,1,0,0,2,0,0,0,0,1,0,2,0,0,0,0,0,0,0,1,0,0,0,0,0,1,1,1,0,0,0,0,0,0,1,0,1,2,2,1,2,2,2,2,2,2,,0,,1,1,0,0,0,3,0,1,1,0,0,2,2,0,2,0,2,0,2,1,1,0,0,2,0,2,2,0,2,0,3,0,2,1,2,2,2,2,2,MAHESANA,7,1,0,0,0,1,1,N,M,1,137,139,WHEAT,BAJRI,MUSTARD,0.0,0.0,0,0.0,0.0,0.0,1092.0,0.0,0.0,0,0,0.0,1092.0,21.32,136.19,72.5
24,4,7,7,304700,Chhathiyarda,1208.58,1013,5549,2917,2632,460,239,221,63,32,31,1,2,0,0,0,1,0,0,2,0,0,0,0,1,0,2,0,0,0,0,0,0,0,1,0,0,0,0,1,0,2,1,0,0,0,0,0,0,1,0,1,2,2,1,2,2,2,2,2,2,,0,,1,1,0,0,0,10,0,1,1,0,0,2,2,0,2,0,2,0,2,2,0,2,0,2,0,2,2,0,2,0,2,0,2,1,2,2,2,2,2,MAHESANA,10,1,0,0,0,1,1,N,M,1,3012,273,WHEAT,BAJRI,MUSTARD,0.0,0.0,0,0.0,0.0,0.0,580.0,0.0,0.0,0,0,0.0,580.0,475.61,75.45,77.52
24,4,7,7,304800,Aloda,820.91,351,1835,956,879,239,128,111,0,0,0,1,1,0,0,0,0,0,0,2,0,0,0,0,2,0,2,0,0,0,0,0,0,0,0,2,0,0,0,0,1,0,0,0,0,0,0,0,0,1,0,1,2,2,1,2,2,2,2,2,2,,0,,1,1,0,0,0,25,0,1,1,0,0,2,2,0,2,0,2,0,2,1,1,0,0,2,0,2,2,0,2,0,2,0,2,1,2,2,2,2,2,MAHESANA,10,1,0,0,0,1,1,N,M,1,989,1036,BAJRI,MUSTARD,JEERU,0.0,0.0,0,0.0,0.0,0.0,500.0,0.0,0.0,0,0,0.0,500.0,175.0,111.91,34.0
24,4,7,7,304900,Hardesan,355.68,142,754,406,348,21,9,12,0,0,0,1,1,0,0,0,0,0,0,2,0,0,0,0,2,0,2,0,0,0,0,0,0,0,0,1,0,0,0,0,1,0,0,0,0,0,0,0,0,1,0,1,2,2,1,2,2,2,2,2,2,,0,,1,0,1,0,0,6,0,1,1,0,0,2,2,0,2,0,2,0,2,2,0,2,0,2,0,2,2,0,2,0,2,0,2,1,2,2,2,2,2,MAHESANA,10,1,0,0,0,1,1,N,M,1,175,164,BAJRI,WHEAT,MUSTARD,0.0,0.0,0,0.0,0.0,0.0,250.0,0.0,0.0,0,0,0.0,250.0,53.0,8.68,44.0
24,4,7,7,305000,Panchot,1518.53,1554,7945,4138,3807,609,308,301,0,0,0,1,3,0,0,0,1,1,0,2,0,0,0,0,1,1,0,0,0,0,1,0,0,0,1,0,1,0,0,0,2,2,1,0,0,0,0,0,0,1,0,1,2,2,1,2,2,2,2,2,2,,0,,1,1,0,0,1,13,0,1,1,0,1,0,2,0,1,1,0,0,2,1,1,0,0,2,0,2,2,0,2,0,2,0,2,1,2,2,2,2,2,MAHESANA,8,1,0,0,0,1,1,N,M,1,132,120,WHEAT,BAJRI,MUSTARD,0.0,0.0,0,0.0,0.0,0.0,628.58,0.0,0.0,0,0,0.0,628.58,675.83,212.67,1.45
24,4,7,7,305100,Ramosana,342.99,565,3097,1583,1514,280,145,135,14,6,8,1,1,0,0,0,0,0,0,1,0,0,0,0,2,0,1,0,0,0,0,0,0,0,0,1,0,0,0,0,1,0,0,0,0,0,0,0,0,1,0,1,2,2,1,2,2,2,2,2,2,,0,,1,0,1,0,0,7,0,1,1,0,0,1,2,0,2,0,1,0,1,2,0,1,0,1,0,1,2,0,1,0,1,0,1,1,2,2,2,2,2,MAHESANA,2,1,0,0,0,1,1,N,M,1,134,124,BAJRI,WHEAT,MUSTARD,0.0,0.0,0,0.0,0.0,0.0,150.0,0.0,0.0,0,0,0.0,150.0,134.0,18.99,40.0
24,4,7,7,305200,Taleti,455.28,331,1785,918,867,270,133,137,0,0,0,1,1,0,0,0,1,0,0,1,0,0,0,0,1,0,1,0,0,0,0,0,0,0,0,1,0,0,0,0,1,0,0,0,0,1,0,0,0,1,0,1,2,2,1,2,2,2,2,2,2,,0,,1,1,0,0,0,6,0,1,1,0,0,1,2,0,2,0,1,0,1,2,0,1,0,1,0,1,2,0,1,0,1,0,1,1,2,2,2,2,2,MAHESANA,3,1,0,0,0,1,1,N,M,1,1375,1235,WHEAT,BAJRI,MUSTARD,0.0,0.0,0,0.0,0.0,0.0,317.24,0.0,0.0,0,0,0.0,317.24,80.0,51.85,6.19
24,4,7,7,305300,Tavadiya,309.55,278,1568,813,755,162,87,75,0,0,0,1,1,0,0,0,0,0,0,1,0,0,0,0,2,0,1,0,0,0,0,0,0,0,0,1,0,0,0,0,1,0,0,0,0,0,0,0,0,1,0,1,2,2,1,2,2,2,2,2,2,,0,,1,0,1,0,1,3,0,1,1,0,0,1,2,0,2,0,1,0,1,2,0,1,0,1,0,1,2,0,1,0,1,0,1,1,2,2,2,2,2,MAHESANA,4,1,0,0,0,1,1,N,M,1,1072,978,WHEAT,BAJRI,COTTON,0.0,0.0,0,0.0,0.0,0.0,251.89,0.0,0.0,0,0,0.0,251.89,20.0,34.47,3.19
24,4,7,7,305400,Chitrodipura,72.74,259,1391,727,664,0,0,0,0,0,0,1,1,0,0,0,0,0,0,2,0,0,0,0,2,0,2,0,0,0,0,0,0,0,0,2,0,0,0,0,1,0,0,0,0,0,0,0,0,1,0,1,2,2,1,2,2,2,2,2,2,,0,,1,0,1,0,0,3,0,1,1,0,0,2,2,0,2,0,2,0,2,2,0,2,0,2,0,2,2,0,2,0,2,0,2,2,1,2,2,2,2,MAHESANA,6,1,0,0,0,1,1,N,M,1,290,246,BAJRI,WHEAT,COTTON,0.0,0.0,0,0.0,0.0,0.0,5.0,0.0,0.0,0,0,0.0,5.0,56.0,1.74,10.0
24,4,7,7,305500,Dela,483.28,333,1881,973,908,272,143,129,0,0,0,1,1,0,0,0,0,0,0,1,0,0,0,0,1,0,1,0,0,0,0,0,0,0,0,1,0,0,0,0,3,1,1,0,0,0,0,0,0,1,0,1,2,2,1,2,2,2,2,2,2,,0,,1,1,0,0,0,15,0,1,1,0,0,1,2,0,2,0,1,0,1,2,0,1,0,1,0,1,2,0,1,0,1,0,1,1,2,2,2,2,2,MAHESANA,4,1,0,0,0,1,1,N,M,1,379,259,WHEAT,MUSTARD,BAJRI,0.0,0.0,0,0.0,0.0,300.0,0.0,0.0,0.0,0,0,0.0,300.0,94.0,69.28,20.0
24,4,7,7,305600,Ucharpi,213.67,154,841,447,394,89,46,43,5,0,5,1,1,0,0,0,0,0,0,2,0,0,0,0,1,0,2,0,0,0,0,0,0,0,0,2,0,0,0,0,3,0,0,0,0,1,0,0,0,1,0,1,2,2,1,2,2,2,2,2,2,,0,,1,1,0,0,0,10,0,1,1,0,0,2,2,0,2,0,2,0,2,1,1,0,0,2,0,2,2,0,2,0,2,0,2,1,2,2,2,2,2,MAHESANA,5,1,0,0,0,1,1,N,M,1,947,927,WHEAT,MUSTARD,COTTON,0.0,0.0,0,0.0,0.0,0.0,150.0,0.0,0.0,0,0,0.0,150.0,37.0,14.67,12.0
24,4,7,7,305700,Dediyasan (Part),728.62,733,3857,2019,1838,331,182,149,0,0,0,1,1,0,0,0,1,0,0,1,0,0,0,0,1,0,1,0,0,0,0,0,0,0,0,1,0,0,0,0,3,1,1,0,0,0,0,0,0,1,0,1,2,2,1,2,2,2,2,2,2,,0,,1,0,1,0,0,15,0,1,1,0,0,1,2,0,2,0,1,0,1,2,0,1,0,1,0,1,2,0,1,0,1,0,1,1,2,2,2,2,2,MAHESANA,3,1,0,0,0,1,1,N,M,1,162,195,MUSTARD,JEERU,COTTON,0.0,0.0,0,0.0,0.0,0.0,325.0,0.0,0.0,0,0,0.0,325.0,237.18,101.17,65.27
24,4,7,7,305800,Gilosan,370.42,132,740,374,366,0,0,0,0,0,0,1,1,0,0,0,0,0,0,2,0,0,0,0,2,0,2,0,0,0,0,0,0,0,0,2,0,0,0,0,2,0,0,0,0,0,0,0,0,1,0,1,2,2,1,2,2,2,2,2,2,,0,,1,0,1,0,0,2,0,1,1,0,0,2,2,0,2,0,2,0,2,2,0,2,0,2,0,2,2,0,2,0,2,0,2,1,2,2,2,2,2,MAHESANA,7,1,0,0,0,1,1,N,M,1,255,221,MUSTARD,JEERU,COTTON,0.0,0.0,0,0.0,0.0,0.0,181.79,0.0,0.0,0,0,0.0,181.79,145.5,25.01,18.12
24,4,7,7,305900,Bodla,298.58,228,1145,588,557,61,32,29,26,13,13,1,1,0,0,0,0,0,0,2,0,0,0,0,2,0,2,0,0,0,0,0,0,0,0,2,0,0,0,0,2,0,0,0,0,0,0,0,0,1,0,1,2,2,1,2,2,2,2,2,2,,0,,1,0,1,0,0,21,0,1,1,0,0,2,2,0,2,0,2,0,2,1,1,0,0,2,0,2,2,0,2,0,2,0,2,1,2,2,2,2,2,MAHESANA,8,1,0,0,0,1,1,N,M,1,600,581,WHEAT,BAJRI,MUSTARD,0.0,0.0,0,0.0,12.0,0.0,138.0,0.0,0.0,0,0,0.0,150.0,90.0,37.65,20.93
24,4,7,7,306000,Hinglajpura,225.66,141,723,363,360,76,36,40,0,0,0,1,1,0,0,0,0,0,0,2,0,0,0,0,2,0,2,0,0,0,0,0,0,0,0,2,0,0,0,0,3,0,0,0,0,0,0,0,0,1,0,1,2,2,1,2,2,2,2,2,2,,0,,1,0,1,0,0,1,0,1,1,0,0,2,2,0,2,0,2,0,2,2,0,2,0,2,0,2,2,0,2,0,2,0,2,1,2,2,2,2,2,MAHESANA,10,1,0,0,0,1,1,N,M,1,481,481,WHEAT,BAJRI,MUSTARD,0.0,0.0,0,0.0,0.0,0.0,148.0,0.0,0.0,0,0,0.0,148.0,60.0,6.0,11.66
24,4,7,7,306100,Maguna,882.87,678,3510,1846,1664,261,138,123,0,0,0,1,1,0,0,0,0,0,0,3,0,0,0,0,1,0,3,0,0,0,0,0,0,0,0,3,0,0,0,0,2,1,1,0,0,0,0,0,0,1,0,1,2,2,1,2,2,2,2,2,2,,0,,1,1,0,0,0,5,0,1,1,0,0,3,2,0,2,0,3,0,3,1,1,0,0,3,0,3,2,0,3,0,3,0,3,1,2,2,2,2,2,MAHESANA,12,1,0,0,0,1,1,N,M,1,902,815,WHEAT,BAJRI,MUSTARD,0.0,0.0,0,0.0,0.0,0.0,470.87,0.0,0.0,0,0,0.0,470.87,209.0,172.84,30.16
24,4,7,7,306200,Nugar,877.65,597,2938,1553,1385,151,86,65,0,0,0,1,1,0,0,0,1,0,0,2,0,0,0,0,1,0,2,0,0,0,0,0,0,0,0,2,0,0,0,0,2,1,1,0,0,0,0,0,0,1,0,1,2,2,1,2,2,2,2,2,2,,0,,1,1,0,0,0,20,0,1,1,0,0,2,2,0,2,0,2,0,2,1,1,0,0,2,0,2,2,0,2,0,2,0,2,1,2,2,2,2,2,MAHESANA,6,1,0,0,0,1,1,N,M,1,709,621,WHEAT,BAJRI,JEERU,0.0,0.0,0,0.0,0.0,0.0,426.9,0.0,0.0,0,0,0.0,426.9,287.55,66.52,96.68
24,4,7,7,306300,Nagalpur (Part),989.0,1295,6404,3366,3038,492,251,241,1,1,0,1,1,0,0,0,2,2,1,0,1,0,0,0,1,1,0,0,0,0,1,0,0,0,0,1,0,0,0,0,3,1,1,0,0,10,0,0,0,1,0,1,2,2,1,2,2,2,2,2,2,,0,,1,1,0,0,0,50,0,1,1,0,0,1,2,0,2,0,1,0,1,1,1,0,0,1,0,1,2,0,1,0,1,0,1,1,2,2,2,2,2,MAHESANA,2,1,0,0,0,1,1,N,M,1,3030,2008,BAJRI,WHEAT,COTTON,0.0,0.0,0,0.0,0.0,0.0,250.0,0.0,0.0,0,0,0.0,250.0,357.0,164.0,218.0
24,4,7,7,306400,Lakhavad,964.21,922,4497,2325,2172,463,235,228,5,3,2,1,1,0,0,0,1,0,0,1,0,0,0,0,1,0,1,0,0,0,0,0,0,0,0,1,0,0,0,0,2,1,1,1,1,3,0,0,0,1,0,1,2,2,1,2,2,2,2,2,2,,0,,1,1,0,0,1,10,0,1,1,0,0,1,2,0,2,0,1,0,1,1,1,0,0,1,0,1,2,0,1,0,1,0,1,1,2,2,2,2,2,MAHESANA,2,1,0,0,0,1,1,N,M,1,316,319,WHEAT,BAJRI,MUSTARD,0.0,0.0,0,0.0,0.0,0.0,650.0,0.0,0.0,0,0,0.0,650.0,197.0,105.21,12.0
24,4,7,7,306500,Devrasan,514.93,624,3182,1639,1543,164,87,77,0,0,0,1,1,0,0,0,0,0,0,2,0,0,0,0,1,0,2,0,0,0,0,0,0,0,0,2,0,0,0,0,1,1,1,0,0,0,0,0,0,1,0,1,2,2,1,2,2,2,2,2,2,,0,,1,1,0,0,0,7,0,1,1,0,0,2,2,0,2,0,2,0,2,1,1,0,0,2,0,2,2,0,2,0,2,0,2,1,2,2,2,2,2,MAHESANA,10,1,0,0,0,1,1,N,M,1,108,82,WHEAT,BAJRI,MUSTARD,0.0,0.0,0,0.0,0.0,0.0,175.19,0.0,0.0,0,0,0.0,175.19,246.68,43.06,50.0
24,4,7,7,306600,Rampura (Kukas),212.38,201,1104,584,520,43,20,23,7,3,4,1,1,0,0,0,0,0,0,2,0,0,0,0,2,0,2,0,0,0,0,0,0,0,0,2,0,0,0,0,1,0,0,0,0,0,0,0,0,1,0,1,2,2,1,2,2,2,2,2,2,,0,,1,0,1,0,0,3,0,1,1,0,0,2,2,0,2,0,2,0,2,2,0,2,0,2,0,2,2,0,2,0,2,0,2,1,2,2,2,2,2,MAHESANA,6,1,0,0,0,1,1,N,M,1,93,111,WHEAT,BAJRI,MUSTARD,0.0,0.0,0,0.0,0.0,0.0,140.36,0.0,0.0,0,0,0.0,140.36,39.39,17.63,15.0
24,4,7,7,306700,Kukas,992.16,499,2640,1366,1274,259,142,117,3,2,1,1,1,0,0,0,1,0,0,1,0,0,0,0,1,0,1,0,0,0,0,0,0,0,0,1,0,0,0,0,1,1,0,0,0,0,0,0,0,1,0,1,2,2,1,2,2,2,2,2,2,,0,,1,0,1,0,0,5,0,1,1,0,0,1,2,0,2,0,1,0,1,2,0,1,0,1,0,1,2,0,1,0,1,0,1,1,2,2,2,2,2,MAHESANA,4,1,0,0,0,1,1,N,M,1,193,193,WHEAT,BAJRI,COTTON,0.0,0.0,0,0.0,0.0,0.0,450.0,0.0,0.0,0,0,0.0,450.0,400.24,68.31,73.61
24,4,7,7,306800,Heduva Hanumat,438.22,316,1480,782,698,215,106,109,14,8,6,1,1,0,0,0,0,0,0,1,0,0,0,0,2,0,1,0,0,0,0,0,0,0,0,1,0,0,0,0,3,0,0,0,0,0,0,0,0,1,0,1,2,2,1,2,2,2,2,2,2,,0,,1,0,1,0,0,4,0,1,1,0,0,1,2,0,2,0,1,0,1,2,0,1,0,1,0,1,2,0,1,0,1,0,1,1,2,2,2,2,2,MAHESANA,2,1,0,0,0,1,1,N,M,1,121,95,WHEAT,BAJRI,MUSTARD,0.0,0.0,0,0.0,0.0,0.0,252.5,0.0,0.0,0,0,0.0,252.5,85.4,35.21,65.11
24,4,7,7,306900,Palwasana (Part),341.96,551,2743,1376,1367,183,89,94,5,2,3,1,1,0,0,0,0,0,0,2,0,0,0,0,1,0,2,0,0,0,0,0,0,0,0,2,0,0,0,0,3,1,1,0,0,0,0,0,0,1,0,1,2,2,1,2,2,2,2,2,2,,0,,1,1,0,0,0,13,0,1,1,0,0,2,2,0,2,0,2,0,2,1,1,0,0,2,0,2,2,0,2,0,2,0,2,1,2,2,2,2,2,MAHESANA,6,1,0,0,0,1,1,N,M,1,216,319,WHEAT,BAJRI,MUSTARD,0.0,0.0,0,0.0,0.0,0.0,205.0,0.0,0.0,0,0,0.0,205.0,45.0,15.66,76.3
24,4,7,7,307000,Heduva-Rajgar,463.35,232,1260,660,600,29,13,16,6,5,1,1,1,0,0,0,0,0,0,2,0,0,0,0,2,0,2,0,0,0,0,0,0,0,0,2,0,0,0,0,3,0,0,0,0,0,0,0,0,1,0,1,1,2,2,2,2,2,2,2,2,,0,,1,0,2,0,0,4,0,1,1,0,0,2,2,0,2,0,2,0,2,1,1,0,0,2,0,2,2,0,2,0,2,0,2,1,2,2,2,2,2,MAHESANA,8,1,0,0,0,1,1,N,M,1,145,140,WHEAT,BAJRI,MUSTARD,0.0,0.0,0,0.0,0.0,0.0,260.0,0.0,0.0,0,0,0.0,260.0,116.08,60.02,27.25
24,4,7,7,307100,Karshanpura,169.96,128,729,379,350,0,0,0,0,0,0,1,1,0,0,0,0,0,0,3,0,0,0,0,2,0,3,0,0,0,0,0,0,0,0,3,0,0,0,0,2,0,0,0,0,0,0,0,0,1,0,1,2,2,1,2,2,2,2,2,2,,0,,1,0,2,0,0,5,0,1,1,0,0,3,2,0,2,0,3,0,3,1,1,0,0,3,0,3,2,0,3,0,3,0,3,1,2,2,2,2,2,MAHESANA,13,1,0,0,0,1,1,N,M,1,265,285,WHEAT,BAJRI,MUSTARD,0.0,0.0,0,0.0,0.0,0.0,124.05,0.0,0.0,0,0,0.0,124.05,11.59,11.68,22.64
24,4,7,7,307200,Devinapura,467.11,234,1104,575,529,70,32,38,0,0,0,1,1,0,0,0,0,0,0,2,0,0,0,0,2,0,2,0,0,0,0,0,0,0,0,2,0,0,0,0,1,0,0,0,0,0,0,0,0,1,0,1,2,2,1,2,2,2,2,2,2,,0,,1,0,1,0,0,15,0,1,1,0,0,2,2,0,2,0,2,0,2,1,1,0,0,2,0,2,2,0,2,0,2,0,2,1,2,2,2,2,2,MAHESANA,10,1,0,0,0,1,1,N,M,1,559,496,WHEAT,MUSTARD,JEERU,0.0,0.0,0,0.0,0.0,0.0,281.61,0.0,0.0,0,0,0.0,281.61,127.7,40.66,17.14
24,4,7,7,307300,Deloli,657.87,373,1709,867,842,125,65,60,0,0,0,1,1,0,0,0,1,0,0,3,0,0,0,0,1,0,3,0,0,0,0,0,0,0,0,3,0,0,0,0,3,1,1,0,0,0,0,0,0,1,0,1,2,2,1,2,2,2,2,2,2,,0,,1,1,0,0,0,3,0,1,1,0,0,3,2,0,2,0,2,0,3,1,1,0,0,2,0,2,2,0,3,0,3,0,3,1,2,2,2,2,2,MAHESANA,14,1,0,0,0,1,1,N,M,1,1405,1165,WHEAT,BAJRI,MUSTARD,0.0,0.0,0,0.0,0.0,0.0,413.0,0.0,0.0,0,0,0.0,413.0,127.87,80.0,37.0
24,4,7,7,307400,Ijpura Barot,183.59,151,709,355,354,26,11,15,0,0,0,1,1,0,0,0,0,0,0,3,0,0,0,0,2,0,3,0,0,0,0,0,0,0,0,1,0,0,0,0,1,0,0,0,0,0,0,0,0,1,0,1,2,2,1,2,2,2,2,2,2,,0,,1,0,1,0,0,1,0,1,1,0,0,3,2,0,2,0,1,0,3,2,0,1,0,1,0,1,2,0,3,0,3,0,3,1,2,2,2,2,2,MAHESANA,16,1,0,0,0,1,1,N,M,1,572,501,BAJRI,WHEAT,MUSTARD,0.0,0.0,0,0.0,0.0,0.0,120.15,5.16,0.0,0,0,0.0,125.31,26.43,28.84,3.01
24,4,7,7,307500,Palaj,1418.65,398,2058,1054,1004,273,130,143,0,0,0,1,1,0,0,0,0,0,0,3,0,0,0,0,2,0,3,0,0,0,0,0,0,0,0,1,0,0,0,0,1,0,0,0,0,0,0,0,0,1,0,1,2,2,1,2,2,2,2,2,2,,0,,1,1,0,0,0,4,0,1,1,0,0,3,2,0,2,0,1,0,3,1,1,0,0,1,0,1,2,0,3,0,3,0,3,1,2,2,2,2,2,MAHESANA,16,1,0,0,0,1,1,N,M,1,1402,1365,WHEAT,BAJRI,MUSTARD,0.0,0.0,0,0.0,0.0,0.0,1138.87,24.48,0.0,0,0,0.0,1163.35,40.0,178.34,36.96
24,4,7,7,307600,Gamanpura,571.12,295,1509,759,750,301,143,158,4,4,0,1,1,0,0,0,0,0,0,3,0,0,0,0,2,0,3,0,0,0,0,0,0,0,0,1,0,0,0,0,2,0,0,0,0,0,0,0,0,1,0,1,2,2,1,2,2,2,2,2,2,,0,,1,0,1,0,0,5,0,1,1,0,0,3,2,0,2,0,1,0,3,1,1,0,0,3,0,3,2,0,3,0,3,0,3,1,2,2,2,2,2,MAHESANA,20,1,0,0,0,1,1,N,M,1,985,879,WHEAT,MUSTARD,JEERU,0.0,0.0,0,0.0,0.0,0.0,389.0,0.0,0.0,0,0,0.0,389.0,80.0,30.9,71.22
24,4,7,7,307700,Mitha,813.84,342,1650,838,812,365,187,178,0,0,0,1,1,0,0,0,1,0,0,3,0,0,0,0,1,0,3,0,0,0,0,0,0,0,1,0,0,0,0,1,0,1,1,0,0,2,0,0,0,1,0,1,2,2,1,2,2,2,2,2,2,,0,,1,1,0,0,0,12,0,1,1,0,0,3,2,0,2,0,3,0,3,1,1,0,0,3,0,3,2,0,3,0,3,0,3,1,2,2,2,2,2,MAHESANA,12,1,0,0,0,1,1,N,M,1,1102,1035,BAJRI,WHEAT,MUSTARD,0.0,0.0,0,0.0,0.0,0.0,512.84,0.0,0.0,0,0,0.0,512.84,135.1,152.9,13.0
24,4,7,7,307800,Sametra,1055.6,554,2729,1438,1291,308,172,136,0,0,0,1,1,0,0,0,1,0,0,2,0,0,0,0,1,0,2,0,0,0,0,0,0,0,0,2,0,0,0,0,2,1,1,0,0,0,0,0,0,1,0,1,2,2,1,2,2,2,2,2,2,,0,,1,1,0,0,0,15,0,1,1,0,0,2,2,0,2,0,2,0,2,1,1,0,0,2,0,2,2,0,2,0,2,0,2,1,2,2,2,2,2,MAHESANA,8,1,0,0,0,1,1,N,M,1,1235,968,WHEAT,BAJRI,MUSTARD,0.0,0.0,0,0.0,0.0,0.0,634.07,0.0,0.0,0,0,0.0,634.07,297.93,65.94,57.66
24,4,7,7,307900,Mareda,348.07,461,2514,1290,1224,167,84,83,0,0,0,1,1,0,0,0,0,0,0,2,0,0,0,0,1,0,2,0,0,0,0,0,0,0,0,2,0,0,0,0,1,0,0,0,0,1,0,0,0,1,0,1,2,2,1,2,2,2,2,2,2,,0,,1,0,1,0,0,3,0,1,1,0,0,2,2,0,2,0,2,0,2,1,1,0,0,2,0,2,2,0,2,0,2,0,2,1,2,2,2,2,2,MAHESANA,10,1,0,0,0,1,1,N,M,1,164,179,WHEAT,BAJRI,MUSTARD,0.0,0.0,0,0.0,0.0,0.0,250.0,0.0,0.0,0,0,0.0,250.0,52.42,43.72,1.93
24,4,7,7,308000,Vadosan,490.78,518,2813,1425,1388,136,69,67,0,0,0,1,1,0,0,0,0,0,0,2,0,0,0,0,2,0,2,0,0,0,0,0,0,0,0,2,0,0,0,0,2,0,0,0,0,0,0,0,0,1,0,1,2,2,1,2,2,2,2,2,2,,0,,1,1,0,0,0,3,0,1,1,0,0,1,2,0,2,0,2,0,2,1,1,0,0,2,0,2,2,0,2,0,2,0,2,1,2,2,2,2,2,MAHESANA,10,1,0,0,0,1,1,N,M,1,7261,551,WHEAT,BAJRI,MUSTARD,0.0,0.0,0,0.0,0.0,0.0,390.0,0.0,0.0,0,0,0.0,390.0,40.0,57.0,3.78
24,4,7,7,308100,Sakhpurda,190.34,191,990,518,472,28,13,15,0,0,0,1,1,0,0,0,0,0,0,2,0,0,0,0,2,0,2,0,0,0,0,0,0,0,0,1,0,0,0,0,1,0,0,0,0,0,0,0,0,1,0,1,2,2,1,2,2,2,2,2,2,,0,,1,0,1,0,0,7,0,1,1,0,0,2,2,0,2,0,2,0,2,1,1,0,0,2,0,2,2,0,2,0,2,0,2,1,2,2,2,2,2,MAHESANA,7,1,0,0,0,1,1,N,M,1,12,27,WHEAT,MUSTARD,BAJRI,0.0,0.0,0,0.0,0.0,0.0,155.0,0.0,0.0,0,0,0.0,155.0,10.34,23.0,2.0
24,4,7,7,308200,Sobhasan,430.8,433,2230,1138,1092,228,109,119,0,0,0,1,1,0,0,0,0,0,0,2,0,0,0,0,1,0,2,0,0,0,0,0,0,0,0,2,0,0,0,0,1,1,1,0,0,1,0,0,0,1,0,1,2,2,1,2,2,2,2,2,2,,0,,1,1,0,0,0,5,0,1,1,0,1,0,2,0,2,0,2,0,2,1,1,0,0,2,0,2,2,0,2,0,2,0,2,1,2,2,2,2,2,MAHESANA,7,1,0,0,0,1,1,N,M,1,60,83,WHEAT,BAJRI,MUSTARD,0.0,0.0,0,0.0,0.0,0.0,320.22,0.0,0.0,0,0,0.0,320.22,53.41,24.62,32.55
24,4,7,7,308300,Hebuva,285.66,258,1514,781,733,32,19,13,0,0,0,1,1,0,0,0,0,0,0,2,0,0,0,0,2,0,2,0,0,0,0,0,0,0,0,2,0,0,0,0,1,0,0,0,0,0,0,0,0,1,0,1,2,2,1,2,2,2,2,2,2,,0,,1,0,1,0,0,16,0,1,1,0,0,2,2,0,2,0,2,0,2,1,1,0,0,2,0,2,2,0,2,0,2,0,2,1,2,2,2,2,2,MAHESANA,8,1,0,0,0,1,2,,,1,30,32,WHEAT,BAJRI,MUSTARD,0.0,0.0,0,0.0,0.0,195.0,0.54,0.0,0.0,0,0,11.95,207.49,62.24,14.57,1.36
24,4,7,7,308400,Kadvasan,267.09,294,1527,782,745,0,0,0,0,0,0,1,1,0,0,0,0,0,0,2,0,0,0,0,2,0,2,0,0,0,0,0,0,0,0,2,0,0,0,0,1,0,0,0,0,0,0,0,0,1,0,1,2,2,1,2,2,2,2,2,2,,0,,1,0,2,0,0,16,0,1,1,0,0,2,2,0,2,0,2,0,1,1,1,0,0,2,0,2,2,0,2,0,2,0,2,1,2,2,2,2,2,MAHESANA,9,1,0,0,0,1,1,N,M,1,231,213,WHEAT,BAJRI,MUSTARD,0.0,0.0,0,0.0,0.0,0.0,200.0,0.74,0.0,0,0,11.91,212.65,39.46,13.32,1.66
24,4,7,7,308500,Kherva,2134.04,1663,8291,4262,4029,470,240,230,15,12,3,1,2,0,0,0,1,1,0,2,0,0,0,0,1,0,2,0,0,0,0,0,0,0,1,0,0,0,0,1,0,2,1,0,0,2,0,0,0,1,0,1,2,2,1,2,2,2,2,2,2,,0,,1,1,0,0,1,50,0,1,1,0,0,1,2,0,1,1,0,1,0,1,1,0,0,1,0,1,2,0,2,0,2,0,2,1,2,2,2,2,2,MAHESANA,10,1,0,0,0,1,1,N,M,1,425,311,WHEAT,BAJRI,MUSTARD,0.0,0.0,0,0.0,0.0,0.0,1055.0,0.0,0.0,0,0,0.0,1055.0,868.0,85.04,126.0
24,4,7,7,308600,Punasan,341.11,426,2186,1125,1061,214,105,109,0,0,0,1,1,0,0,0,0,0,0,2,0,0,0,0,1,0,2,0,0,0,0,0,0,0,0,2,0,0,0,0,1,1,1,0,0,0,0,0,0,1,0,1,2,2,1,2,2,2,2,2,2,,0,,1,1,0,0,0,15,0,1,1,0,0,2,2,0,2,0,2,0,2,1,1,0,0,2,0,2,2,0,2,0,2,0,2,1,2,2,2,2,2,MAHESANA,8,1,0,0,0,1,1,N,M,1,457,582,WHEAT,BAJRI,MUSTARD,0.0,0.0,0,0.0,0.0,0.0,253.07,0.39,0.0,0,0,0.0,253.46,59.95,10.43,17.27
24,4,7,7,308700,Mevad,480.39,362,2093,1091,1002,78,39,39,0,0,0,1,1,0,0,0,1,1,0,2,0,0,0,0,2,0,2,0,0,0,0,0,0,0,0,2,0,0,0,0,1,0,0,0,0,0,0,0,0,1,0,1,2,2,1,2,2,2,2,2,2,,0,,1,1,0,0,0,10,0,1,1,0,0,2,2,0,2,0,2,0,2,1,1,0,0,2,0,2,2,0,2,0,2,0,2,1,2,2,2,2,2,MAHESANA,9,1,0,0,0,1,1,N,M,1,119,169,WHEAT,BAJRI,MUSTARD,0.0,0.0,0,0.0,0.0,0.0,230.35,4.66,0.0,0,0,0.0,235.01,152.88,50.47,42.03
24,4,7,7,308800,Boriavi,1309.71,987,5496,2844,2652,399,205,194,1,1,0,1,1,0,0,0,1,0,0,2,0,0,0,0,1,0,2,0,0,0,0,0,0,0,0,2,0,0,0,0,2,1,1,0,0,0,0,0,0,1,0,1,2,2,1,2,2,2,2,2,2,,0,,1,1,0,0,0,15,0,1,1,0,1,0,2,0,2,0,2,0,2,1,1,0,1,0,1,0,2,0,2,0,2,0,2,1,2,2,2,2,2,MAHESANA,9,1,0,0,0,1,1,N,M,1,485,486,WHEAT,BAJRI,MUSTARD,0.0,0.0,0,0.0,0.0,0.0,1060.0,0.0,0.0,0,0,0.0,1060.0,94.71,133.0,22.0
24,4,7,7,308900,Khara,282.45,371,2047,1078,969,60,31,29,0,0,0,1,1,0,0,0,0,0,0,3,0,0,0,0,1,0,3,0,0,0,0,0,0,0,0,3,0,0,0,0,1,1,0,0,0,0,0,0,0,1,0,1,2,2,1,2,2,2,2,2,2,,0,,1,1,0,0,0,3,0,1,1,0,0,2,2,0,2,0,2,0,2,1,1,0,0,2,0,2,2,0,3,0,3,0,3,1,2,2,2,2,2,MAHESANA,12,1,0,0,0,1,1,N,M,1,1518,1468,BAJRI,WHEAT,MUSTARD,0.0,0.0,0,0.0,0.0,0.0,135.85,0.0,0.0,0,0,0.0,135.85,50.37,89.11,7.12
24,4,7,7,309000,Laxmipura,358.62,210,1206,605,601,0,0,0,0,0,0,1,1,0,0,0,0,0,0,3,0,0,0,0,1,0,3,0,0,0,0,0,0,0,0,1,0,0,0,0,1,0,0,0,0,0,0,1,0,1,0,1,2,2,1,2,2,2,2,2,2,,0,,1,0,1,0,0,25,0,1,1,0,0,3,2,0,2,0,2,0,3,1,1,0,1,0,0,2,2,0,3,0,3,0,3,1,2,2,2,2,2,MAHESANA,18,1,0,0,0,1,1,N,M,1,435,422,BAJRI,MUSTARD,COTTON,0.0,0.0,0,0.0,0.0,0.0,95.85,0.0,0.0,0,0,12.56,108.41,54.65,95.64,99.92
24,4,7,7,309100,Balol,1727.77,1125,5670,2916,2754,298,166,132,3,1,2,1,2,0,0,0,1,1,0,3,0,0,0,0,1,0,3,0,0,0,0,0,0,0,1,0,0,0,0,1,0,2,1,0,0,2,0,0,0,1,0,1,2,2,1,2,2,2,2,2,2,,0,,1,1,0,0,1,8,0,1,1,0,0,3,2,0,1,1,0,0,3,1,1,0,1,0,1,0,2,0,3,0,3,0,3,1,2,2,2,2,2,MAHESANA,19,1,0,0,0,1,1,N,M,1,437,495,WHEAT,BAJRI,MUSTARD,0.0,0.0,0,0.0,0.0,0.0,1400.0,0.0,0.0,0,0,0.0,1400.0,110.0,117.4,100.37
24,4,7,7,309200,Nadasa,983.26,556,2740,1382,1358,213,112,101,150,71,79,1,1,0,0,0,1,1,0,3,0,0,0,0,1,0,3,0,0,0,0,0,0,0,0,1,0,0,0,0,1,1,1,0,0,0,0,0,0,1,0,1,2,2,1,2,2,2,2,2,2,,0,,1,1,0,0,0,3,0,1,1,0,0,3,2,0,2,0,1,0,3,2,0,2,0,2,0,2,2,0,3,0,3,0,3,1,2,2,2,2,2,MAHESANA,20,1,0,0,0,1,1,N,M,1,81,79,WHEAT,COTTON,MUSTARD,0.0,0.0,0,0.0,0.0,0.0,500.3,0.0,0.0,0,0,0.0,500.3,305.0,75.04,102.92
24,4,7,7,309300,Gokalpura,318.5,136,639,314,325,64,28,36,0,0,0,1,1,0,0,0,0,0,0,3,0,0,0,0,2,0,3,0,0,0,0,0,0,0,0,2,0,0,0,0,3,0,0,0,0,0,0,0,0,1,0,1,2,2,1,2,2,2,2,2,2,,0,,1,0,1,0,0,5,0,1,1,0,0,2,2,0,2,0,3,0,3,1,1,0,0,3,0,3,2,0,3,0,3,0,3,1,2,2,2,2,2,MAHESANA,23,1,0,0,0,1,1,N,M,1,68,66,WHEAT,BAJRI,MUSTARD,0.0,0.0,0,0.0,0.0,0.0,172.07,2.48,0.0,0,0,0.0,174.55,98.0,44.18,1.77
24,4,7,7,309400,Martoli,532.76,327,1459,744,715,168,92,76,0,0,0,1,1,0,0,0,1,0,0,3,0,0,0,0,1,0,3,0,0,0,0,0,0,0,0,2,0,0,0,0,2,1,0,0,0,0,0,0,0,1,0,1,2,2,1,2,2,2,2,2,2,,0,,1,1,0,0,0,5,0,1,1,0,0,2,2,0,2,0,2,0,3,1,1,0,0,2,0,2,2,0,3,0,3,0,3,1,2,2,2,2,2,AMBALIYASAN,15,1,0,0,0,1,1,N,M,1,1068,998,WHEAT,COTTON,MUSTARD,0.0,0.0,0,0.0,0.0,0.0,325.0,0.0,0.0,0,0,0.0,325.0,144.02,62.08,1.66
24,4,7,7,309500,Ajabpura,423.48,215,1070,563,507,183,98,85,0,0,0,1,1,0,0,0,0,0,0,3,0,0,0,0,2,0,3,0,0,0,0,0,0,0,0,1,0,0,0,0,1,0,0,0,0,0,0,0,0,1,0,1,2,2,1,2,2,2,2,2,2,,0,,1,0,1,0,0,7,0,1,1,0,0,2,2,0,2,0,2,0,2,1,1,0,0,2,0,2,2,0,3,0,3,0,3,1,2,2,2,2,2,AMBALIYASAN,13,1,0,0,0,1,1,N,M,1,89,84,COTTON,MUSTARD,CHILLY,0.0,0.0,0,0.0,0.0,0.0,310.0,11.54,0.0,0,0,0.0,321.54,65.0,35.26,1.68
24,4,7,7,309600,Kasalpura,510.3,254,1276,668,608,38,23,15,0,0,0,1,1,0,0,0,0,0,0,3,0,0,0,0,2,0,3,0,0,0,0,0,0,0,0,1,0,0,0,0,1,0,0,0,0,0,0,0,0,1,0,1,2,2,1,2,2,2,2,2,2,,0,,1,0,1,0,0,2,0,1,1,0,0,1,2,0,2,0,1,0,1,1,1,0,0,1,0,1,2,0,3,0,3,0,3,1,2,2,2,2,2,AMBALIYASAN,12,1,0,0,0,1,1,N,M,1,81,76,CHILLY,WHEAT,BAJRI,0.0,0.0,0,0.0,0.0,0.0,283.52,3.66,0.0,0,0,0.0,287.18,161.09,30.94,31.09
24,4,7,7,309700,Modipur,316.5,221,1100,549,551,140,70,70,0,0,0,1,1,0,0,0,0,0,0,3,0,0,0,0,2,0,1,0,0,0,0,0,0,0,0,1,0,0,0,0,1,0,0,0,0,0,0,0,0,1,0,1,2,2,1,2,2,2,2,2,2,,0,,1,0,1,0,0,7,0,1,1,0,0,1,2,0,2,0,1,0,1,1,1,0,0,1,0,1,2,0,3,0,3,0,3,1,2,2,2,2,2,AMBALIYASAN,10,1,0,0,0,1,1,N,M,1,26,17,GRAINS,MUSTARD,COTTON,0.0,0.0,0,0.0,0.0,0.0,215.43,4.38,0.0,0,0,0.0,219.81,48.32,30.05,18.32
24,4,7,7,309800,Manknaj,1753.97,812,3944,2050,1894,154,85,69,0,0,0,1,1,0,0,0,1,0,0,3,0,0,0,0,1,0,3,0,0,0,0,0,0,0,0,2,0,0,0,0,2,1,1,0,0,2,0,0,0,1,0,1,2,2,1,2,2,2,2,2,2,,0,,1,1,0,0,0,10,0,1,1,0,0,1,2,0,2,0,2,0,2,1,1,0,0,2,0,2,2,0,3,0,3,0,3,1,2,2,2,2,2,AMBALIYASAN,9,1,0,0,0,1,1,N,M,1,181,198,WHEAT,BAJRI,MUSTARD,0.0,0.0,0,0.0,0.0,0.0,1364.34,0.0,0.0,0,0,0.0,1364.34,200.0,180.63,9.0
24,4,7,7,309900,Bhesana,558.0,475,2590,1360,1230,188,103,85,0,0,0,1,1,0,0,0,0,0,0,3,0,0,0,0,1,0,3,0,0,0,0,0,0,0,0,1,0,0,0,0,1,1,0,0,0,0,0,0,0,1,0,1,2,2,1,2,2,2,2,2,2,,0,,1,1,0,0,0,10,0,1,1,0,0,2,2,0,2,0,2,0,2,1,1,0,0,2,0,2,2,0,3,0,3,0,3,1,1,2,2,2,2,AMBALIYASAN,7,1,0,0,0,1,1,N,M,1,87,75,JEERU,MUSTARD,GRAINS,0.0,0.0,0,0.0,0.0,0.0,487.28,3.95,0.0,0,0,0.0,491.23,1.0,37.77,28.0
24,4,7,7,310000,Jagudan,1183.38,1104,5502,2902,2600,445,234,211,19,8,11,1,1,0,0,0,1,0,0,2,0,1,0,0,1,1,0,0,0,0,1,0,0,0,1,0,1,0,0,1,0,2,1,1,0,3,0,0,0,1,0,1,2,2,1,2,2,2,2,2,2,,0,,1,1,0,0,1,52,0,1,1,0,1,0,2,0,1,1,0,0,2,1,1,0,1,0,1,0,2,0,2,0,2,0,2,1,2,2,2,2,2,MAHESANA,10,1,0,0,0,1,1,N,M,1,617,521,WHEAT,BAJRI,MUSTARD,0.0,0.0,0,0.0,0.0,0.0,478.35,0.0,0.0,0,0,0.0,478.35,506.21,114.82,84.0
24,4,7,7,310100,Sanganpur,603.7,558,2850,1480,1370,146,80,66,0,0,0,1,1,0,0,0,0,0,0,3,0,0,0,0,2,0,3,0,0,0,0,0,0,0,0,1,0,0,0,0,1,0,0,0,0,0,0,0,0,1,0,1,2,2,1,2,2,2,2,2,2,,0,,1,1,0,0,0,7,0,1,1,0,0,1,2,0,2,0,1,0,2,1,1,0,0,1,0,1,2,0,3,0,3,0,3,1,2,2,2,2,2,MAHESANA,12,1,0,0,0,1,1,N,M,1,276,289,GRAINS,JEERU,COTTON,0.0,0.0,0,0.0,0.0,0.0,450.0,0.0,0.0,0,0,0.0,450.0,90.0,59.51,4.19
24,4,7,7,310200,Mulsan,1076.86,534,3068,1585,1483,117,58,59,0,0,0,1,2,0,0,0,0,0,0,3,0,0,0,0,1,0,1,0,0,0,0,0,0,0,0,1,0,0,0,0,1,1,0,0,0,0,0,0,0,1,0,1,2,2,1,2,2,2,2,2,2,,0,,1,1,0,0,0,12,0,1,1,0,0,3,2,0,2,0,1,0,2,1,1,0,0,3,0,1,2,0,3,0,3,0,3,1,2,2,2,2,2,MAHESANA,12,1,0,0,0,1,1,N,M,1,216,220,GRAINS,JEERU,MUSTARD,0.0,0.0,0,0.0,0.0,0.0,730.74,0.0,0.0,0,0,0.0,730.74,218.0,109.62,18.5
24,4,7,7,310300,Padhariya,747.29,448,2244,1190,1054,77,39,38,0,0,0,1,1,0,0,0,0,0,0,3,0,0,0,0,1,0,3,0,0,0,0,0,0,0,0,3,0,0,0,0,2,1,1,0,0,0,0,0,0,1,0,1,2,2,1,2,2,2,2,2,2,,0,,1,1,0,0,0,7,0,1,1,0,0,3,2,0,2,0,2,0,2,1,1,0,0,3,0,3,2,0,3,0,3,0,3,1,2,2,2,2,2,MAHESANA,25,1,0,0,0,1,1,N,M,1,80,108,GRAINS,JEERU,MUSTARD,0.0,0.0,0,0.0,0.0,0.0,522.53,0.0,0.0,0,0,0.0,522.53,100.0,124.34,0.42
24,4,7,7,310400,Dhandhusan,221.73,433,2027,1061,966,102,52,50,4,0,4,1,1,0,0,0,0,0,0,3,0,0,0,0,2,0,3,0,0,0,0,0,0,0,0,1,0,0,0,0,2,0,0,0,0,0,0,0,0,1,0,1,2,2,1,2,2,2,2,2,2,,0,,1,1,0,0,0,10,0,1,1,0,0,3,2,0,2,0,1,0,1,1,1,0,0,1,0,1,2,0,3,0,3,0,3,1,2,2,2,2,2,MAHESANA,28,1,0,0,0,1,1,N,M,1,83,83,GRAINS,MUSTARD,COTTON,0.0,0.0,0,0.0,0.0,0.0,160.68,0.0,0.0,0,0,0.0,160.68,32.0,19.04,10.01
24,4,7,7,310500,Gojhariya,1794.64,2689,13132,6832,6300,563,291,272,382,212,170,1,1,0,0,0,2,2,1,0,1,0,0,0,1,2,0,0,0,0,3,0,0,0,1,0,2,0,1,0,3,2,1,1,1,1,0,1,0,1,0,1,2,2,1,2,2,2,2,2,2,,0,,1,1,0,1,1,150,0,1,1,0,0,1,2,0,1,2,0,2,0,1,2,0,2,0,1,0,1,1,0,1,0,0,3,1,1,1,2,2,2,MANSA,12,1,0,0,0,1,1,N,M,1,10800,9430,WHEAT,COTTON,BAJRI,0.0,0.0,0,105.99,0.0,1564.39,26.45,0.0,0.0,0,0,0.0,1696.83,0.0,83.81,14.0
24,4,7,7,310600,Badalpura,122.28,188,950,471,479,0,0,0,0,0,0,1,1,0,0,0,0,0,0,3,0,0,0,0,1,0,1,0,0,0,0,0,0,0,0,2,0,0,0,0,2,0,0,0,0,0,0,1,0,1,0,1,1,1,1,2,2,2,2,2,2,,0,,1,0,1,0,0,5,0,1,1,0,0,3,2,0,2,0,1,0,2,1,1,0,0,3,0,3,2,0,3,0,3,0,3,1,2,2,2,2,2,MAHESANA,19,1,0,0,0,1,1,N,M,2,0,0,BAJRI,WHEAT,COTTON,0.0,0.0,0,0.0,0.0,0.0,0.0,0.0,0.0,0,0,0.0,0.0,0.0,54.03,68.25
24,4,7,7,310700,Meu,2435.07,1354,7154,3770,3384,246,131,115,0,0,0,1,1,0,0,0,1,0,0,3,0,0,0,0,1,0,1,0,0,0,0,0,0,0,0,1,0,0,0,0,1,2,1,0,0,1,0,0,0,1,0,1,2,2,1,2,2,2,2,2,2,,0,,1,1,0,1,1,10,0,1,1,0,0,3,2,0,1,1,0,0,1,1,1,0,0,1,0,1,2,0,3,0,3,0,3,1,2,2,2,2,2,MAHESANA,25,1,0,0,0,1,1,N,M,1,173,148,GRAINS,MUSTARD,JEERU,0.0,0.0,0,0.0,0.0,0.0,2066.41,2.75,0.0,0,0,0.0,2069.16,65.31,249.07,51.53
24,4,7,7,310800,Balvantpura,204.78,121,594,304,290,0,0,0,0,0,0,1,1,0,0,0,0,0,0,3,0,0,0,0,2,0,3,0,0,0,0,0,0,0,0,1,0,0,0,0,1,0,0,0,0,0,0,0,0,1,0,1,2,2,1,2,2,2,2,2,2,,0,,1,0,1,0,0,5,0,1,1,0,0,2,2,0,2,0,1,0,1,1,1,0,0,1,0,1,2,0,3,0,3,0,3,1,2,2,2,2,2,MAHESANA,20,1,0,0,0,1,1,N,M,1,462,442,MILK,GRAINS,COTTON,0.0,0.0,0,0.0,0.0,0.0,87.52,0.0,0.0,0,0,0.0,87.52,79.26,22.88,15.12
24,4,7,7,310900,Akhaj,1689.96,903,4778,2444,2334,321,167,154,0,0,0,1,1,0,0,0,1,0,0,3,0,0,0,0,1,0,3,0,0,0,0,0,0,0,0,3,0,0,0,1,0,1,1,0,0,0,0,0,0,1,0,1,2,2,1,2,2,2,2,2,2,,0,,1,1,0,0,0,260,0,1,1,0,0,2,2,0,1,1,0,0,3,1,1,0,0,2,0,2,2,0,3,0,3,0,3,1,2,2,2,2,2,AMBALIYASAN,8,1,0,0,0,1,1,N,M,1,309,321,GRAINS,JEERU,MUSTARD,0.0,0.0,0,0.0,0.0,0.0,1000.0,9.83,0.0,0,0,0.0,1009.83,425.43,251.06,3.64
24,4,7,7,311000,Bhakadiya,395.51,230,1194,617,577,77,38,39,0,0,0,1,1,0,0,0,0,0,0,3,0,0,0,0,2,0,2,0,0,0,0,0,0,0,0,2,0,0,0,0,2,0,0,0,0,0,0,0,0,1,0,1,2,2,1,2,2,2,2,2,2,,0,,1,0,2,0,0,10,0,1,1,0,0,2,2,0,2,0,1,0,3,1,1,0,0,2,0,2,2,0,3,0,3,0,3,1,2,2,2,2,2,AMBALIYASAN,16,1,0,0,0,1,1,N,M,1,181,159,GRAINS,JEERU,MUSTARD,0.0,0.0,0,0.0,0.0,0.0,196.23,0.0,0.0,0,0,0.0,196.23,157.11,31.63,10.54
24,4,7,7,311100,Geratpur,103.13,50,258,140,118,17,8,9,0,0,0,1,1,0,0,0,0,0,0,3,0,0,0,0,2,0,3,0,0,0,0,0,0,0,0,1,0,0,0,0,1,0,0,0,0,0,0,0,0,1,0,1,2,2,1,2,2,2,2,2,2,,0,,1,0,1,0,0,5,0,1,1,0,0,1,2,0,2,0,1,0,3,2,0,1,0,1,0,1,2,0,3,0,3,0,3,1,2,2,2,2,2,AMBALIYASAN,8,1,0,0,0,1,1,N,M,2,0,0,JEERU,CASTOR SEEDS,GRAINS,0.0,0.0,0,0.0,0.0,0.0,48.34,0.0,0.0,0,0,0.0,48.34,40.21,2.38,12.2
24,4,7,7,311200,Kochva,262.61,218,1128,606,522,0,0,0,0,0,0,1,1,0,0,0,0,0,0,2,0,0,0,0,2,0,2,0,0,0,0,0,0,0,0,1,0,0,0,0,1,0,0,0,0,0,0,0,0,1,0,1,2,2,1,2,2,2,2,2,2,,0,,1,0,1,0,0,2,0,1,1,0,0,1,2,0,2,0,1,0,2,2,0,1,0,1,0,1,2,0,2,0,2,0,3,1,2,2,2,2,2,MAHESANA,10,1,0,0,0,1,1,N,M,1,331,360,GRAINS,JEERU,MUSTARD,0.0,0.0,0,0.0,0.0,0.0,95.9,0.0,0.0,0,0,0.0,95.9,128.24,25.85,12.62
24,4,7,7,311300,Ditasan,235.35,204,1114,576,538,34,21,13,0,0,0,1,1,0,0,0,0,0,0,3,0,0,0,0,2,0,3,0,0,0,0,0,0,0,0,1,0,0,0,0,1,0,0,0,0,0,0,0,0,1,0,1,1,2,2,2,2,2,2,2,2,,0,,1,0,1,0,0,5,0,1,1,0,0,1,2,0,2,0,1,0,2,1,1,0,0,1,0,1,2,0,3,0,3,0,3,1,2,2,2,2,2,AMBALIYASAN,8,1,0,0,0,1,1,N,M,1,35,32,JEERU,MUSTARD,COTTON,0.0,0.0,0,0.0,0.0,0.0,150.0,0.0,0.0,0,0,0.0,150.0,55.0,25.35,5.0
24,4,7,7,311400,Linch,1778.72,1889,9444,4900,4544,465,251,214,20,7,13,1,3,0,0,0,1,0,0,3,0,0,0,0,1,0,3,0,0,0,0,0,0,0,1,0,0,0,0,1,0,1,1,0,0,2,0,0,0,1,0,1,2,2,1,2,2,2,2,2,2,,0,,1,1,0,0,1,15,0,1,1,0,0,1,2,0,1,1,0,0,3,1,1,0,0,3,0,3,2,0,3,0,3,0,3,1,2,2,2,2,2,AMBALIYASAN,9,1,0,0,0,1,1,N,M,1,529,535,JEERU,MUSTARD,GRAINS,0.0,0.0,0,0.0,0.0,0.0,1180.08,9.89,0.0,0,0,0.0,1189.97,394.0,100.13,94.62
24,4,7,7,311500,Ambasan,1613.21,1001,4807,2452,2355,537,252,285,0,0,0,1,1,0,0,0,1,1,0,3,0,0,0,0,1,1,0,0,0,0,1,0,0,0,1,0,0,0,0,0,1,1,1,0,0,0,0,0,0,1,0,1,2,2,1,2,2,2,2,2,2,,0,,1,1,0,0,0,75,0,1,1,0,0,1,2,0,1,0,1,1,0,1,1,0,0,1,0,1,2,0,3,0,3,0,3,1,2,2,2,2,2,AMBALIYASAN,8,1,0,0,0,1,1,N,M,1,433,438,GRAINS,JEERU,CASTOR SEEDS,0.0,0.0,0,0.0,0.0,0.0,1400.0,0.0,0.0,0,0,0.0,1400.0,37.54,99.25,76.42
24,4,7,7,311600,Ranipura,198.93,174,851,443,408,240,123,117,0,0,0,1,1,0,0,0,0,0,0,3,0,0,0,0,2,0,1,0,0,0,0,0,0,0,0,1,0,0,0,0,1,0,0,0,0,0,0,0,0,1,0,1,2,2,1,2,2,2,2,2,2,,0,,1,0,1,0,0,10,0,1,1,0,0,1,2,0,2,0,1,0,1,2,0,1,0,1,0,1,2,0,3,0,3,0,3,1,2,2,2,2,2,AMBALIYASAN,7,1,0,0,0,1,1,N,M,1,85,79,CHILLY,GRAINS,CASTOR OIL,0.0,0.0,0,0.0,0.0,0.0,160.0,0.0,0.0,0,0,0.0,160.0,9.4,19.41,10.12
24,4,7,7,311700,Jotana,931.87,1512,7153,3753,3400,1012,553,459,36,19,17,1,2,0,0,0,2,1,0,3,0,0,0,0,1,1,0,0,0,0,1,0,0,0,1,0,0,0,0,1,0,2,1,0,0,5,0,0,0,1,0,1,2,2,1,2,2,2,2,2,2,,0,,1,1,0,0,1,205,0,1,1,0,0,2,2,0,1,1,0,1,0,1,1,0,1,0,1,0,2,0,3,0,3,0,3,1,2,2,2,2,2,AMBALIYASAN,10,1,0,0,0,1,1,N,M,1,1256,1222,CHILLY,MUSTARD,GRAINS,0.0,0.0,0,0.0,0.0,0.0,605.0,0.0,0.0,0,0,0.0,605.0,190.0,31.87,105.0
24,4,7,7,311800,Santhal,1616.71,804,4102,2122,1980,503,269,234,2,2,0,1,2,0,0,0,1,0,0,3,0,0,0,0,1,1,0,0,0,0,0,1,0,0,0,3,0,0,0,0,2,1,1,0,0,0,0,0,0,1,0,1,2,2,1,2,2,2,2,2,2,,0,,1,1,0,0,1,15,0,1,1,0,0,2,2,0,2,0,2,0,2,1,1,0,0,2,0,2,2,0,3,0,3,0,3,1,2,2,2,2,2,AMBALIYASAN,12,1,0,0,0,1,1,N,M,1,188,184,WHEAT,CHILLY,JEERU,0.0,0.0,0,0.0,0.0,0.0,900.57,5.82,0.0,0,0,0.0,906.39,545.0,77.52,87.8
24,4,7,7,311900,Katosan,1400.42,707,3398,1723,1675,109,53,56,0,0,0,1,1,0,0,0,1,0,0,3,0,0,0,0,1,0,3,0,0,0,0,0,0,0,1,0,0,0,0,0,3,1,1,0,0,0,0,0,0,1,0,1,2,2,1,2,2,2,2,2,2,,0,,1,1,0,0,0,70,0,1,1,0,1,0,2,0,2,0,2,0,2,1,1,0,0,3,0,3,2,0,3,0,3,0,3,1,2,2,2,2,2,AMBALIYASAN,18,1,0,0,0,1,1,N,M,1,1819,1765,MUSTARD,CASTOR SEEDS,GRAINS,0.0,0.0,0,0.0,0.0,0.0,325.0,0.0,0.0,0,0,0.0,325.0,927.0,63.42,85.0
24,4,7,7,312000,Tejpura,402.73,198,963,474,489,13,5,8,0,0,0,1,1,0,0,0,0,0,0,3,0,0,0,0,2,0,3,0,0,0,0,0,0,0,0,3,0,0,0,0,2,0,0,0,0,0,0,0,0,1,0,1,2,2,1,2,2,2,2,2,2,,0,,1,0,1,0,0,10,0,1,1,0,0,1,2,0,2,0,2,0,3,2,0,1,0,3,0,3,2,0,3,0,3,0,3,1,2,2,2,2,2,MAHESANA,27,1,0,0,0,1,1,N,M,1,120,115,GRAINS,JEERU,MUSTARD,0.0,0.0,0,0.0,0.0,0.0,77.0,3.05,0.0,0,0,0.0,80.05,278.0,26.33,18.35
24,4,7,7,312100,Kanpura,281.19,116,464,236,228,55,32,23,0,0,0,1,1,0,0,0,0,0,0,3,0,0,0,0,2,0,3,0,0,0,0,0,0,0,0,3,0,0,0,0,3,0,0,0,0,0,0,0,0,1,0,1,2,2,1,2,2,2,2,2,2,,0,,1,0,1,0,0,3,0,1,1,0,0,2,2,0,2,0,3,0,3,2,0,1,0,3,0,3,2,0,3,0,3,0,3,1,2,2,2,2,2,MAHESANA,35,1,0,0,0,1,1,N,M,1,90,85,WHEAT,BAJRI,MUSTARD,0.0,0.0,0,0.0,0.0,0.0,66.61,1.39,0.0,0,0,0.0,68.0,177.58,13.93,21.68
24,4,7,7,312200,Rampura (Katosan),850.01,336,1667,879,788,33,18,15,0,0,0,1,1,0,0,0,0,0,0,3,0,0,0,0,2,0,3,0,0,0,0,0,0,0,0,3,0,0,0,0,3,0,0,0,0,0,0,0,0,1,0,1,2,2,1,2,2,2,2,2,2,,0,,1,1,0,0,0,2,0,1,1,0,0,1,2,0,2,0,3,0,3,2,0,3,0,3,0,3,2,0,3,0,3,0,3,1,2,2,2,2,2,MAHESANA,35,1,0,0,0,1,1,N,M,1,14,16,GRAINS,MUSTARD,JEERU,0.0,0.0,0,0.0,0.0,0.0,100.0,0.0,0.0,0,0,0.0,100.0,668.01,10.0,72.0
24,4,7,7,312300,Virsoda,931.98,299,1370,707,663,45,17,28,0,0,0,1,1,0,0,0,0,0,0,3,0,0,0,0,2,0,3,0,0,0,0,0,0,0,0,3,0,0,0,0,3,0,0,0,0,0,0,0,0,1,0,1,2,2,1,2,2,2,2,2,2,,0,,1,1,0,0,0,10,0,1,1,0,0,3,2,0,2,0,3,0,3,1,1,0,0,3,0,3,2,0,3,0,3,0,3,1,2,2,2,2,2,KADI,21,1,0,0,0,1,1,N,M,1,18,14,GRAINS,MUSTARD,CASTOR SEEDS,0.0,0.0,0,0.0,0.0,0.0,260.0,0.0,0.0,0,0,0.0,260.0,591.0,35.0,45.98
24,4,7,7,312400,Dhanpura,583.09,180,839,430,409,51,27,24,3,2,1,1,1,0,0,0,1,0,0,3,0,0,0,0,1,0,3,0,0,0,0,0,0,0,0,2,0,0,0,0,2,0,0,0,0,1,0,0,0,1,0,1,2,2,1,2,2,2,2,2,2,,0,,1,1,0,0,0,15,0,1,1,0,0,1,2,0,2,0,3,0,3,1,1,0,0,3,0,3,2,0,3,0,3,0,3,1,2,2,2,2,2,AMBALIYASAN,16,1,0,0,0,1,1,N,M,1,565,506,GRAINS,MUSTARD,CASTOR SEEDS,0.0,0.0,0,0.0,0.0,0.0,136.0,0.0,0.0,0,0,0.0,136.0,370.0,1.09,76.0
24,4,7,7,312500,Ijpura Jethaji,729.84,248,1201,609,592,191,100,91,0,0,0,1,1,0,0,0,0,0,0,3,0,0,0,0,2,0,1,0,0,0,0,0,0,0,0,1,0,0,0,0,1,0,0,0,0,0,0,0,0,1,0,1,2,2,1,2,2,2,2,2,2,,0,,1,0,1,0,0,5,0,1,1,0,0,1,2,0,2,0,3,0,3,1,1,0,0,1,0,1,2,0,3,0,3,0,3,1,2,2,2,2,2,MAHESANA,19,1,0,0,0,1,1,N,M,1,159,145,JEERU,MUSTARD,CHILLY,0.0,0.0,0,0.0,0.0,0.0,400.78,0.0,0.0,0,0,0.0,400.78,284.68,42.06,2.32
24,4,7,7,312600,Memadpura,504.5,422,2040,1043,997,171,93,78,0,0,0,1,1,0,0,0,0,0,0,3,0,0,0,0,2,0,1,0,0,0,0,0,0,0,0,1,0,0,0,0,1,0,0,0,0,0,0,0,0,1,0,1,2,2,1,2,2,2,2,2,2,,0,,1,0,1,0,0,10,0,1,1,0,0,1,2,0,2,0,3,0,3,1,1,0,0,1,0,1,2,0,3,0,3,0,3,1,2,2,2,2,2,AMBALIYASAN,10,1,0,0,0,1,1,N,M,1,167,168,GRAINS,MUSTARD,CASTOR SEEDS,0.0,0.0,0,0.0,0.0,0.0,281.98,0.0,0.0,0,0,0.0,281.98,135.0,80.79,6.73
24,4,7,7,312700,Jakasna,497.41,446,2212,1109,1103,289,147,142,0,0,0,1,1,0,0,0,1,0,0,3,0,0,0,0,1,0,2,0,0,0,0,0,0,0,0,2,0,0,0,0,2,1,1,0,0,0,0,0,0,1,0,1,2,2,1,2,2,2,2,2,2,,0,,1,1,0,0,0,20,0,1,1,0,0,2,2,0,2,0,3,0,3,1,1,0,0,2,0,2,2,0,3,0,3,0,3,1,2,2,2,2,2,MAHESANA,22,1,0,0,0,1,1,N,M,1,236,237,BAJRI,WHEAT,MUSTARD,0.0,0.0,0,0.0,11.68,0.0,183.53,0.0,0.0,0,0,0.0,195.21,245.0,10.68,46.52
24,4,7,7,312800,Sidosan,359.2,124,577,302,275,149,79,70,0,0,0,1,1,0,0,0,0,0,0,3,0,0,0,0,2,0,1,0,0,0,0,0,0,0,0,1,0,0,0,0,1,0,0,0,0,0,0,0,0,1,0,1,2,2,1,2,2,2,2,2,2,,0,,1,0,1,0,0,5,0,1,1,0,0,1,2,0,2,0,3,0,3,1,1,0,0,1,0,1,2,0,3,0,3,0,3,1,2,2,2,2,2,AMBALIYASAN,13,1,0,0,0,1,1,N,M,1,28,26,GRAINS,MUSTARD,CASTOR SEEDS,0.0,0.0,0,0.0,10.0,0.0,165.33,0.0,0.0,0,0,0.0,175.33,149.0,26.62,8.25
24,4,7,7,312900,Khadalpur,347.42,471,2275,1231,1044,130,72,58,0,0,0,1,1,0,0,0,0,0,0,3,0,0,0,0,1,0,3,0,0,0,0,0,0,0,0,1,0,0,0,0,1,1,0,0,0,2,0,0,0,1,0,1,2,2,1,2,2,2,2,2,2,,0,,1,1,0,0,0,20,0,1,1,0,0,1,2,0,2,0,1,0,1,1,1,0,0,1,0,1,2,0,3,0,3,0,3,1,2,2,2,2,2,AMBALIYASAN,7,1,0,0,0,1,1,N,M,1,128,137,GRAINS,MUSTARD,CASTOR SEEDS,0.0,0.0,0,0.0,0.0,0.0,290.0,0.0,0.0,0,0,0.0,290.0,13.0,28.72,15.7
24,4,7,7,313000,Baliyasan,517.63,897,4410,2647,1763,759,439,320,331,216,115,1,1,0,0,0,1,0,0,3,0,0,0,0,2,0,3,0,0,0,0,0,0,0,0,2,0,0,0,0,2,0,0,0,0,0,0,0,0,1,0,1,2,2,1,2,2,2,2,2,2,,0,,1,1,0,0,0,6,0,1,1,0,0,2,2,0,2,0,2,0,3,1,1,0,0,2,0,2,2,0,3,0,3,0,3,1,2,2,2,2,2,AMBALIYASAN,5,1,0,0,0,1,1,N,M,1,243,196,GRAINS,JEERU,CASTOR SEEDS,0.0,0.0,0,0.0,0.0,0.0,240.0,0.0,0.0,0,0,0.0,240.0,139.0,62.1,76.53
24,4,7,7,313100,Dholasan,657.68,591,3267,1684,1583,106,54,52,10,6,4,1,1,0,0,0,0,0,0,3,0,0,0,0,1,0,3,0,0,0,0,0,0,0,0,2,0,0,0,0,2,1,1,0,0,0,0,0,0,1,0,1,2,2,1,2,2,2,2,2,2,,0,,1,1,0,0,0,30,0,1,1,0,0,2,2,0,2,0,2,0,2,2,0,2,0,2,0,2,2,0,3,0,3,0,3,1,2,2,2,2,2,AMBALIYASAN,6,1,0,0,0,1,1,N,M,1,158,160,GRAINS,MUSTARD,JEERU,0.0,0.0,0,0.0,0.0,0.0,500.0,0.0,0.0,0,0,0.0,500.0,56.0,64.68,37.0
24,4,7,7,313200,Jetalpur,322.16,247,1331,685,646,106,61,45,0,0,0,1,1,0,0,0,0,0,0,3,0,0,0,0,2,0,3,0,0,0,0,0,0,0,0,3,0,0,0,0,3,0,0,0,0,0,0,0,0,1,0,1,2,2,1,2,2,2,2,2,2,,0,,1,0,3,0,0,10,0,1,1,0,0,1,2,0,2,0,1,0,2,1,1,0,0,1,0,1,2,0,3,0,3,0,3,1,2,2,2,2,2,MAHESANA,16,1,0,0,0,1,1,N,M,1,203,202,WHEAT,BAJRI,JEERU,0.0,0.0,0,0.0,0.0,0.0,220.0,0.0,0.0,0,0,0.0,220.0,57.0,35.16,10.0
24,4,7,7,313300,Chaluva,860.64,635,3671,1915,1756,154,85,69,0,0,0,1,2,0,0,0,0,0,0,3,0,0,0,0,1,0,3,0,0,0,0,0,0,0,0,3,0,0,0,0,3,1,0,0,0,0,0,0,0,1,0,1,2,2,1,2,2,2,2,2,2,,0,,1,1,0,0,0,15,0,1,1,0,0,3,2,0,2,0,3,0,1,1,1,0,0,3,0,3,2,0,3,0,3,0,3,1,2,2,2,2,2,AMBALIYASAN,13,1,0,0,0,1,1,N,M,1,85,74,BAJRI,WHEAT,MUSTARD,0.0,0.0,0,0.0,0.0,0.0,290.22,0.0,0.0,0,0,0.0,290.22,465.65,46.12,58.65
24,4,7,7,313400,Langhnaj,2327.04,1857,9363,4909,4454,691,372,319,0,0,0,1,3,0,0,0,1,1,0,3,0,0,0,0,1,1,0,0,0,0,1,0,0,0,1,0,0,0,0,0,3,2,1,0,0,2,0,0,1,1,0,1,2,2,1,2,2,2,2,2,2,,0,,1,1,0,0,1,81,0,1,1,0,0,1,2,0,1,1,0,1,0,1,1,0,1,0,1,0,2,0,2,0,3,0,3,1,2,2,2,2,2,AMBALIYASAN,15,1,0,0,0,1,1,N,M,1,578,577,WHEAT,BAJRI,MUSTARD,0.0,0.0,0,0.0,0.0,0.0,1454.05,0.0,0.0,0,0,0.0,1454.05,520.2,146.43,206.36
24,4,7,7,313500,Charadu,815.52,997,5235,2678,2557,74,38,36,0,0,0,1,1,0,0,0,0,0,0,3,0,0,0,0,1,0,1,0,0,0,0,0,0,0,0,1,0,0,0,0,2,1,1,0,0,0,0,0,0,1,0,1,2,2,1,2,2,2,2,2,2,,0,,1,1,0,0,0,25,0,1,1,0,0,1,2,0,2,0,1,0,1,1,1,0,0,1,0,1,2,0,3,0,3,0,3,1,2,2,2,2,2,AMBALIYASAN,17,1,0,0,0,1,1,N,M,1,59,78,GRAINS,MUSTARD,SESAME,0.0,0.0,0,0.0,0.0,0.0,600.0,0.0,0.0,0,0,0.0,600.0,104.0,49.52,62.0
24,4,7,7,313600,Saldi,522.13,649,2909,1485,1424,62,29,33,0,0,0,1,1,0,0,0,1,0,0,3,0,0,0,0,1,0,2,0,0,0,0,0,0,0,0,1,0,0,0,0,3,1,1,0,0,0,0,0,0,1,0,1,2,2,1,2,2,2,2,2,2,,0,,1,1,0,0,0,25,0,1,1,0,0,2,2,0,2,0,1,0,1,1,1,0,0,1,0,1,2,0,3,0,3,0,3,1,2,2,2,2,2,AMBALIYASAN,16,1,0,0,0,1,1,N,M,1,213,251,GRAINS,JEERU,MUSTARD,0.0,0.0,0,0.0,0.0,0.0,350.0,0.0,0.0,0,0,0.0,350.0,107.0,60.13,5.0
24,4,7,7,313700,Jamnapur,332.49,255,1334,691,643,92,39,53,0,0,0,1,1,0,0,0,0,0,0,3,0,0,0,0,2,0,3,0,0,0,0,0,0,0,0,2,0,0,0,0,3,0,0,0,0,0,0,0,0,1,0,1,2,2,1,2,2,2,2,2,2,,0,,1,0,1,0,0,3,0,1,1,0,0,3,2,0,2,0,3,0,1,1,1,0,0,3,0,3,2,0,3,0,3,0,3,1,2,2,2,2,2,AMBALIYASAN,13,1,0,0,0,1,1,N,M,1,975,935,WHEAT,BAJRI,MUSTARD,0.0,0.0,0,0.0,0.0,0.0,193.0,0.0,0.0,0,0,0.0,193.0,71.0,50.0,18.49
24,4,7,7,313800,Jornang,1379.85,1181,5945,3099,2846,427,224,203,0,0,0,1,2,0,0,0,0,0,0,3,0,0,0,0,1,0,3,0,0,0,0,0,0,0,0,3,0,0,0,0,3,1,1,0,0,2,0,0,0,1,0,1,2,2,1,2,2,2,2,2,2,,0,,1,1,0,0,1,50,0,1,1,0,0,3,2,0,2,0,3,0,2,1,1,0,0,3,0,3,2,0,3,0,3,0,3,1,2,2,2,2,2,AMBALIYASAN,12,1,0,0,0,1,1,N,M,1,385,379,JEERU,MUSTARD,CASTOR SEEDS,0.0,0.0,0,0.0,0.0,0.0,1150.1,0.0,0.0,0,0,0.0,1150.1,51.75,92.0,86.0
24,4,7,7,313900,Mandali,582.17,550,3115,1650,1465,193,109,84,0,0,0,1,1,0,0,0,0,0,0,3,0,0,0,0,1,0,3,0,0,0,0,0,0,0,0,2,0,0,0,0,2,1,1,0,0,0,0,0,0,1,0,1,2,2,1,2,2,2,2,2,2,,0,,1,0,2,0,0,11,0,1,1,0,0,2,2,0,2,0,2,0,2,1,1,0,0,2,0,2,2,0,3,0,3,0,3,1,2,2,2,2,2,AMBALIYASAN,5,1,0,0,0,1,1,N,M,1,310,315,MUSTARD,CASTOR SEEDS,GRAINS,0.0,0.0,0,0.0,0.0,0.0,392.06,0.33,0.0,0,0,0.0,392.39,127.35,30.31,32.12
24,4,7,7,314000,Bhasariya,368.3,499,2586,1361,1225,138,66,72,0,0,0,1,1,0,0,0,1,0,0,3,0,0,0,0,1,0,3,0,0,0,0,0,0,0,0,1,0,0,0,0,3,1,1,0,0,0,0,0,0,1,0,1,2,2,1,2,2,2,2,2,2,,0,,1,1,0,0,0,10,0,1,1,0,0,2,2,0,2,0,2,0,3,1,1,0,0,2,0,2,2,0,3,0,3,0,3,1,2,2,2,2,2,AMBALIYASAN,6,1,0,0,0,1,1,N,M,1,366,360,GRAINS,MUSTARD,CASTOR SEEDS,0.0,0.0,0,0.0,0.0,0.0,250.0,0.0,0.0,0,0,0.0,250.0,60.0,41.29,17.01
24,4,7,7,314100,Divanpura-Alias-Apapura,357.12,343,1676,865,811,156,82,74,0,0,0,1,1,0,0,0,0,0,0,3,0,0,0,0,2,0,1,0,0,0,0,0,0,0,0,1,0,0,0,0,2,0,0,0,0,0,0,0,0,1,0,1,2,2,1,2,2,2,2,2,2,,0,,1,1,0,0,0,22,0,1,1,0,0,3,2,0,2,0,3,0,3,1,1,0,0,3,0,3,2,0,3,0,3,0,3,1,2,2,2,2,2,AMBALIYASAN,15,1,0,0,0,1,1,N,M,1,55,32,GRAINS,MUSTARD,CASTOR SEEDS,0.0,0.0,0,0.0,0.0,0.0,280.5,0.0,0.0,0,0,0.0,280.5,10.0,44.22,22.4
24,4,7,7,314200,Harsundal,442.15,312,1702,891,811,169,91,78,0,0,0,1,1,0,0,0,0,0,0,3,0,0,0,0,2,0,1,0,0,0,0,0,0,0,0,1,0,0,0,0,2,0,0,0,0,0,0,0,0,1,0,1,2,2,1,2,2,2,2,2,2,,0,,1,0,1,0,0,8,0,1,1,0,0,2,2,0,2,0,3,0,3,1,1,0,0,2,0,2,2,0,3,0,3,0,3,1,2,2,2,2,2,AMBALIYASAN,14,1,0,0,0,1,1,N,M,1,34,10,GRAINS,MUSTARD,CASTOR SEEDS,0.0,0.0,0,0.0,0.0,0.0,310.0,0.0,0.0,0,0,0.0,310.0,79.0,29.5,23.65
24,4,7,7,314300,Mudarda,863.1,666,3446,1806,1640,204,105,99,0,0,0,1,1,0,0,0,1,0,0,3,0,0,0,0,1,0,3,0,0,0,0,0,0,0,1,0,0,0,0,0,2,1,1,0,0,0,0,0,0,1,0,1,2,2,1,2,2,2,2,2,2,,0,,1,1,0,0,1,25,0,1,1,0,0,2,2,0,2,0,3,0,3,1,1,0,0,2,0,2,2,0,3,0,3,0,3,1,2,2,2,2,2,AMBALIYASAN,7,1,0,0,0,1,1,N,M,1,301,338,GRAINS,MUSTARD,CASTOR SEEDS,0.0,0.0,0,0.0,0.0,0.0,525.0,0.0,0.0,0,0,0.0,525.0,200.0,71.36,66.74
24,4,7,7,314400,Tundali,601.15,444,2375,1228,1147,94,47,47,0,0,0,1,1,0,0,0,0,0,0,3,0,0,0,0,1,0,3,0,0,0,0,0,0,0,0,2,0,0,0,0,2,0,0,0,0,1,0,0,0,1,0,1,2,2,1,2,2,2,2,2,2,,0,,1,1,0,0,0,8,0,1,1,0,0,2,2,0,2,0,2,0,3,1,1,0,0,2,0,2,2,0,3,0,3,0,3,1,2,2,2,2,2,AMBALIYASAN,7,1,0,0,0,1,1,N,M,1,156,192,GRAINS,MUSTARD,CASTOR SEEDS,0.0,0.0,0,0.0,0.0,0.0,416.19,30.61,0.0,0,0,0.0,446.8,91.2,20.15,43.0
24,4,7,7,314500,Navi Sedhavi,499.5,319,1638,871,767,220,121,99,0,0,0,1,1,0,0,0,0,0,0,3,0,0,0,0,1,0,3,0,0,0,0,0,0,0,0,3,0,0,0,0,3,1,1,0,0,0,0,0,0,1,0,1,2,2,1,2,2,2,2,2,2,,0,,1,0,1,0,0,10,0,1,1,0,0,1,2,0,2,0,2,0,3,1,1,0,0,2,0,2,2,0,3,0,3,0,3,1,2,2,2,2,2,AMBALIYASAN,10,1,0,0,0,1,1,N,M,1,90,88,MUSTARD,CASTOR SEEDS,COTTON,0.0,0.0,0,0.0,0.0,0.0,390.0,0.0,0.0,0,0,0.0,390.0,49.0,20.0,40.5
24,4,7,7,314600,Juni Sedhavi,454.44,274,1400,720,680,83,43,40,6,4,2,1,1,0,0,0,0,0,0,3,0,0,0,0,2,0,3,0,0,0,0,0,0,0,0,3,0,0,0,0,2,0,0,0,0,0,0,0,0,1,0,1,2,2,1,2,2,2,2,2,2,,0,,1,1,0,0,0,40,0,1,1,0,1,0,2,0,2,0,3,0,3,1,1,0,0,3,0,3,2,0,3,0,3,0,3,1,2,2,2,2,2,AMBALIYASAN,12,1,0,0,0,1,1,N,M,1,128,128,GRAINS,MUSTARD,COTTON,0.0,0.0,0,0.0,0.0,0.0,214.0,0.0,0.0,0,0,0.0,214.0,161.0,45.0,34.44
24,4,7,7,314700,Hadvi,318.45,127,674,350,324,89,46,43,0,0,0,1,1,0,0,0,0,0,0,3,0,0,0,0,2,0,3,0,0,0,0,0,0,0,0,2,0,0,0,0,3,0,0,0,0,0,0,0,0,1,0,1,2,2,1,2,2,2,2,2,2,,0,,1,0,2,0,0,4,0,1,1,0,0,3,2,0,2,0,3,0,3,1,1,0,0,2,0,2,2,0,3,0,3,0,3,1,2,2,2,2,2,MAHESANA,24,1,0,0,0,1,1,N,M,1,19,17,GRAINS,JEERU,MUSTARD,0.0,0.0,0,0.0,0.0,0.0,250.0,0.0,0.0,0,0,0.0,250.0,30.45,30.0,8.0
24,4,7,7,314800,Vadasma,2077.43,1187,6125,3205,2920,458,241,217,0,0,0,1,2,0,0,0,1,0,0,3,0,0,0,0,1,0,3,0,0,0,0,0,0,0,0,1,0,0,0,0,3,1,1,0,0,0,0,0,0,1,0,1,2,2,1,2,2,2,2,2,2,,0,,1,1,0,0,0,10,0,1,1,0,0,1,2,0,2,0,1,0,1,1,1,0,0,1,0,1,2,0,3,0,3,0,3,1,2,2,2,2,2,AMBALIYASAN,14,1,0,0,0,1,1,N,M,1,389,423,GRAINS,MUSTARD,CASTOR SEEDS,0.0,0.0,0,0.0,0.0,0.0,1583.43,0.0,0.0,0,0,0.0,1583.43,236.57,27.43,230.0
24,4,8,8,314900,Kakasna,197.04,72,348,184,164,0,0,0,0,0,0,1,1,0,0,0,0,0,0,3,0,0,0,0,2,0,3,0,0,0,0,0,0,0,0,3,0,0,0,0,1,0,0,0,0,0,0,0,0,1,0,1,2,2,1,2,2,2,2,2,2,,0,,2,0,1,0,0,0,1,1,1,0,0,1,2,0,2,0,2,0,1,1,1,0,0,1,0,1,2,0,3,0,3,0,3,1,1,2,2,2,2,MAHESANA,20,1,0,0,0,1,2,,,2,0,0,BAJRI,WHEAT,JOWAR,0.0,0.0,0,0.0,0.0,0.0,40.47,0.0,0.0,0,0,0.0,40.47,121.47,16.3,18.8
24,4,8,8,315000,Kanoda,1308.81,354,1653,860,793,143,72,71,0,0,0,1,1,0,0,0,1,0,0,3,0,0,0,0,1,0,3,0,0,0,1,0,0,0,0,3,1,0,0,0,2,1,1,0,0,1,0,1,0,1,0,1,2,2,1,2,2,2,2,2,2,,0,,1,1,0,0,0,11,0,1,1,0,0,3,2,0,2,0,2,0,2,1,2,0,0,3,0,3,2,0,3,0,3,0,3,1,2,2,2,2,2,MAHESANA,14,1,0,0,0,1,1,N,M,1,3694,3583,BAJRI,MUSTARD,WHEAT,0.0,0.0,0,0.0,0.0,0.0,181.66,0.0,0.0,0,0,0.0,181.66,893.89,105.74,127.52
24,4,8,8,315100,Bhalgamda,151.85,193,1006,489,517,0,0,0,0,0,0,1,1,0,0,0,0,0,0,3,0,0,0,0,1,0,1,0,0,0,0,0,0,0,0,3,0,0,0,0,3,0,0,0,0,0,1,1,0,1,0,1,1,2,1,2,2,2,2,2,2,,0,,1,0,1,0,0,2,0,1,1,0,0,3,2,0,2,0,1,0,3,2,0,1,0,3,0,3,2,0,3,0,3,0,3,1,1,1,2,2,2,CHANASMA,15,1,0,0,0,1,1,N,M,1,685,668,WHEAT,BAJRI,MUSTARD,0.0,0.0,0,0.0,0.0,0.0,0.0,14.42,0.0,0,0,15.68,30.1,83.72,15.41,22.62
24,4,8,8,315200,Gambhu,1649.42,855,4223,2121,2102,352,192,160,0,0,0,1,2,0,0,0,1,1,0,3,0,0,0,0,1,0,3,0,0,0,1,0,0,0,0,3,0,0,0,0,2,1,0,0,0,1,0,1,0,1,0,1,2,2,1,2,2,2,2,2,2,,0,,1,1,0,0,0,80,0,1,1,0,0,3,2,0,1,1,0,0,2,1,1,0,0,3,0,3,2,0,3,0,3,0,3,1,2,2,2,2,2,CHANASMA,15,1,0,0,0,1,1,N,M,1,7731,7510,MUSTARD,CASTOR OIL,WHEAT,0.0,0.0,0,0.0,0.0,0.0,900.0,0.0,0.0,0,0,0.0,900.0,524.45,98.06,126.91
24,4,8,8,315300,Ajabpura,240.16,85,340,192,148,6,2,4,0,0,0,1,1,0,0,0,0,0,0,3,0,0,0,0,1,0,3,0,0,0,0,0,0,0,0,3,1,0,1,0,2,0,0,0,0,0,0,0,0,1,0,2,2,2,1,2,2,2,2,2,2,,0,,1,0,1,0,0,4,0,1,1,0,0,1,2,0,2,0,2,0,2,2,0,2,0,2,0,3,2,0,3,0,3,0,3,1,1,2,2,2,2,CHANASMA,12,1,0,0,0,1,1,N,M,1,2367,2366,BAJRI,MUSTARD,WHEAT,0.0,0.0,0,0.0,0.0,0.0,65.55,0.0,0.0,0,0,0.0,65.55,130.01,25.39,19.21
24,4,8,8,315400,Khambhel,1277.95,492,2534,1312,1222,291,154,137,0,0,0,1,1,0,0,0,0,0,0,3,0,0,0,0,1,0,3,0,0,0,1,0,0,0,0,3,1,1,1,0,2,1,1,1,1,0,0,0,0,1,0,1,1,2,1,2,2,2,2,2,2,,0,,1,1,0,0,0,10,0,1,1,0,1,0,2,0,1,1,0,0,3,1,1,0,0,3,0,3,2,0,3,0,3,0,3,1,2,2,2,2,2,CHANASMA,17,1,0,0,0,1,1,N,M,1,2062,2964,BAJRI,JOWAR,MUSTARD,0.0,0.0,0,0.0,0.0,0.0,401.1,0.0,0.0,0,0,0.0,401.1,703.32,25.91,147.62
24,4,8,8,315500,Ambala,726.7,429,2240,1185,1055,113,68,45,0,0,0,1,1,0,0,0,1,0,0,3,0,0,0,0,1,0,3,0,0,0,0,0,0,0,0,3,0,0,0,0,2,1,0,0,0,1,0,1,0,1,0,1,2,2,1,2,2,2,2,2,2,,0,,1,1,0,0,0,32,0,1,1,0,0,3,2,0,2,0,1,0,3,1,2,0,0,3,0,3,2,0,3,0,3,0,3,1,1,1,2,2,2,CHANASMA,20,1,0,0,0,1,1,N,M,1,1700,1851,BAJRI,MUSTARD,WHEAT,0.0,0.0,0,0.0,0.0,0.0,300.0,0.0,0.0,0,0,0.0,300.0,372.79,19.65,34.26
24,4,8,8,315600,Mandali,347.33,224,1343,666,677,496,256,240,0,0,0,1,1,0,0,0,0,0,0,3,0,0,0,0,1,0,3,0,0,0,0,0,0,0,0,3,0,0,0,0,3,0,0,0,0,0,0,1,0,1,0,2,2,2,1,2,2,2,2,2,2,,0,,1,0,1,0,0,7,0,1,1,0,0,2,2,0,2,0,2,0,3,1,2,0,1,0,0,3,2,0,3,0,3,0,3,1,1,2,2,2,2,CHANASMA,20,1,0,0,0,1,1,N,M,1,834,526,BAJRI,PULSES,MUSTARD,0.0,0.0,0,0.0,0.0,0.0,150.0,0.0,0.0,0,0,0.0,150.0,111.01,28.97,57.35
24,4,8,8,315700,Chandroda,1324.34,302,1573,817,756,170,87,83,0,0,0,1,1,0,0,0,0,0,0,3,0,0,0,0,2,0,3,0,0,0,0,0,0,0,0,3,0,0,0,0,3,0,0,0,0,0,0,0,0,1,0,1,2,2,1,2,2,2,2,2,2,,0,,1,1,0,0,0,4,0,1,1,0,0,3,2,0,2,0,1,0,3,1,1,0,0,3,0,3,2,0,3,0,3,0,3,1,2,2,2,2,2,HARIJ,9,1,0,0,0,1,1,N,M,1,2220,2200,JOWAR,BAJRI,MUSTARD,181.93,0.0,0,0.0,0.0,0.0,600.0,0.0,0.0,0,0,0.0,600.0,331.0,106.08,105.33
24,4,8,8,315800,Surpura,801.39,236,1277,643,634,231,133,98,0,0,0,1,1,0,0,0,1,0,0,3,0,0,0,0,2,0,3,0,0,0,0,0,0,0,0,2,0,0,0,0,3,0,0,0,0,0,0,0,0,1,0,1,2,2,1,2,2,2,2,2,2,,0,,1,1,0,0,0,4,0,1,1,0,0,3,2,0,2,0,1,0,3,1,1,0,0,3,0,3,2,0,3,0,3,0,3,1,2,2,2,2,2,CHANASMA,21,1,0,0,0,1,1,N,M,1,1870,1855,BAJRI,JOWAR,WHEAT,0.0,0.0,0,0.0,0.0,0.0,450.0,0.0,0.0,0,0,0.0,450.0,225.5,85.0,40.89
24,4,8,8,315900,Venpura,373.87,221,1013,508,505,15,8,7,0,0,0,1,1,0,0,0,0,0,0,2,0,0,0,0,1,0,3,0,0,0,0,0,0,0,0,1,0,0,0,0,2,1,0,0,0,1,0,1,0,1,0,1,2,2,1,2,2,2,2,2,2,,0,,1,1,0,0,0,7,0,1,1,0,0,2,2,0,2,0,1,0,2,1,1,0,0,2,0,2,2,0,2,0,3,0,3,1,2,2,2,2,2,CHANASMA,20,1,0,0,0,1,1,N,M,1,1232,1233,MILK,JOWAR,CLOTH,0.0,0.0,0,0.0,0.0,0.0,205.0,0.0,0.0,0,0,0.0,205.0,100.33,36.32,32.22
24,4,8,8,316000,Adivada,793.52,376,1850,920,930,9,6,3,0,0,0,1,1,0,0,0,1,1,0,2,0,0,0,0,1,0,3,0,0,0,0,1,0,0,0,1,0,0,0,0,1,1,0,0,0,1,0,0,0,1,0,1,2,2,1,2,2,2,2,2,2,,0,,1,0,1,0,0,10,0,1,1,0,0,2,2,0,2,0,1,0,2,2,0,3,0,2,0,2,2,0,2,0,3,0,3,1,2,2,2,2,2,CHANASMA,18,1,0,0,0,1,1,N,M,1,1529,1249,GRAINS,MILK,COTTON,0.0,0.0,0,0.0,0.0,0.0,240.0,0.0,0.0,0,0,0.0,240.0,392.0,71.44,90.08
24,4,8,8,316100,Modhera,2436.13,1187,5908,3041,2867,831,448,383,18,9,9,1,1,0,0,0,1,1,0,3,0,0,0,0,1,0,3,0,0,0,1,0,0,0,1,0,0,0,0,1,0,1,1,1,0,2,0,0,0,1,0,1,2,1,1,2,1,2,2,2,2,,0,,1,1,0,1,0,70,0,1,1,0,0,3,2,0,1,1,0,1,0,1,2,0,1,0,0,3,2,0,3,0,3,0,3,1,2,2,2,2,2,CHANASMA,14,1,0,0,0,1,1,N,M,1,4695,4579,MUSTARD,WHEAT,CASTOR OIL,0.0,0.0,0,0.0,200.0,0.0,1000.0,0.0,0.0,0,0,0.0,1200.0,916.56,156.78,162.79
24,4,8,8,316200,Vijapurda,600.11,269,1288,652,636,195,103,92,0,0,0,1,1,0,0,0,1,0,0,3,0,0,0,0,1,0,3,0,0,0,0,0,0,0,0,1,1,0,0,0,1,1,1,0,1,1,0,1,0,1,0,1,2,2,1,2,2,2,2,2,2,,0,,1,1,0,0,0,10,0,1,1,0,0,3,2,0,2,0,1,0,1,1,1,0,0,3,0,3,2,0,3,0,3,0,3,1,2,2,2,2,2,CHANASMA,17,1,0,0,0,1,1,N,M,1,2341,2359,BAJRI,WHEAT,CASTOR OIL,0.0,0.0,0,0.0,0.0,0.0,400.0,0.0,0.0,0,0,0.0,400.0,47.0,92.0,61.11
24,4,8,8,316300,Dedarda,184.97,93,452,224,228,0,0,0,0,0,0,1,1,0,0,0,0,0,0,3,0,0,0,0,2,0,3,0,0,0,0,0,0,0,0,2,0,0,0,0,2,0,0,0,0,0,0,0,0,1,0,1,2,2,1,2,2,2,2,2,2,,0,,1,0,1,0,0,5,0,1,1,0,0,3,2,0,2,0,1,0,2,1,1,0,0,2,0,3,2,0,3,0,3,0,3,1,2,2,2,2,2,MAHESANA,20,1,0,0,0,1,1,N,M,2,0,0,WHEAT,MUSTARD,CASTOR OIL,0.0,0.0,0,0.0,0.0,0.0,130.0,0.0,0.0,0,0,0.0,130.0,12.0,19.61,23.36
24,4,8,8,316400,Ranela,603.82,416,2121,1072,1049,310,150,160,0,0,0,1,1,0,0,0,1,0,0,3,0,0,0,0,1,0,3,0,0,0,0,0,0,0,0,3,0,0,0,0,2,1,1,0,0,1,0,0,0,1,0,1,2,2,1,2,2,2,2,2,2,,0,,1,1,0,0,0,20,0,1,1,0,0,3,2,0,2,0,1,0,2,1,1,0,0,2,0,3,2,0,3,0,3,0,3,1,2,2,2,2,2,MAHESANA,17,1,0,0,0,1,1,N,M,1,1195,804,MUSTARD,BAJRI,JOWAR,0.0,0.0,0,0.0,0.0,0.0,200.0,0.0,0.0,0,0,0.0,200.0,257.44,92.49,53.89
24,4,8,8,316500,Motap,890.77,627,3092,1540,1552,328,160,168,5,3,2,1,1,0,0,0,1,0,0,3,0,0,0,0,1,0,3,0,0,0,0,0,0,0,0,3,0,0,0,0,2,1,0,0,0,1,0,0,0,1,0,1,2,2,1,2,2,2,2,2,2,,0,,1,1,0,0,0,15,0,1,1,0,0,2,2,0,2,0,2,0,2,2,0,2,0,2,0,2,2,0,3,0,3,0,3,1,1,2,2,2,2,MAHESANA,12,1,0,0,0,1,1,N,M,1,34,32,WHEAT,MUSTARD,BAJRI,0.0,0.0,0,0.0,0.0,0.0,620.33,0.0,0.0,0,0,0.0,620.33,229.51,36.84,4.09
24,4,8,8,316600,Saduthla,372.34,305,1520,747,773,60,28,32,0,0,0,1,1,0,0,0,0,0,0,3,0,0,0,0,2,0,3,0,0,0,0,0,0,0,0,3,0,0,0,0,3,0,0,0,0,0,0,0,0,1,0,1,2,2,1,2,2,2,2,2,2,,0,,1,0,2,0,0,3,0,1,1,0,0,3,2,0,2,0,3,0,3,2,0,2,0,3,0,3,2,0,3,0,3,0,3,1,2,2,2,2,2,MAHESANA,13,1,0,0,0,1,1,N,M,1,1351,1302,BAJRI,JOWAR,MUSTARD,0.0,0.0,0,0.0,0.0,0.0,215.0,0.0,0.0,0,0,0.0,215.0,124.76,9.13,23.45
24,4,8,8,316700,Udela,277.26,69,345,178,167,53,29,24,0,0,0,1,1,0,0,0,0,0,0,3,0,0,0,0,1,0,3,0,0,0,0,0,0,0,0,3,0,0,0,0,3,0,0,0,0,1,0,0,0,1,0,1,2,2,1,2,2,2,2,2,2,,0,,2,0,1,0,0,0,1,1,1,0,0,3,2,0,2,0,3,0,3,2,0,1,0,3,0,3,2,0,3,0,3,0,3,1,2,2,2,2,2,MAHESANA,40,1,0,0,0,1,1,N,M,1,213,204,WHEAT,MUSTARD,BAJRI,0.0,0.0,0,0.0,0.0,0.0,118.91,0.0,0.0,0,0,0.0,118.91,85.66,46.54,26.15
24,4,8,8,316800,Jetpur,825.95,484,2635,1368,1267,216,105,111,0,0,0,1,1,0,0,0,0,0,0,3,0,0,0,0,2,0,3,0,0,0,0,0,0,0,0,3,0,0,0,0,3,0,0,0,0,0,0,0,0,1,0,1,1,2,1,1,1,2,2,2,2,,0,,1,0,1,0,0,8,0,1,1,0,0,3,2,0,2,0,1,0,3,1,1,0,0,3,0,3,2,0,3,0,3,0,3,1,2,2,2,2,2,MAHESANA,22,1,0,0,0,1,1,N,M,1,2095,2239,BAJRI,MUSTARD,COTTON,0.0,0.0,0,0.0,0.0,0.0,350.0,0.0,0.0,0,0,0.0,350.0,261.0,147.0,67.95
24,4,8,8,316900,Ranchhodpura,408.02,107,547,277,270,17,7,10,0,0,0,1,1,0,0,0,0,0,0,3,0,0,0,0,2,0,3,0,0,0,0,0,0,0,0,1,0,0,0,0,1,0,0,0,0,0,0,0,0,1,0,1,2,2,1,2,2,2,2,2,2,,0,,1,0,1,0,0,1,0,1,1,0,0,3,2,0,2,0,1,0,1,2,0,1,0,1,0,2,2,0,3,0,3,0,3,1,2,2,2,2,2,CHANASMA,14,1,0,0,0,1,1,N,M,1,329,318,WHEAT,BAJRI,COTTON,0.0,0.0,0,0.0,0.0,114.2,0.0,0.0,0.0,0,0,0.0,114.2,243.8,37.83,12.19
24,4,8,8,317000,Karansagar,1194.67,176,1024,510,514,207,112,95,13,5,8,1,1,0,0,0,0,0,0,2,0,0,0,0,2,0,3,0,0,0,0,0,0,0,0,1,0,0,0,0,1,0,0,0,0,0,0,0,0,1,0,1,1,2,1,2,2,2,2,2,2,,0,,2,0,1,0,0,0,1,1,1,0,0,3,2,0,2,0,2,0,1,2,0,1,0,1,0,1,2,0,3,0,3,0,3,1,1,2,2,2,2,CHANASMA,17,1,0,0,0,1,1,N,M,1,819,799,BAJRI,WHEAT,CASTOR SEEDS,43.89,0.0,0,0.0,0.0,0.0,194.8,0.0,0.0,0,0,0.0,194.8,799.24,70.58,86.16
24,4,8,8,317100,Matrasan,499.72,126,759,406,353,0,0,0,0,0,0,1,1,0,0,0,0,0,0,3,0,0,0,0,2,0,3,0,0,0,0,0,0,0,0,1,0,0,0,0,1,0,0,0,0,0,0,0,0,1,0,1,2,2,1,2,1,2,2,2,2,,0,,1,0,1,0,0,1,0,1,1,0,0,3,2,0,2,0,1,0,1,2,0,1,0,1,0,1,2,0,3,0,3,0,3,1,2,2,2,2,2,CHANASMA,17,1,0,0,0,1,1,N,M,1,13,18,MUSTARD,CASTOR SEEDS,BAJRI,0.0,0.0,0,0.0,0.0,0.0,156.1,0.0,0.0,0,0,0.0,156.1,227.93,29.78,85.91
24,4,8,8,317200,Sujanpura,483.14,134,749,379,370,68,37,31,0,0,0,1,1,0,0,0,0,0,0,3,0,0,0,0,2,0,3,0,0,0,0,0,0,0,0,3,0,0,0,0,1,0,0,0,0,0,0,0,0,1,0,1,1,1,1,2,1,2,2,2,2,,0,,1,1,0,0,0,2,0,1,1,0,0,3,2,0,2,0,1,0,1,1,1,0,2,0,1,0,2,0,3,0,3,0,3,1,2,2,2,2,2,CHANASMA,20,1,0,0,0,1,2,,,1,203,203,WHEAT,BAJRI,JOWAR,0.0,0.0,0,0.0,0.0,0.0,297.0,0.0,0.0,0,0,0.0,297.0,100.0,27.1,59.04
24,4,8,8,317300,Poyda,275.44,134,723,378,345,0,0,0,0,0,0,1,1,0,0,0,0,0,0,3,0,0,0,0,2,0,3,0,0,0,0,0,0,0,0,1,0,0,0,0,1,0,0,0,0,0,0,0,0,1,0,1,2,2,1,2,2,2,2,2,2,,0,,2,0,1,0,0,0,1,1,1,0,0,3,2,0,2,0,1,0,1,2,0,1,0,1,0,3,2,0,3,0,3,0,3,1,2,2,2,2,2,CHANASMA,17,1,0,0,0,1,1,N,M,2,0,0,BAJRI,JOWAR,CASTOR SEEDS,0.0,0.0,0,0.0,0.0,0.0,150.0,0.0,0.0,0,0,0.0,150.0,80.0,41.84,3.6
24,4,8,8,317400,Delvada Khant,1013.78,331,1878,940,938,214,104,110,0,0,0,1,1,0,0,0,0,0,0,3,0,0,0,0,1,0,3,0,0,0,0,0,0,0,0,2,0,0,0,0,1,1,0,0,0,0,0,0,0,1,0,1,2,2,1,2,2,2,2,2,2,,0,,1,1,0,0,0,1,0,1,1,0,0,2,2,0,2,0,1,0,2,1,1,0,0,2,0,2,2,0,2,0,3,0,3,1,2,2,2,2,2,CHANASMA,18,1,0,0,0,1,1,N,M,1,2016,2008,MUSTARD,WHEAT,BAJRI,0.0,0.0,0,0.0,0.0,0.0,250.0,0.0,0.0,0,0,0.0,250.0,587.12,82.43,94.23
24,4,8,8,317500,Delpura Khant,676.54,303,1343,709,634,112,65,47,0,0,0,1,1,0,0,0,0,0,0,3,0,0,0,0,2,0,3,0,0,0,0,0,0,0,0,3,0,0,0,0,3,0,0,0,0,0,0,0,0,1,0,1,1,2,1,2,2,2,2,2,2,,0,,2,0,1,0,0,0,1,1,1,0,0,3,2,0,2,0,3,0,3,2,0,3,0,3,0,3,2,0,3,0,3,0,3,1,2,2,2,2,2,CHANASMA,18,1,0,0,0,1,1,N,M,1,1949,1944,JOWAR,BAJRI,CASTOR SEEDS,0.0,0.0,0,0.0,0.0,0.0,356.0,0.0,0.0,0,0,0.0,356.0,200.0,38.75,81.79
24,4,8,8,317600,Dodivada,993.66,420,2111,1077,1034,162,90,72,0,0,0,1,1,0,0,0,0,0,0,2,0,0,0,0,1,0,2,0,0,0,0,0,0,0,0,1,0,0,0,0,3,1,0,0,0,0,0,0,0,1,0,1,2,2,1,2,2,2,2,2,2,,0,,1,1,0,0,0,7,0,1,1,0,0,2,2,0,2,0,2,0,2,2,0,1,0,3,0,1,2,0,2,0,3,0,3,1,2,2,2,2,2,CHANASMA,20,1,0,0,0,1,1,N,M,1,1220,1197,BAJRI,JOWAR,MUSTARD,0.0,0.0,0,0.0,30.0,0.0,370.0,0.0,0.0,0,0,0.0,400.0,414.09,51.19,128.38
24,4,8,8,317700,Sanpavada,1310.28,427,2385,1223,1162,110,56,54,0,0,0,1,1,0,0,0,1,0,0,2,0,0,0,0,1,0,3,0,0,0,0,0,0,0,0,2,0,0,0,0,3,1,0,0,0,1,0,0,0,1,0,1,2,2,1,2,2,2,2,2,2,,0,,1,1,0,0,0,10,0,1,1,0,0,2,2,0,2,0,2,0,2,1,1,0,0,3,0,3,2,0,2,0,3,0,3,1,2,2,2,2,2,CHANASMA,20,1,0,0,0,1,2,,,1,521,464,BAJRI,JOWAR,WHEAT,0.0,0.0,0,0.0,0.0,0.0,425.15,0.0,0.0,0,0,0.0,425.15,574.37,222.18,88.58
24,4,8,8,317800,Suraj,1195.89,291,1619,861,758,231,117,114,0,0,0,1,1,0,0,0,0,0,0,3,0,0,0,0,2,0,2,0,0,0,0,0,0,0,0,3,0,0,0,0,3,0,0,0,0,0,0,0,0,1,0,1,2,2,1,2,2,2,2,2,2,,0,,2,0,1,0,0,0,1,1,1,0,0,3,2,0,2,0,3,0,3,2,0,1,0,3,0,3,2,0,3,0,3,0,3,1,2,2,2,2,2,CHANASMA,25,1,0,0,0,1,1,N,M,1,570,550,JOWAR,BAJRI,MUSTARD,0.0,0.0,0,0.0,0.0,0.0,325.15,0.0,0.0,0,0,0.0,325.15,740.72,96.63,33.39
24,4,8,8,317900,Finchdi,750.62,393,2074,1075,999,166,82,84,0,0,0,1,1,0,0,0,0,0,0,1,0,0,0,0,2,0,1,0,0,0,0,0,0,0,0,3,0,0,0,0,3,0,0,0,0,0,0,0,0,1,0,1,2,2,1,2,2,2,2,2,2,,0,,1,1,0,0,0,1,0,1,1,0,0,1,2,0,2,0,1,0,1,1,1,0,0,1,0,1,2,0,1,0,3,0,3,1,2,2,2,2,2,CHANASMA,19,1,0,0,0,1,1,N,M,1,298,329,BAJRI,JAGGERY,MUSTARD,0.0,0.0,0,20.1,0.0,0.0,498.15,0.0,0.0,0,0,0.0,518.25,110.05,81.88,40.44
24,4,8,8,318000,Sankhalpur,1935.05,828,3947,2006,1941,734,396,338,0,0,0,1,1,0,0,0,1,1,0,1,0,0,0,0,1,1,0,1,0,0,1,1,0,0,1,0,0,0,0,0,3,1,1,0,0,0,0,0,1,1,0,1,2,2,1,2,2,2,2,2,2,,0,,1,1,0,0,0,35,0,1,1,0,1,0,2,0,2,0,1,0,1,1,2,0,0,1,1,0,2,0,1,0,3,0,3,1,2,2,2,2,2,CHANASMA,25,1,0,0,0,1,1,N,M,1,1645,1716,COTTON,BAJRI,WHEAT,0.0,0.0,0,30.2,0.0,0.0,1453.93,0.0,0.0,0,0,0.0,1484.13,150.13,116.99,183.8
24,4,8,8,318100,Edala,942.79,271,1345,714,631,58,33,25,0,0,0,1,2,0,0,0,0,0,0,2,0,0,0,0,1,0,1,0,0,0,0,0,0,0,0,1,0,0,1,0,3,0,1,0,1,0,0,0,0,1,0,2,1,1,1,2,2,2,2,1,2,,0,,2,0,1,0,0,0,2,1,1,0,0,2,2,0,2,0,2,0,2,2,0,1,0,2,0,2,2,0,2,0,3,0,3,1,2,2,2,2,2,CHANASMA,22,1,0,0,0,1,1,N,M,1,1176,1179,JOWAR,BAJRI,WHEAT,0.0,0.0,0,20.0,20.0,0.0,260.0,0.0,0.0,0,0,0.0,300.0,461.53,80.1,101.16
24,4,8,8,318200,Ganeshpura,0.0,345,1590,812,778,90,48,42,0,0,0,1,1,0,0,0,0,0,0,1,0,0,0,0,2,0,2,0,0,0,0,0,0,0,0,1,0,0,0,0,3,0,0,0,0,0,0,0,0,1,0,1,2,2,1,2,2,2,2,2,2,,0,,1,1,0,0,0,30,0,1,1,0,0,1,2,0,2,0,1,0,1,1,2,0,0,1,0,1,2,0,1,0,3,0,3,1,2,2,2,2,2,CHANASMA,25,1,0,0,0,1,1,N,M,1,780,484,PULSES,MUSTARD,BAJRI,0.0,0.0,0,0.0,0.0,0.0,0.0,0.0,0.0,0,0,0.0,0.0,0.0,0.0,0.0
24,4,8,8,318300,Dharpura-Khant,553.47,374,1801,878,923,0,0,0,0,0,0,1,1,0,0,0,0,0,0,3,0,0,0,0,2,0,3,0,0,0,0,0,0,0,0,3,0,0,0,0,3,0,0,0,0,0,0,0,0,1,0,1,1,2,1,2,2,2,2,2,2,,0,,2,0,1,0,0,0,3,1,1,0,0,3,2,0,2,0,3,0,3,2,0,2,0,3,0,2,2,0,3,0,3,0,3,1,2,2,2,2,2,CHANASMA,19,1,0,0,0,1,1,N,M,1,360,347,JOWAR,BAJRI,COTTON,0.0,0.0,0,0.0,0.0,0.0,0.0,0.0,0.0,0,0,0.0,0.0,460.51,66.48,26.48
24,4,8,8,318400,Chhatasana,453.67,127,625,320,305,42,18,24,0,0,0,1,1,0,0,0,0,0,0,3,0,0,0,0,1,0,3,0,0,0,0,0,0,0,0,3,1,1,1,0,1,0,1,0,0,0,0,0,0,1,0,1,1,2,1,2,2,2,2,2,2,,0,,1,1,0,0,0,1,0,1,1,0,0,3,2,0,2,0,1,0,1,1,1,0,0,3,0,3,2,0,3,0,3,0,3,1,2,2,2,2,2,CHANASMA,18,1,0,0,0,1,1,N,M,1,226,215,BAJRI,WHEAT,MUSTARD,0.0,0.0,0,0.0,0.0,0.0,270.0,0.0,0.0,0,0,0.0,270.0,109.37,18.12,56.18
24,4,8,8,318500,Dhanpura,298.63,151,737,379,358,206,104,102,0,0,0,1,1,0,0,0,0,0,0,3,0,0,0,0,2,0,3,0,0,0,0,0,0,0,0,3,0,0,0,0,3,0,0,0,0,0,0,0,0,1,0,1,1,1,1,2,2,2,2,2,2,,0,,2,0,2,0,0,0,2,1,1,0,0,3,2,0,2,0,2,0,3,2,0,1,0,3,0,3,2,0,3,0,3,0,3,1,2,2,2,2,2,CHANASMA,25,1,0,0,0,1,1,N,M,1,523,549,BAJRI,JOWAR,WHEAT,0.0,0.0,0,0.0,0.0,0.0,50.0,0.0,0.0,0,0,0.0,50.0,218.38,19.05,11.2
24,4,8,8,318600,Vanpur,185.64,24,148,74,74,0,0,0,0,0,0,1,1,0,0,0,0,0,0,3,0,0,0,0,2,0,2,0,0,0,0,0,0,0,0,3,0,0,0,0,1,0,0,0,0,0,0,0,0,1,0,2,1,2,2,2,2,2,2,2,2,,0,,1,0,1,0,0,1,0,1,1,0,0,3,2,0,2,0,1,0,1,1,1,0,0,1,0,3,2,0,3,0,3,0,3,1,2,2,2,2,2,CHANASMA,18,1,0,0,0,1,1,N,M,2,0,0,BAJRI,JOWAR,MUSTARD,0.0,0.0,0,0.0,0.0,0.0,95.0,0.0,0.0,0,0,0.0,95.0,59.32,15.47,15.85
24,4,8,8,318700,Asjol,872.02,456,2282,1167,1115,158,82,76,0,0,0,1,1,0,0,0,0,0,0,3,0,0,0,0,1,0,2,0,0,0,0,0,0,0,0,3,0,1,0,0,3,1,0,0,0,1,0,0,0,1,0,1,1,1,1,2,2,2,2,2,2,,0,,1,1,0,0,0,5,0,1,1,0,0,2,2,0,2,0,1,0,3,1,1,0,0,3,0,3,2,0,3,0,3,0,3,1,2,2,2,2,2,MAHESANA,24,1,0,0,0,1,1,N,M,1,3099,3114,JOWAR,BAJRI,WHEAT,0.0,0.0,0,0.0,0.0,0.0,400.0,0.0,0.0,0,0,0.0,400.0,309.0,76.47,86.55
24,4,8,8,318800,Indrap,423.22,123,687,351,336,56,30,26,0,0,0,1,1,0,0,0,0,0,0,2,0,0,0,0,2,0,2,0,0,0,0,0,0,0,0,3,0,0,0,0,3,0,0,0,0,0,0,0,0,1,0,1,2,1,1,2,2,2,2,2,2,,0,,1,0,2,0,0,1,0,1,1,0,0,2,2,0,2,0,2,0,2,1,1,0,0,2,0,2,2,0,2,0,3,0,3,1,1,1,2,2,2,MAHESANA,30,1,0,0,0,1,1,N,M,1,2298,2401,COTTON,WHEAT,BAJRI,0.0,0.0,0,0.0,0.0,0.0,300.0,0.0,0.0,0,0,0.0,300.0,66.35,23.17,33.7
24,4,8,8,318900,Chadasna,552.41,304,1520,765,755,269,140,129,0,0,0,1,1,0,0,0,1,1,0,2,0,0,0,0,1,1,0,0,0,0,0,0,0,0,0,3,0,1,0,0,2,1,0,0,0,0,0,0,0,1,0,1,1,1,1,2,2,2,2,2,2,,0,,1,1,0,0,0,0,2,1,1,0,0,2,2,0,1,1,0,0,2,1,1,0,0,2,0,2,2,0,2,0,3,0,3,1,2,2,2,2,2,MAHESANA,32,1,0,0,0,1,1,N,M,1,2888,3270,BAJRI,PULSES,COTTON,0.0,0.0,0,0.0,0.0,0.0,100.0,0.0,0.0,0,0,0.0,100.0,380.0,21.0,51.41
24,4,8,8,319000,Kalri,1654.26,383,1962,1031,931,239,119,120,0,0,0,1,1,0,0,0,0,0,0,1,0,0,0,0,1,0,1,0,0,0,0,0,0,0,0,3,0,0,0,0,3,1,0,0,0,0,0,1,0,1,0,1,2,1,1,2,2,2,2,2,2,,0,,1,1,0,0,0,25,0,1,1,0,0,1,2,0,2,0,1,0,1,1,1,0,0,1,0,1,2,0,1,0,3,0,3,1,2,2,2,2,2,CHANASMA,25,1,0,0,0,1,1,N,M,1,1440,1613,BAJRI,WHEAT,MUSTARD,0.0,0.0,0,0.0,0.0,0.0,700.29,0.0,0.0,0,0,0.0,700.29,636.36,117.93,199.68
24,4,8,8,319100,Bechar Alias Becharaji,877.0,2174,10672,5583,5089,503,266,237,43,21,22,1,3,0,0,0,2,1,1,0,3,0,0,0,1,0,1,0,0,0,0,0,0,0,0,3,0,0,0,0,2,2,0,0,0,1,0,0,0,1,0,1,2,2,1,2,2,2,2,2,2,,0,,1,1,0,1,1,1,0,1,1,0,1,0,2,0,1,2,0,2,0,1,1,0,2,0,2,0,1,2,0,0,3,0,3,1,2,2,2,2,2,CHANASMA,30,1,0,0,0,1,1,N,M,1,9000,8000,BAJRI,WHEAT,MUSTARD,0.0,0.0,0,0.0,0.0,0.0,350.0,0.0,0.0,0,0,0.0,350.0,247.23,81.68,198.09
24,4,8,8,319200,Pratapgadh,387.97,141,619,313,306,0,0,0,0,0,0,1,1,0,0,0,0,0,0,1,0,0,0,0,2,0,2,0,0,0,0,0,0,0,0,1,0,0,0,0,1,0,0,0,0,0,0,0,0,1,0,1,2,2,1,2,2,2,2,2,2,,0,,1,0,1,0,0,1,0,1,1,0,0,1,2,0,2,0,1,0,1,1,1,0,0,1,0,1,2,0,1,0,3,0,3,1,2,2,2,2,2,CHANASMA,27,1,0,0,0,1,1,N,M,1,97,101,BAJRI,WHEAT,MUSTARD,0.0,0.0,0,0.0,0.0,0.0,50.0,0.0,0.0,0,0,0.0,50.0,318.36,0.0,19.61
24,4,8,8,319300,Devgadh,545.87,155,617,303,314,18,9,9,0,0,0,1,1,0,0,0,0,0,0,2,0,0,0,0,2,0,2,0,0,0,0,0,0,0,0,2,0,0,0,0,2,0,0,0,0,0,0,0,0,1,0,1,2,2,1,2,2,2,2,2,2,,0,,1,0,1,0,0,1,0,1,1,0,0,2,2,0,2,0,1,0,2,1,2,0,1,0,1,0,2,0,2,0,3,0,3,1,2,2,2,2,2,MAHESANA,34,1,0,0,0,1,1,N,M,1,893,1042,BAJRI,WHEAT,CASTOR SEEDS,0.0,0.0,0,0.0,0.0,0.0,50.0,0.0,0.0,0,0,0.0,50.0,456.71,16.19,22.97
24,4,8,8,319400,Ruppura Karanpura,1071.67,525,2339,1210,1129,47,24,23,0,0,0,1,2,0,0,0,0,0,0,3,0,0,0,0,1,0,3,0,0,0,0,0,0,0,0,1,0,0,0,0,3,1,0,0,0,0,0,0,0,1,0,1,1,1,1,2,2,2,2,2,2,,0,,1,0,1,0,0,1,0,1,1,0,0,2,2,0,2,0,2,0,3,2,0,3,0,1,0,3,2,0,3,0,3,0,3,1,2,2,2,2,2,MAHESANA,26,1,0,0,0,1,1,N,M,1,2283,2296,BAJRI,WHEAT,JEERU,0.0,0.0,0,0.0,0.0,0.0,400.0,0.0,0.0,0,0,0.0,400.0,277.61,210.5,183.56
24,4,8,8,319500,Rantej,1941.66,644,3179,1646,1533,240,120,120,0,0,0,1,4,0,0,0,1,0,0,2,0,0,0,0,1,0,3,0,0,0,1,0,0,0,1,0,0,0,0,1,0,1,1,0,0,1,0,0,0,1,0,1,2,2,1,2,2,2,2,2,2,,0,,1,1,0,0,0,9,0,1,1,0,1,0,2,0,2,0,2,0,2,1,1,0,0,2,0,2,2,0,2,0,3,0,3,1,2,2,2,2,2,MAHESANA,30,1,0,0,0,1,1,N,M,1,8295,8424,WHEAT,MUSTARD,BAJRI,0.0,0.0,0,0.0,0.0,0.0,530.0,0.0,0.0,0,0,0.0,530.0,1238.66,80.76,92.24
24,4,8,8,319600,Dethli,1039.4,245,1150,605,545,96,48,48,0,0,0,1,1,0,0,0,0,0,0,2,0,0,0,0,1,0,3,0,0,0,0,0,0,0,0,2,0,0,0,0,1,1,0,0,0,0,0,0,0,1,0,1,1,2,1,2,2,2,2,2,2,,0,,1,1,0,0,0,1,0,1,1,0,0,2,2,0,2,0,2,0,2,1,1,0,0,2,0,2,2,0,2,0,3,0,3,1,2,2,2,2,2,MAHESANA,35,1,0,0,0,1,1,N,M,1,1460,1407,WHEAT,BAJRI,CASTOR SEEDS,0.0,0.0,0,15.0,0.0,0.0,100.0,0.0,0.0,0,0,0.0,115.0,800.78,57.98,65.64
24,4,8,8,319700,Chandanki,524.21,88,318,149,169,0,0,0,0,0,0,1,1,0,0,0,0,0,0,1,0,0,0,0,1,0,3,0,0,0,0,0,0,0,0,2,0,0,0,0,1,0,0,0,0,0,0,1,0,1,0,1,2,2,2,1,2,2,2,2,2,,0,,1,1,0,0,0,1,0,1,1,0,0,1,2,0,2,0,1,0,1,1,1,0,1,0,1,0,2,0,1,0,3,0,3,1,2,2,2,2,2,CHANASMA,40,1,0,0,0,1,1,N,M,1,1911,1900,BAJRI,MUSTARD,WHEAT,0.0,0.0,0,0.0,0.0,0.0,50.08,0.0,0.0,0,0,0.0,50.08,438.03,33.13,2.97
24,4,8,8,319800,Dedana,1674.81,447,2238,1126,1112,41,25,16,0,0,0,1,1,0,0,0,0,0,0,2,0,0,0,0,1,0,3,0,0,0,0,0,0,0,0,3,0,1,0,0,2,1,1,0,1,0,1,0,0,1,0,1,2,2,1,2,2,2,2,2,2,,0,,1,1,0,0,0,2,0,1,1,0,0,2,2,0,2,0,2,0,2,1,1,0,0,2,0,2,2,0,2,0,3,0,3,1,2,2,2,2,2,MAHESANA,48,1,0,0,0,1,1,N,M,1,567,485,BAJRI,JOWAR,MUSTARD,0.0,0.0,0,0.0,0.0,0.0,310.2,0.0,0.0,0,0,0.0,310.2,1211.63,146.16,6.82
24,4,8,8,319900,Bariyaf,559.98,179,817,420,397,37,21,16,0,0,0,1,1,0,0,0,1,0,0,2,0,0,0,0,1,0,3,0,0,0,0,0,0,0,0,3,1,1,1,0,3,0,0,0,1,1,0,0,0,1,0,1,2,2,1,2,2,2,2,2,2,,0,,1,0,1,0,0,1,0,1,1,0,0,2,2,0,2,0,2,0,2,1,1,0,0,2,0,2,2,0,2,0,3,0,3,1,2,2,2,2,2,MAHESANA,43,1,0,0,0,1,1,N,M,1,186,195,BAJRI,WHEAT,JOWAR,0.0,0.0,0,0.0,0.0,0.0,60.0,0.0,0.0,0,0,0.0,60.0,426.15,25.69,48.14
24,4,8,8,320000,Akba,776.1,286,1530,783,747,214,110,104,0,0,0,1,1,0,0,0,0,0,0,2,0,0,0,0,1,0,3,0,0,0,0,0,0,0,0,3,1,1,1,0,3,0,0,0,0,0,1,1,0,1,0,1,2,2,1,2,2,2,2,2,2,,0,,1,0,1,0,0,1,0,1,1,0,0,1,2,0,2,0,2,0,2,1,1,0,0,2,0,2,2,0,2,0,3,0,3,1,2,2,2,2,2,MAHESANA,42,1,0,0,0,1,1,N,M,1,2669,2653,WHEAT,BAJRI,CASTOR SEEDS,0.0,0.0,0,0.0,0.0,0.0,80.0,0.0,0.0,0,0,0.0,80.0,617.07,75.87,3.16
24,4,9,9,320100,Chalasan,509.89,347,1953,1028,925,370,197,173,0,0,0,1,2,0,0,0,1,0,0,3,0,0,0,0,1,0,3,0,0,0,0,0,0,0,0,1,0,0,0,0,1,0,0,0,0,0,0,1,0,1,0,1,2,2,1,2,2,2,2,2,2,,0,,1,0,1,0,0,15,0,1,1,0,0,2,2,0,2,0,3,0,3,1,1,0,0,3,0,3,2,0,3,0,3,0,3,1,2,2,2,2,2,KADI,15,1,0,0,0,1,1,N,M,1,1444,1381,MILK,BAJRI,JOWAR,0.0,0.0,0,0.0,0.0,0.0,315.0,0.0,0.0,0,0,0.0,315.0,134.0,27.0,33.89
24,4,9,9,320200,Dholasan,384.52,215,1088,583,505,195,104,91,0,0,0,1,1,0,0,0,0,0,0,3,0,0,0,0,1,0,3,0,0,0,0,0,0,0,0,1,0,0,0,0,1,0,0,0,0,0,0,1,0,1,0,1,2,2,1,2,2,2,2,2,2,,0,,1,1,0,0,0,5,0,1,1,0,0,3,2,0,2,0,3,0,3,1,0,1,0,1,1,0,2,0,3,0,3,0,3,1,1,2,2,2,2,KADI,15,1,0,0,0,1,1,N,M,1,1627,1624,WHEAT,BAJRI,CASTOR OIL,0.0,0.0,0,0.0,0.0,0.0,268.88,0.0,0.0,0,0,0.0,268.88,39.1,42.28,34.26
24,4,9,9,320300,Alampur,155.32,145,880,455,425,45,22,23,0,0,0,1,1,0,0,0,0,0,0,3,0,0,0,0,1,0,3,0,0,0,0,0,0,0,0,2,0,0,0,0,2,0,0,0,0,1,0,1,0,1,0,1,2,2,1,2,2,2,2,2,2,,0,,1,1,0,0,0,4,0,1,1,0,0,3,2,0,2,0,3,0,3,1,1,0,0,3,0,3,2,0,3,0,3,0,3,1,2,2,2,2,2,KADI,15,1,0,0,0,1,1,N,M,1,821,821,WHEAT,BAJRI,CASTOR OIL,0.0,0.0,0,0.0,0.0,0.0,100.0,0.0,0.0,0,0,0.0,100.0,30.91,22.98,1.43
24,4,9,9,320400,Dhanali,453.76,493,2436,1245,1191,184,92,92,0,0,0,1,1,0,0,0,0,0,0,3,0,0,1,0,1,0,3,0,0,0,0,0,0,0,0,2,1,0,0,0,2,1,1,0,0,0,0,1,0,1,0,1,2,2,1,2,2,2,2,2,2,,0,,1,1,0,0,0,11,0,1,1,0,0,2,2,0,2,0,2,0,3,1,1,0,0,2,0,3,2,0,3,0,3,0,3,1,2,2,2,2,2,KADI,15,1,0,0,0,1,1,N,,1,627,743,MILK,COTTON,WHEAT,0.0,0.0,0,0.0,0.0,0.0,360.0,0.0,0.0,0,0,0.0,360.0,49.75,24.12,19.89
24,4,9,9,320500,Ganeshpura,344.48,297,1494,753,741,149,78,71,0,0,0,1,1,0,0,0,1,0,0,3,0,0,0,0,1,0,3,0,0,0,0,0,0,0,0,1,0,0,0,0,1,0,0,0,0,0,0,1,0,1,0,1,2,2,1,2,2,2,2,2,2,,0,,1,1,0,0,0,14,0,1,1,0,0,2,2,0,2,0,1,0,3,1,1,0,0,1,0,3,2,0,3,0,3,0,3,1,2,2,2,2,2,KADI,16,1,0,0,0,1,1,N,,1,622,850,WHEAT,JOWAR,MUSTARD,0.0,0.0,0,0.0,0.0,0.0,200.0,0.0,0.0,0,0,0.0,200.0,93.25,23.27,27.96
24,4,9,9,320600,Kaiyal,1100.93,694,3608,1850,1758,223,115,108,0,0,0,1,1,0,0,0,1,0,0,3,0,0,0,0,1,0,3,0,0,0,0,0,0,0,0,1,1,0,0,0,1,1,0,0,0,0,0,0,0,1,0,1,2,1,1,2,2,2,2,2,2,,0,,1,1,0,0,0,9,0,1,1,0,0,2,2,0,2,0,1,0,3,1,1,0,1,0,0,3,2,0,3,0,3,0,3,1,2,2,2,2,2,KADI,15,1,0,0,0,1,1,N,,1,1683,1550,BAJRI,JOWAR,WHEAT,0.0,0.0,0,0.0,0.0,0.0,679.0,0.0,0.0,0,0,0.0,679.0,300.11,80.03,41.79
24,4,9,9,320700,Tankiya,223.92,218,1098,556,542,204,98,106,0,0,0,1,1,0,0,0,0,0,0,3,0,0,0,0,2,0,3,0,0,0,0,0,0,0,0,1,0,0,0,0,1,0,0,0,0,0,0,0,0,1,0,1,2,2,1,2,2,2,2,2,2,,0,,1,0,1,0,0,8,0,1,1,0,0,1,2,0,2,0,1,0,3,2,0,1,0,1,0,3,2,0,3,0,3,0,3,1,2,2,2,2,2,KADI,17,1,1,1,0,0,1,N,M,1,1215,1028,WHEAT,BAJRI,VEGETABLES,0.0,0.0,0,0.0,0.0,0.0,130.35,0.0,0.0,0,0,0.0,130.35,45.38,28.37,19.82
24,4,9,9,320800,Karjisan,567.28,630,3069,1547,1522,110,59,51,0,0,0,1,1,0,0,0,1,1,0,3,0,0,0,0,1,0,3,0,0,0,0,0,0,0,0,1,0,0,0,0,1,1,0,0,0,2,1,1,0,1,0,1,2,2,1,2,2,2,2,2,2,,0,,1,1,0,0,0,15,0,1,1,0,0,1,2,0,1,0,1,1,0,1,2,0,1,0,0,3,2,0,3,0,3,0,3,1,2,2,2,2,2,KADI,22,1,0,0,0,1,1,N,M,1,3097,2838,WHEAT,PULSES,VEGETABLES,0.0,0.0,0,0.0,0.0,0.0,350.09,0.0,0.0,0,0,0.0,350.09,150.07,29.01,38.11
24,4,9,9,320900,Dangarva,1800.66,1167,5716,2959,2757,544,284,260,6,2,4,1,2,0,0,0,1,1,0,3,0,0,0,0,1,0,3,0,0,0,0,0,0,0,1,0,1,0,0,1,0,1,1,0,0,2,0,0,0,1,0,1,2,2,1,2,2,2,2,2,1,TW,0,,1,1,0,0,1,110,0,1,1,0,1,0,2,0,1,1,0,0,1,1,1,0,1,0,0,3,2,0,3,0,3,0,3,1,2,2,2,2,2,KADI,19,1,0,0,0,1,2,,,1,999,977,BAJRI,WHEAT,MILK,0.0,0.0,0,0.0,0.0,0.0,1260.2,0.0,0.0,0,0,0.0,1260.2,313.87,109.12,117.47
24,4,9,9,321000,Anandpura,316.09,225,1167,618,549,88,48,40,2,1,1,1,1,0,0,0,0,0,0,3,0,0,0,0,1,0,3,0,0,0,0,0,0,0,0,1,0,0,0,0,1,0,0,0,0,0,0,1,0,1,0,1,2,2,1,2,2,2,2,2,2,,0,,1,0,1,0,0,10,0,1,1,0,0,1,2,0,2,0,1,0,2,1,1,0,0,1,0,3,2,0,3,0,3,0,3,1,1,1,2,2,2,KADI,15,1,0,0,0,1,1,N,M,1,1082,897,WHEAT,CASTOR OIL,VEGETABLES,0.0,0.0,0,0.0,0.0,0.0,255.08,0.0,0.0,0,0,0.0,255.08,4.91,18.6,37.5
24,4,9,9,321100,Nandasan,1618.62,1884,10222,5344,4878,1167,610,557,17,9,8,1,2,0,0,0,1,0,0,3,0,0,0,0,1,0,3,0,0,0,1,0,0,0,1,0,1,0,0,1,0,2,1,0,0,2,0,0,0,1,0,1,2,2,1,2,2,2,2,2,2,,0,,1,1,0,0,1,390,0,1,1,0,0,2,2,0,1,1,0,0,2,1,1,0,1,0,0,3,2,0,3,0,3,0,3,1,1,1,2,2,2,KADI,12,1,0,0,0,1,1,N,M,1,1799,1562,WHEAT,JOWAR,VEGETABLES,0.0,0.0,0,0.0,0.0,0.0,763.12,5.91,0.0,0,0,3.25,772.28,629.92,79.72,136.7
24,4,9,9,321200,Mathasur,771.57,493,2490,1253,1237,416,217,199,4,3,1,1,1,0,0,0,1,2,0,3,0,0,0,0,1,0,3,0,0,0,0,0,0,0,0,1,0,0,0,0,1,1,0,0,0,1,0,0,0,1,0,1,2,2,1,2,2,2,2,2,2,,0,,1,1,0,0,0,33,0,1,1,0,0,3,2,0,2,0,1,0,3,1,1,0,0,1,0,3,2,0,3,0,3,0,3,1,2,2,2,2,2,KADI,12,1,0,0,0,1,2,,,1,2531,2205,WHEAT,CASTOR OIL,MUSTARD,0.0,0.0,0,0.0,0.0,0.0,475.15,0.0,0.0,0,0,0.0,475.15,211.18,52.32,32.92
24,4,9,9,321300,Bhatasan,494.04,380,1813,907,906,51,19,32,0,0,0,1,1,0,0,0,0,0,0,3,0,0,0,0,1,0,1,0,0,0,0,0,0,0,0,1,0,0,0,0,2,0,0,0,0,0,0,1,0,1,0,1,2,2,1,2,2,2,2,2,2,,0,,1,1,0,0,0,20,0,1,1,0,0,3,2,0,2,0,2,0,3,1,1,0,0,3,1,0,2,0,3,0,3,0,3,1,2,2,2,2,2,KADI,12,1,0,0,0,1,1,N,M,1,1243,1145,MILK,WHEAT,CASTOR OIL,0.0,0.0,0,0.0,0.0,0.0,373.08,0.0,0.0,0,0,0.0,373.08,67.04,20.72,33.2
24,4,9,9,321400,Suraj,1335.62,921,4608,2384,2224,313,166,147,0,0,0,1,3,0,0,0,1,0,0,3,0,0,0,0,1,0,3,0,0,0,0,0,0,0,1,0,0,0,0,1,0,1,1,0,1,1,0,2,0,1,0,1,2,2,1,2,2,2,2,2,2,,0,,1,1,0,0,0,50,0,1,1,0,0,3,2,0,1,1,0,0,3,1,1,0,0,3,1,0,2,0,3,0,3,0,3,1,2,2,2,2,2,KADI,13,1,0,0,0,1,1,N,,1,2484,2456,WHEAT,BAJRI,MILK,0.0,0.0,0,0.0,0.0,0.0,780.4,0.0,0.0,0,0,0.0,780.4,343.29,103.71,108.22
24,4,9,9,321500,Moyan,255.96,138,732,399,333,98,53,45,0,0,0,1,1,0,0,0,0,0,0,3,0,0,0,0,1,0,3,0,0,0,0,0,0,0,0,3,0,0,0,0,1,0,0,0,0,0,0,1,0,1,0,1,2,2,1,2,2,2,2,2,2,,0,,1,0,1,0,0,1,0,1,1,0,0,3,2,0,2,0,1,0,3,2,0,1,0,3,0,1,2,0,3,0,3,0,3,1,2,2,2,2,2,KADI,15,1,1,1,0,0,1,N,,1,1925,1922,WHEAT,COTTON,JOWAR,0.0,0.0,0,0.0,0.0,0.0,110.0,0.0,0.0,0,0,0.0,110.0,105.67,17.06,23.23
24,4,9,9,321600,Dhandhalpur,199.8,87,443,223,220,39,15,24,0,0,0,1,1,0,0,0,0,0,0,3,0,0,0,0,1,0,3,0,0,0,0,0,0,0,0,3,0,0,0,0,1,0,0,0,0,0,0,1,0,1,0,1,2,2,1,2,2,2,2,2,2,,0,,2,0,1,0,0,0,1,1,1,0,0,1,2,0,2,0,1,0,3,1,1,0,0,3,0,1,2,0,3,0,3,0,3,1,2,2,2,2,2,KADI,11,1,0,0,0,1,1,,M,1,2747,3183,WHEAT,BAJRI,JOWAR,0.0,0.0,0,0.0,0.0,0.0,85.7,0.0,0.0,0,0,0.0,85.7,79.79,14.53,19.78
24,4,9,9,321700,Chhalesra,208.86,319,1410,831,579,79,41,38,0,0,0,1,1,0,0,0,0,0,0,2,0,0,0,0,1,0,2,0,0,0,0,0,0,0,0,2,0,0,0,0,1,0,0,0,0,0,0,1,0,1,0,1,2,2,1,2,2,2,2,2,2,,0,,2,0,1,0,0,0,1,1,1,0,0,2,2,0,2,0,2,0,3,1,1,0,0,2,0,2,2,0,2,0,3,0,3,1,2,2,2,2,2,KADI,9,1,0,0,0,1,1,N,M,1,1662,1452,WHEAT,PULSES,JOWAR,0.0,0.0,0,0.0,0.0,0.0,102.6,0.0,0.0,0,0,0.0,102.6,72.6,9.17,24.49
24,4,9,9,321800,Digdi,346.54,202,1023,527,496,122,62,60,0,0,0,1,1,0,0,0,1,0,0,2,0,0,0,0,1,0,2,0,0,0,0,0,0,0,0,2,0,0,0,0,1,0,0,0,0,0,0,1,0,1,0,1,2,2,1,2,2,2,2,2,2,,0,,1,0,1,0,0,8,0,1,1,0,0,2,2,0,2,0,2,0,3,1,1,0,0,2,0,1,2,0,2,0,3,0,3,1,2,2,2,2,2,KADI,9,1,0,0,0,1,1,N,M,1,1591,1586,WHEAT,JOWAR,BAJRI,0.0,0.0,0,0.0,0.0,0.0,223.35,0.0,0.0,0,0,0.0,223.35,50.35,48.59,24.25
24,4,9,9,321900,Mokasan,468.23,358,1564,813,751,98,51,47,0,0,0,1,1,0,0,0,0,0,0,2,0,0,0,0,1,0,2,0,0,0,0,0,0,0,0,2,0,0,0,0,1,1,0,0,0,0,0,1,0,1,0,1,2,2,1,2,2,2,2,2,2,,0,,1,1,0,0,0,5,0,1,1,0,0,2,2,0,2,0,2,0,3,1,1,0,0,2,0,2,2,0,2,0,3,0,3,1,2,2,2,2,2,KADI,8,1,0,0,0,1,1,N,M,1,2687,2428,MILK,WHEAT,BAJRI,0.0,0.0,0,0.0,0.0,0.0,305.44,0.0,0.0,0,0,0.0,305.44,107.6,6.4,48.79
24,4,9,9,322000,Jasalpur,744.59,541,2539,1297,1242,166,81,85,0,0,0,1,1,0,0,0,1,1,0,2,0,0,0,0,1,0,2,0,0,0,0,0,0,0,1,0,1,0,0,0,2,1,1,0,1,0,0,1,0,1,0,1,2,2,1,2,2,2,2,2,2,,0,,1,1,0,0,0,125,0,1,1,0,0,2,2,0,2,0,2,0,2,1,1,0,0,2,0,2,2,0,2,0,3,0,3,1,2,2,2,2,2,KADI,7,1,0,0,0,1,1,N,M,1,5552,5275,WHEAT,JOWAR,COTTON,0.0,0.0,0,0.0,0.0,0.0,550.12,0.0,0.0,0,0,0.0,550.12,122.08,39.24,33.15
24,4,9,9,322100,Kherpur,453.72,312,1546,778,768,236,128,108,0,0,0,1,1,0,0,0,0,0,0,2,0,0,0,0,1,0,1,0,0,0,0,0,0,0,0,1,0,0,0,0,1,0,0,0,0,0,0,1,0,1,0,1,2,2,1,2,2,2,2,2,2,,0,,1,0,1,0,0,25,0,1,1,0,0,2,2,0,2,0,1,0,2,1,1,0,0,2,0,2,2,0,2,0,3,0,3,1,2,2,2,2,2,KADI,7,1,0,0,0,1,1,N,M,1,1164,1207,WHEAT,BAJRI,CASTOR OIL,0.0,0.0,0,0.0,0.0,0.0,355.5,0.0,0.0,0,0,0.0,355.5,58.2,16.62,23.4
24,4,9,9,322200,Lakshmipura (Nandasan),0.0,315,1542,788,754,0,0,0,0,0,0,1,1,0,0,0,0,0,0,3,0,0,0,0,1,0,3,0,0,0,0,0,0,0,0,1,0,0,0,0,1,0,0,0,0,1,0,1,0,1,0,1,2,2,1,2,2,2,2,2,2,,0,,1,1,0,0,0,8,0,1,1,0,0,3,2,0,2,0,1,0,3,1,1,0,0,1,0,3,2,0,3,0,3,0,3,1,2,2,2,2,2,KADI,12,1,0,0,0,1,2,,,1,445,318,WHEAT,JOWAR,BAJRI,0.0,0.0,0,0.0,0.0,0.0,0.0,0.0,0.0,0,0,0.0,0.0,0.0,0.0,0.0
24,4,9,9,322300,Chandarda,289.49,333,1797,935,862,0,0,0,0,0,0,1,1,0,0,0,0,0,0,3,0,0,0,0,1,0,3,0,0,0,0,0,0,0,0,3,0,0,0,0,3,0,0,0,0,0,0,1,0,1,0,1,2,2,1,2,2,2,2,2,2,,0,,1,1,0,0,0,3,0,1,1,0,0,3,2,0,1,1,0,0,2,1,1,0,0,3,0,3,2,0,3,0,3,0,3,1,1,2,2,2,2,KALOL,15,1,0,0,0,1,1,N,M,1,1357,1446,WHEAT,BAJRI,COTTON,0.0,0.0,0,0.0,0.0,0.0,140.47,0.0,0.0,0,0,0.0,140.47,110.97,19.41,18.64
24,4,9,9,322400,Vadu,1086.73,803,3845,1974,1871,286,155,131,0,0,0,1,1,0,0,0,1,1,0,3,0,0,0,0,1,0,3,0,0,0,0,0,0,0,0,3,0,0,0,0,2,1,0,0,0,0,0,0,0,1,0,1,2,2,1,2,2,2,2,2,2,,0,,1,1,0,0,0,9,0,1,1,0,0,1,2,0,1,1,0,0,1,1,1,0,1,0,1,0,2,0,3,0,3,0,3,1,2,2,2,2,2,KALOL,17,1,0,0,0,1,1,N,M,1,3001,3021,MILK,WHEAT,BAJRI,0.0,0.0,0,0.0,0.0,0.0,780.12,0.0,0.0,0,0,0.0,780.12,178.19,45.28,83.14
24,4,9,9,322500,Narola,326.43,433,2365,1231,1134,0,0,0,7,4,3,1,1,0,0,0,0,0,0,2,0,0,0,0,2,0,2,0,0,0,0,0,0,0,0,2,0,0,0,0,2,0,0,0,0,0,0,0,0,1,0,1,2,2,1,2,2,2,2,2,2,,0,,1,0,1,0,0,1,0,1,1,0,0,1,2,0,2,0,1,0,1,1,1,0,0,1,0,1,2,0,2,0,3,0,3,1,2,2,2,2,2,KALOL,10,1,0,0,0,1,1,N,M,1,1684,1673,MILK,WHEAT,BAJRI,0.0,0.0,0,0.0,0.0,0.0,145.13,0.0,0.0,0,0,0.0,145.13,138.74,16.51,26.05
24,4,9,9,322600,Ghumasan,908.75,875,4222,2197,2025,429,233,196,0,0,0,1,1,0,0,0,1,0,0,3,0,0,1,0,1,0,3,0,0,0,0,0,0,0,0,3,0,0,0,0,3,1,0,0,0,0,0,1,0,1,0,1,2,2,1,2,2,2,2,2,2,,0,,1,1,0,0,0,50,0,1,1,0,0,1,2,0,1,0,1,1,0,1,1,0,0,3,0,3,2,0,3,0,3,0,3,1,1,2,2,2,2,KALOL,10,1,0,0,0,1,1,N,M,1,1357,1446,WHEAT,BAJRI,COTTON,0.0,0.0,0,0.0,0.0,0.0,725.15,0.0,0.0,0,0,0.0,725.15,33.83,92.48,57.29
24,4,9,9,322700,Rajpur,1790.11,1707,8253,4390,3863,613,320,293,11,9,2,1,2,0,0,0,1,0,0,3,0,0,0,0,1,0,3,0,0,0,0,0,0,0,0,3,0,0,0,1,0,2,1,0,0,2,0,0,0,1,0,1,2,2,1,2,2,2,2,2,2,,0,,1,1,0,0,0,115,0,1,1,0,0,2,2,0,1,1,0,0,2,1,1,0,0,3,0,3,2,0,3,0,3,0,3,1,2,2,2,2,2,KADI,15,1,0,0,0,1,1,N,M,1,34556,21049,MILK,WHEAT,BAJRI,0.0,0.0,0,0.0,0.0,0.0,1100.5,0.0,0.0,0,0,0.0,1100.5,296.73,94.46,298.42
24,4,9,9,322800,Sarsav,886.94,479,2376,1225,1151,295,153,142,0,0,0,1,1,0,0,0,1,0,0,2,0,0,0,0,1,0,2,0,0,0,0,0,0,0,0,2,0,0,0,0,1,0,0,0,0,0,0,1,0,1,0,1,2,2,1,2,2,2,2,2,2,,0,,1,1,0,0,0,25,0,1,1,0,0,2,2,0,2,0,1,0,2,1,1,0,1,0,0,2,2,0,2,0,3,0,3,1,1,1,2,2,2,KADI,5,1,0,0,0,1,1,N,,1,1603,1154,BAJRI,WHEAT,MILK,0.0,0.0,0,0.0,0.0,0.0,550.7,0.0,0.0,0,0,0.0,550.7,247.07,50.81,38.36
24,4,9,9,322900,Aldesan,626.91,437,2129,1097,1032,227,115,112,0,0,0,1,1,0,0,0,0,0,0,1,0,0,0,0,1,0,1,0,0,0,0,0,0,0,0,1,0,0,0,0,2,0,0,0,0,1,0,0,0,1,0,1,2,2,1,2,2,2,2,2,2,,0,,1,1,0,0,0,8,0,1,1,0,0,1,2,0,2,0,1,0,1,1,1,0,1,0,1,0,2,0,1,0,3,0,3,1,2,2,2,2,2,KADI,4,1,0,0,0,1,1,N,M,1,1108,827,BAJRI,WHEAT,CASTOR OIL,0.0,0.0,0,0.0,0.0,0.0,420.14,0.0,0.0,0,0,0.0,420.14,138.72,32.38,35.67
24,4,9,9,323000,Visalpur,124.1,223,1213,634,579,35,20,15,0,0,0,1,1,0,0,0,0,0,0,2,0,0,0,0,1,0,2,0,0,0,0,0,0,0,0,2,0,0,0,0,2,0,0,0,0,0,0,1,0,1,0,1,2,2,1,2,2,2,2,2,2,,0,,1,0,1,0,0,1,0,1,1,0,0,2,2,0,2,0,2,0,2,1,1,0,0,2,0,2,2,0,2,0,3,0,3,1,1,2,2,2,2,KADI,7,1,0,0,0,1,1,N,M,1,1907,1496,WHEAT,PADDY,JOWAR,0.0,0.0,0,0.0,0.0,0.0,75.5,0.0,0.0,0,0,0.0,75.5,14.69,28.11,5.8
24,4,9,9,323100,Nagarasan,650.79,335,1718,899,819,431,237,194,0,0,0,1,1,0,0,0,0,0,0,2,0,0,0,0,1,0,2,0,0,0,0,0,0,0,0,2,0,1,0,0,1,1,1,0,0,0,0,1,0,1,0,1,2,2,1,2,2,2,2,2,2,,0,,1,1,0,0,0,17,0,1,1,0,0,2,2,0,2,0,2,0,2,1,1,0,1,0,0,2,2,0,2,0,3,0,3,1,2,2,2,2,2,KADI,7,1,0,0,0,1,1,N,M,1,3845,3235,PADDY,COTTON,JOWAR,0.0,0.0,0,0.0,0.0,0.0,421.18,0.0,0.0,0,0,0.0,421.18,128.7,41.5,59.41
24,4,9,9,323200,Deusana,1036.3,377,1873,958,915,324,174,150,0,0,0,1,1,0,0,0,0,0,0,2,0,0,0,0,1,0,2,0,0,0,0,0,0,0,0,2,0,0,0,0,1,1,1,0,0,0,0,1,0,1,0,1,2,2,1,2,2,2,2,2,2,,0,,1,1,0,0,0,12,0,1,1,0,1,0,2,0,2,0,2,0,2,1,1,0,0,2,0,2,2,0,2,0,3,0,3,1,2,2,2,2,2,KADI,10,1,0,0,0,1,1,N,M,1,1020,1091,WHEAT,PADDY,JOWAR,0.0,0.0,0,0.0,0.0,0.0,670.19,0.0,0.0,0,0,0.0,670.19,193.23,63.06,109.82
24,4,9,9,323300,Jadavpura,558.08,99,558,301,257,5,4,1,5,2,3,1,1,0,0,0,1,0,0,2,0,0,0,0,1,0,2,0,0,0,0,0,0,0,0,2,0,0,0,0,1,0,0,0,0,0,0,1,0,1,0,1,2,2,1,2,2,2,2,2,2,,0,,1,1,0,0,0,2,0,1,1,0,0,2,2,0,2,0,2,0,2,1,1,0,0,2,0,2,2,0,2,0,3,0,3,1,2,2,2,2,2,KADI,8,1,0,0,0,1,1,N,M,1,2115,2111,BAJRI,WHEAT,JOWAR,0.0,0.0,0,0.0,0.0,0.0,434.0,0.0,0.0,0,0,0.0,434.0,65.04,25.63,33.41
24,4,9,9,323400,Alusna,146.64,81,401,205,196,104,57,47,0,0,0,1,1,0,0,0,0,0,0,2,0,0,0,0,1,0,2,0,0,0,0,0,0,0,0,2,0,0,0,0,3,0,0,0,0,0,0,1,0,1,0,1,2,2,1,2,2,2,2,2,2,,0,,2,0,1,0,0,0,1,1,1,0,0,2,2,0,2,0,2,0,2,1,1,0,0,2,0,2,2,0,2,0,3,0,3,1,2,2,2,2,2,KADI,8,1,0,0,0,1,1,N,M,2,0,0,PADDY,JOWAR,BAJRI,0.0,0.0,0,0.0,0.0,0.0,65.15,0.0,0.0,0,0,0.0,65.15,64.39,8.16,8.94
24,4,9,9,323500,Sadra,696.04,502,2308,1164,1144,244,128,116,145,62,83,1,1,0,0,0,0,0,0,2,0,0,0,0,1,0,2,0,0,0,0,0,0,0,1,0,0,0,0,0,3,1,1,0,0,0,0,1,0,1,0,1,2,2,1,2,2,2,2,2,2,,0,,1,1,0,0,0,25,0,1,1,0,0,2,2,0,2,0,2,0,2,1,1,0,0,2,1,0,2,0,2,0,3,0,3,1,2,2,2,2,2,KADI,7,1,0,0,0,1,1,N,M,1,843,789,PADDY,COTTON,JOWAR,0.0,0.0,0,0.0,0.0,0.0,420.18,0.0,0.0,0,0,0.0,420.18,180.49,91.13,4.24
24,4,9,9,323600,Dhoriya,179.67,240,1193,637,556,62,33,29,0,0,0,1,1,0,0,0,0,0,0,2,0,0,0,0,1,0,2,0,0,0,0,0,0,0,0,2,0,0,0,0,2,0,0,0,0,1,0,1,0,1,0,1,1,2,1,2,2,2,2,2,2,,0,,1,0,1,0,0,1,0,1,1,0,0,2,2,0,2,0,2,0,2,1,1,0,0,2,0,2,2,0,2,0,3,0,3,1,1,1,2,2,2,KADI,10,1,0,0,0,1,1,N,M,1,593,536,PADDY,COTTON,MILK,0.0,0.0,0,0.0,0.0,0.0,112.0,0.0,0.0,0,0,0.0,112.0,49.87,3.08,14.72
24,4,9,9,323700,Haripura,274.87,56,235,116,119,10,4,6,0,0,0,1,1,0,0,0,0,0,0,3,0,0,0,0,1,0,3,0,0,0,0,0,0,0,0,3,0,0,0,0,3,0,0,0,0,0,0,1,0,1,0,1,2,2,1,2,2,2,2,2,2,,0,,1,1,0,0,0,1,0,1,1,0,0,2,2,0,2,0,3,0,3,1,1,0,0,3,0,3,2,0,3,0,3,0,3,1,1,1,2,2,2,KADI,12,1,0,0,0,1,1,N,M,1,798,314,PADDY,COTTON,JEERU,0.0,0.0,0,0.0,0.0,0.0,115.0,0.0,0.0,0,0,0.0,115.0,124.22,19.77,15.88
24,4,9,9,323800,Naranpura,343.63,61,247,124,123,0,0,0,0,0,0,1,1,0,0,0,1,0,0,3,0,0,0,0,1,0,3,0,0,0,0,0,0,0,0,3,0,0,0,0,2,0,0,0,0,0,0,1,0,1,0,1,2,2,1,2,2,2,2,2,2,,0,,1,1,0,0,0,1,0,1,1,0,0,3,2,0,2,0,2,0,3,1,1,0,1,0,0,3,2,0,3,0,3,0,3,1,2,2,2,2,2,KADI,17,1,0,0,0,1,1,N,M,1,1735,1723,BAJRI,CASTOR SEEDS,WHEAT,0.0,0.0,0,0.0,0.0,0.0,21.16,0.0,0.0,0,0,0.0,21.16,314.67,0.71,7.09
24,4,9,9,323900,Charol,1261.02,346,1629,847,782,139,75,64,0,0,0,1,1,0,0,0,0,0,0,3,0,0,0,0,1,0,3,0,0,0,0,0,0,0,0,3,0,0,0,0,3,1,1,0,0,0,0,1,0,1,0,1,2,2,1,2,2,2,2,2,2,,0,,1,1,0,0,0,1,0,1,1,0,0,3,2,0,2,0,2,0,3,1,1,0,0,3,0,3,2,0,3,0,3,0,3,1,2,2,2,2,2,KADI,15,1,0,0,0,1,1,N,M,1,209,206,WHEAT,BAJRI,JEERU,0.0,0.0,0,0.0,0.0,0.0,439.13,0.0,0.0,0,0,0.0,439.13,637.06,97.09,87.74
24,4,9,9,324000,Babajipura,335.28,140,681,363,318,48,30,18,4,2,2,1,1,0,0,0,0,0,0,2,0,0,0,0,1,0,2,0,0,0,0,0,0,0,0,2,0,0,0,0,2,0,0,0,0,0,0,1,0,1,0,1,2,2,1,2,2,2,2,2,2,,0,,1,0,2,0,0,2,0,1,1,0,0,1,2,0,2,0,2,0,2,1,1,0,0,2,0,2,2,0,2,0,3,0,3,1,2,2,2,2,2,KADI,6,1,0,0,0,1,1,N,M,1,141,130,JOWAR,PADDY,WHEAT,0.0,0.0,0,0.0,0.0,0.0,174.0,0.0,0.0,0,0,0.0,174.0,115.66,24.92,20.7
24,4,9,9,324100,Balasar,1747.0,524,2587,1342,1245,213,115,98,26,13,13,1,1,0,0,0,0,0,0,1,0,0,0,0,1,0,1,0,0,0,0,0,0,0,0,1,0,0,0,0,3,0,0,0,0,0,0,1,0,1,0,1,2,2,1,2,2,2,2,2,2,,0,,1,1,0,0,0,1,0,1,1,0,0,1,2,0,2,0,2,0,1,1,1,0,0,1,0,1,2,0,2,0,3,0,3,1,2,2,2,2,2,KADI,5,1,0,0,0,1,1,N,M,1,898,888,JOWAR,BAJRI,PADDY,0.0,0.0,0,0.0,0.0,0.0,432.0,0.0,0.0,0,0,0.0,432.0,983.25,122.46,209.29
24,4,9,9,324200,Adudra,1062.36,573,2997,1587,1410,503,255,248,2,2,0,1,1,0,0,0,0,0,0,2,0,0,0,0,2,0,2,0,0,0,0,0,0,0,0,2,0,0,0,0,3,0,0,0,0,0,0,0,0,1,0,1,2,2,1,2,2,2,2,2,2,,0,,1,1,0,0,0,1,0,1,1,0,0,2,2,0,2,0,2,0,2,1,1,0,0,2,0,2,2,0,2,0,3,0,3,1,2,2,2,2,2,KADI,5,1,0,0,0,1,1,N,,1,2531,2517,JOWAR,BAJRI,CASTOR OIL,0.0,0.0,0,0.0,0.0,0.0,565.15,0.0,0.0,0,0,0.0,565.15,327.62,91.68,77.91
24,4,9,9,324300,Lakshmipura,264.83,135,687,360,327,119,60,59,0,0,0,1,1,0,0,0,0,0,0,1,0,0,0,0,1,0,1,0,0,0,0,0,0,0,0,1,0,0,0,0,3,1,0,0,0,0,0,1,0,1,0,1,2,2,1,2,2,2,2,2,2,,0,,1,0,1,0,0,3,0,1,1,0,0,1,2,0,2,0,1,0,1,2,0,1,0,1,0,1,2,0,1,0,3,0,3,1,2,2,2,2,2,KADI,3,1,0,0,0,1,1,N,,1,986,1011,JOWAR,BAJRI,PADDY,0.0,0.0,0,0.0,0.0,0.0,185.45,0.0,0.0,0,0,0.0,185.45,48.73,14.38,16.27
24,4,9,9,324400,Untva,880.73,377,1925,1013,912,180,100,80,0,0,0,1,1,0,0,0,0,0,0,1,0,0,0,0,1,0,1,0,0,0,0,0,0,0,1,0,0,0,0,0,3,1,1,0,0,0,0,1,0,1,0,1,2,2,1,2,2,2,2,2,2,,0,,1,1,0,0,0,25,0,1,1,0,0,1,2,0,2,0,1,0,1,1,1,0,0,1,0,1,2,0,1,0,3,0,3,1,1,1,2,2,2,KADI,4,1,0,0,0,1,1,N,,1,4318,4288,COTTON,PADDY,MILK,0.0,0.0,0,0.0,0.0,0.0,548.4,0.0,0.0,0,0,0.0,548.4,229.71,58.74,43.88
24,4,9,9,324500,Kundal (Part),634.68,1064,5700,3025,2675,672,342,330,120,68,52,1,1,0,0,0,0,0,0,1,0,0,0,0,1,0,1,0,0,0,0,0,0,0,0,1,0,0,0,0,3,1,0,0,0,0,0,1,0,1,0,1,2,2,1,2,2,2,2,2,2,,0,,1,1,0,0,0,5,0,1,1,0,0,1,2,0,2,0,1,0,1,1,1,0,0,1,0,1,2,0,1,0,3,0,3,1,1,2,2,2,2,KADI,2,1,0,0,0,1,1,N,M,1,493,547,WHEAT,VEGETABLES,CASTOR OIL,0.0,0.0,0,0.0,0.0,0.0,475.15,0.0,0.0,0,0,0.0,475.15,20.59,41.46,97.48
24,4,9,9,324600,Irana,906.14,535,2970,1514,1456,395,215,180,1,1,0,1,1,0,0,0,0,0,0,2,0,0,0,0,1,0,2,0,0,0,0,0,0,0,0,2,0,0,0,0,1,0,0,0,0,0,0,1,0,1,0,1,2,2,1,2,2,2,2,2,2,,0,,1,1,0,0,0,4,0,1,1,0,0,1,2,0,2,0,2,0,2,1,1,0,0,2,0,2,2,0,2,0,3,0,3,1,1,1,2,2,2,KADI,7,1,0,0,0,1,1,N,,1,1490,1275,BAJRI,WHEAT,PADDY,0.0,0.0,0,0.0,0.0,0.0,581.21,0.0,0.0,0,0,0.0,581.21,195.47,85.49,43.97
24,4,9,9,324700,Jhulasan,915.46,1046,4892,2555,2337,279,162,117,0,0,0,1,2,0,0,0,0,0,0,3,0,0,0,0,1,0,3,0,0,0,0,0,0,0,0,3,0,0,0,0,1,1,1,0,0,0,0,0,0,1,0,1,2,2,1,2,2,2,2,2,2,,0,,1,1,0,0,1,226,0,1,1,0,1,0,2,0,1,0,1,1,0,1,1,0,0,3,0,3,2,0,3,0,3,0,3,1,1,1,2,2,2,KALOL,11,1,0,0,0,1,1,N,M,1,2253,2746,BAJRI,WHEAT,VEGETABLES,0.0,0.0,0,0.0,0.0,0.0,587.7,0.0,0.0,0,0,0.0,587.7,191.91,57.56,78.29
24,4,9,9,324800,Ambavpura,250.62,254,1256,666,590,158,76,82,24,12,12,1,1,0,0,0,0,0,0,3,0,0,0,0,1,0,3,0,0,0,0,0,0,0,0,2,0,0,0,0,1,0,0,0,0,0,0,1,0,1,0,1,2,2,1,2,2,2,2,2,2,,0,,1,1,0,0,0,18,0,1,1,0,0,1,2,0,2,0,1,0,3,2,0,1,0,1,0,3,2,0,3,0,3,0,3,1,2,2,2,2,2,KALOL,15,1,0,0,0,1,1,N,M,1,461,419,GRAINS,MILK,BAJRI,0.0,0.0,0,0.0,0.0,0.0,175.2,0.0,0.0,0,0,0.0,175.2,34.57,12.85,28.0
24,4,9,9,324900,Chadasna,437.1,325,1739,915,824,79,45,34,0,0,0,1,1,0,0,0,0,0,0,3,0,0,0,0,2,0,3,0,0,0,0,0,0,0,0,2,0,0,0,0,1,0,0,0,0,0,0,0,0,1,0,1,2,2,1,2,2,2,2,2,2,,0,,1,0,1,0,0,11,0,1,1,0,0,1,2,0,2,0,1,0,3,1,1,0,0,3,0,3,2,0,3,0,3,0,3,1,2,2,2,2,2,KALOL,15,1,0,0,0,1,1,N,M,1,271,244,PADDY,WHEAT,BAJRI,0.0,0.0,0,0.0,0.0,0.0,361.76,0.0,0.0,0,0,0.0,361.76,17.8,30.03,27.51
24,4,9,9,325000,Indrad,1063.52,878,4289,2282,2007,274,146,128,0,0,0,1,1,0,0,0,1,0,0,2,0,0,0,0,1,0,2,0,0,0,0,0,0,0,0,2,0,0,0,0,1,1,0,0,0,2,0,0,0,1,0,1,2,2,1,2,2,2,2,2,2,,0,,1,1,0,0,0,0,2,1,1,0,0,2,2,0,2,0,2,0,2,1,1,0,0,2,0,2,2,0,2,0,3,0,3,1,2,2,2,2,2,KADI,10,1,0,0,0,1,1,N,M,1,2584,2507,WHEAT,COTTON,JOWAR,0.0,0.0,0,0.0,0.0,0.0,395.15,0.0,0.0,0,0,0.0,395.15,271.76,165.49,231.12
24,4,9,9,325100,Budasan,662.23,821,3436,1924,1512,382,186,196,12,4,8,1,1,0,0,0,0,0,0,2,0,0,0,0,1,0,2,0,0,0,0,0,0,0,0,2,0,0,0,0,2,0,0,0,0,0,0,1,0,1,0,1,2,2,1,2,2,2,2,2,2,,0,,1,1,0,0,0,4,0,1,1,0,0,2,2,0,2,0,2,0,2,1,1,0,0,2,0,2,2,0,2,0,3,0,3,1,1,1,2,2,2,KADI,6,1,0,0,0,1,1,N,M,1,7266,1268,BAJRI,WHEAT,COTTON,0.0,0.0,0,0.0,0.0,0.0,360.0,0.0,0.0,0,0,0.0,360.0,130.67,1.97,169.59
24,4,9,9,325200,Nani Kadi (Part),1032.22,572,2945,1560,1385,420,201,219,34,19,15,1,2,0,0,0,0,0,0,1,0,0,0,0,1,0,1,0,0,0,0,0,0,0,0,1,0,0,0,0,3,1,0,0,0,0,0,1,0,1,0,1,2,2,1,2,2,2,2,2,2,,0,,1,1,0,0,0,3,0,1,1,0,0,1,2,0,2,0,1,0,1,1,1,0,0,1,2,0,2,0,1,0,3,0,3,1,1,1,2,2,2,KADI,3,1,0,0,0,1,1,N,M,1,2027,1727,COTTON,PADDY,GRAINS,0.0,0.0,0,0.0,0.0,0.0,629.32,0.0,0.0,0,0,0.0,629.32,217.54,88.19,97.17
24,4,9,9,325300,Narsihpura,286.39,320,1505,777,728,331,176,155,0,0,0,1,1,0,0,0,0,0,0,2,0,0,0,0,1,0,2,0,0,0,0,0,0,0,0,2,0,0,0,0,3,1,0,0,0,0,0,1,0,1,0,1,2,2,1,2,2,2,2,2,2,,0,,1,0,2,0,0,7,0,1,1,0,0,2,2,0,2,0,2,0,2,1,1,0,0,2,0,2,2,0,2,0,3,0,3,1,2,2,2,2,2,KADI,5,1,0,0,0,1,1,N,M,1,1143,1112,WHEAT,PADDY,COTTON,0.0,0.0,0,0.0,0.0,0.0,176.25,0.0,0.0,0,0,0.0,176.25,77.27,11.4,21.47
24,4,9,9,325400,Sujatpura,173.42,230,1086,550,536,117,66,51,0,0,0,1,1,0,0,0,0,0,0,2,0,0,0,0,1,0,2,0,0,0,0,0,0,0,0,2,0,0,0,0,3,0,0,0,0,0,0,1,0,1,0,1,2,2,1,2,2,2,2,2,2,,0,,1,1,0,0,0,2,0,1,1,0,0,2,2,0,2,0,2,0,2,2,0,2,0,2,0,2,2,0,2,0,3,0,3,1,2,2,2,2,2,KADI,5,1,0,0,0,1,1,N,M,1,531,524,BAJRI,WHEAT,PADDY,0.0,0.0,0,0.0,0.0,0.0,101.25,0.0,0.0,0,0,0.0,101.25,43.11,15.95,13.11
24,4,9,9,325500,Thadod,782.28,153,643,321,322,87,45,42,0,0,0,1,1,0,0,0,0,0,0,2,0,0,0,0,1,0,2,0,0,0,0,0,0,0,0,2,0,0,0,0,3,0,0,0,0,0,0,2,0,1,0,1,2,2,1,2,2,2,2,2,2,,0,,1,0,2,0,0,1,0,1,1,0,0,2,2,0,2,0,2,0,2,1,1,0,0,2,0,2,2,0,2,0,2,0,3,1,2,2,2,2,2,KADI,8,1,0,0,0,1,1,N,M,1,175,168,BAJRI,COTTON,WHEAT,0.0,0.0,0,0.0,0.0,0.0,175.0,0.0,0.0,0,0,0.0,175.0,532.81,53.16,21.31
24,4,9,9,325600,Visatpura,394.95,371,1299,650,649,22,13,9,0,0,0,1,1,0,0,0,1,0,0,3,0,0,0,0,1,0,3,0,0,0,0,0,0,0,0,3,0,0,0,0,2,1,1,0,0,1,0,0,0,1,0,1,2,2,1,2,2,2,2,2,2,,0,,1,1,0,0,0,7,0,1,1,0,0,3,2,0,2,0,3,0,3,1,1,0,0,3,0,3,2,0,3,0,3,0,3,1,2,2,2,2,2,KADI,15,1,0,0,0,1,1,N,M,1,456,467,BAJRI,WHEAT,JOWAR,0.0,0.0,0,0.0,0.0,0.0,265.2,0.0,0.0,0,0,0.0,265.2,64.88,27.58,37.29
24,4,9,9,325700,Galodra,781.25,143,660,360,300,24,12,12,0,0,0,1,1,0,0,0,0,0,0,3,0,0,0,0,1,0,3,0,0,0,0,0,0,0,0,3,0,0,0,0,3,0,0,0,0,0,0,1,0,1,0,1,2,2,2,2,2,2,2,2,2,,0,,1,1,0,0,0,1,0,1,1,0,0,3,2,0,2,0,3,0,3,1,1,0,0,3,0,3,2,0,3,0,3,0,3,1,2,2,2,2,2,KADI,20,1,0,0,0,1,1,N,M,1,998,988,PADDY,COTTON,JEERU,0.0,0.0,0,0.0,0.0,0.0,160.15,0.0,0.0,0,0,0.0,160.15,394.99,175.81,50.3
24,4,9,9,325800,Korda,1373.27,370,1624,848,776,242,132,110,0,0,0,1,2,0,0,0,0,0,0,3,0,0,0,0,1,0,3,0,0,0,0,0,0,0,0,2,0,0,0,0,3,0,0,0,0,0,0,1,0,1,0,1,2,2,1,2,2,2,2,2,2,,0,,1,1,0,0,0,4,0,1,1,0,0,3,2,0,2,0,3,0,3,2,0,2,0,3,0,3,2,0,3,0,3,0,3,1,2,2,2,2,2,KADI,14,1,0,0,0,1,1,N,M,1,954,1132,WHEAT,PADDY,VEGETABLES,0.0,0.0,0,0.0,0.0,0.0,825.58,0.0,0.0,0,0,10.0,835.58,417.78,68.91,51.0
24,4,9,9,325900,Sendrana,717.99,220,1044,547,497,229,123,106,0,0,0,1,1,0,0,0,0,0,0,3,0,0,0,0,1,0,3,0,0,0,0,0,0,0,0,3,0,0,0,0,2,0,0,0,0,0,0,1,0,1,0,1,1,2,1,1,2,2,2,2,2,,0,,1,0,1,0,0,1,0,1,1,0,0,3,2,0,2,0,3,0,3,1,1,0,0,3,0,3,2,0,3,0,3,0,3,1,1,2,2,2,2,KADI,11,1,0,0,0,1,1,N,M,1,1116,1107,BAJRI,JOWAR,WHEAT,0.0,0.0,0,0.0,0.0,0.0,230.0,0.0,0.0,0,0,0.0,230.0,407.71,40.07,40.21
24,4,9,9,326000,Khandmorva,294.88,55,324,160,164,5,4,1,0,0,0,1,1,0,0,0,0,0,0,3,0,0,0,0,2,0,3,0,0,0,0,0,0,0,0,3,0,0,0,0,2,0,0,0,0,0,0,0,0,1,0,2,2,2,1,2,2,2,2,2,1,,0,,2,0,1,0,0,0,3,1,1,0,0,3,2,0,2,0,3,0,3,2,0,3,0,3,0,3,2,0,3,0,3,0,3,2,1,2,2,2,2,KADI,12,1,0,0,0,1,1,N,M,2,0,0,PADDY,WHEAT,VEGETABLES,0.0,0.0,0,0.0,0.0,0.0,72.14,0.0,0.0,0,0,15.95,88.09,176.19,15.97,14.63
24,4,9,9,326100,Kasva,882.17,490,2158,1158,1000,228,119,109,0,0,0,1,3,0,0,0,0,0,0,2,0,0,0,0,1,0,2,0,0,0,0,0,0,0,0,2,0,0,0,0,2,1,0,0,0,0,0,1,0,1,0,1,1,2,1,2,2,2,2,2,2,,0,,1,1,0,0,0,6,0,1,1,0,0,2,2,0,2,0,2,0,2,1,3,0,0,2,0,2,2,0,2,0,3,0,3,1,2,2,2,2,2,KADI,7,1,0,0,0,1,1,N,M,1,817,694,PADDY,COTTON,WHEAT,0.0,0.0,0,0.0,0.0,0.0,625.6,0.0,0.0,0,0,0.0,625.6,162.55,60.7,33.32
24,4,9,9,326200,Vidaj,919.96,519,2636,1388,1248,230,126,104,54,39,15,1,1,0,0,0,0,0,0,2,0,0,0,0,1,0,2,0,0,0,0,0,0,0,1,0,0,0,0,0,3,1,1,0,0,1,0,2,0,1,0,1,1,2,1,2,2,2,2,2,2,,0,,1,1,0,0,0,1,0,1,1,0,0,2,2,0,2,0,2,0,1,1,1,0,0,2,0,2,2,0,2,0,3,0,3,1,2,2,2,2,2,KADI,6,1,0,0,0,1,1,N,M,1,1033,1019,PADDY,BAJRI,WHEAT,0.0,0.0,0,0.0,0.0,0.0,640.1,0.0,0.0,0,0,0.0,640.1,146.52,64.76,68.58
24,4,9,9,326300,Dudhai,208.44,117,636,326,310,103,52,51,0,0,0,1,1,0,0,0,0,0,0,2,0,0,0,0,1,0,2,0,0,0,0,0,0,0,0,1,0,0,0,0,3,0,0,0,0,0,0,1,0,1,0,1,1,2,1,2,2,2,2,2,2,,0,,2,0,2,0,0,0,1,1,1,0,0,2,2,0,2,0,2,0,2,1,1,0,0,2,0,2,2,0,2,0,3,0,3,1,1,1,2,2,2,KADI,6,1,0,0,0,1,1,N,M,1,478,452,PADDY,WHEAT,COTTON,0.0,0.0,0,0.0,0.0,0.0,80.05,5.89,0.0,0,0,40.02,125.96,33.65,16.86,31.97
24,4,9,9,326400,Shiyapura,366.36,185,952,495,457,234,120,114,0,0,0,1,1,0,0,0,0,0,0,2,0,0,0,0,1,0,2,0,0,0,0,0,0,0,0,1,0,0,0,0,1,0,0,0,0,1,0,1,0,1,0,1,1,2,1,2,2,2,2,2,2,,0,,1,0,2,0,0,3,0,1,1,0,0,2,2,0,2,0,2,0,2,1,1,0,0,2,0,2,2,0,2,0,3,0,3,1,1,1,2,2,2,KADI,6,1,0,0,0,1,1,N,M,1,545,539,PADDY,WHEAT,COTTON,0.0,0.0,0,0.0,0.0,0.0,175.2,0.0,0.0,0,0,0.0,175.2,142.32,17.51,31.33
24,4,9,9,326500,Rangpurda,444.76,349,1614,847,767,327,178,149,0,0,0,1,1,0,0,0,0,0,0,1,0,0,0,0,2,0,1,0,0,0,0,0,0,0,0,1,0,0,0,0,3,0,0,0,0,0,0,0,0,1,0,1,1,1,1,1,2,2,2,2,2,,0,,1,0,1,0,0,25,0,1,1,0,0,1,2,0,2,0,1,0,1,1,1,0,0,1,0,1,2,0,1,0,3,0,3,1,2,2,2,2,2,KADI,4,1,0,0,0,1,1,N,M,1,423,403,VEGETABLES,BAJRI,JOWAR,0.0,0.0,0,0.0,0.0,0.0,191.14,0.0,0.0,0,0,0.0,191.14,141.2,76.2,36.22
24,4,9,9,326600,Pirojpur,334.2,230,1113,589,524,239,126,113,0,0,0,1,1,0,0,0,0,0,0,1,0,0,0,0,1,0,1,0,0,0,0,0,0,0,0,1,0,0,0,0,3,0,0,0,0,0,0,1,0,1,0,1,2,2,1,2,2,2,2,2,2,,0,,1,0,1,0,0,5,0,1,1,0,0,1,2,0,2,0,1,0,1,2,0,1,0,1,0,1,2,0,1,0,3,0,3,1,2,2,2,2,2,KADI,3,1,0,0,0,1,1,N,,1,313,290,BAJRI,CASTOR OIL,WHEAT,0.0,0.0,0,0.0,0.0,0.0,180.6,0.0,0.0,0,0,0.0,180.6,76.46,54.81,22.33
24,4,9,9,326700,Karannagar,1578.52,1315,6234,3290,2944,402,208,194,148,85,63,1,2,0,0,0,1,0,0,2,0,0,0,0,1,0,2,0,0,0,1,0,0,0,0,2,1,0,0,0,3,1,1,0,0,1,0,2,0,1,0,1,2,2,1,2,2,2,2,2,2,,0,,1,1,0,0,0,8,0,1,1,0,1,0,2,0,1,1,0,1,0,1,1,0,0,2,0,2,2,0,2,0,3,0,3,1,2,2,2,2,2,KADI,6,1,0,0,0,1,1,N,M,1,45915,16809,WHEAT,COTTON,JEERU,0.0,0.0,0,0.0,0.0,0.0,915.75,0.0,0.0,0,0,0.0,915.75,317.91,26.4,318.46
24,4,9,9,326800,Ankhol,146.86,331,1584,855,729,20,11,9,5,1,4,1,1,0,0,0,0,0,0,2,0,0,0,0,1,0,2,0,0,0,0,0,0,0,0,2,0,0,0,0,2,0,0,0,0,1,0,0,0,1,0,1,2,2,1,2,2,2,2,2,2,,0,,1,0,1,0,0,7,0,1,1,0,0,1,2,0,2,0,1,0,1,1,1,0,1,0,0,2,2,0,2,0,3,0,3,1,1,1,2,2,2,KADI,8,1,0,0,0,1,1,N,M,1,384,392,WHEAT,BAJRI,PADDY,0.0,0.0,0,0.0,0.0,0.0,46.42,0.0,0.0,0,0,0.0,46.42,47.48,27.86,25.1
24,4,9,9,326900,Achrasan,470.06,342,1662,842,820,212,120,92,0,0,0,1,1,0,0,0,0,0,0,2,0,0,0,0,2,0,2,0,0,0,0,0,0,0,0,2,0,0,0,0,2,0,0,0,0,0,0,0,0,1,0,1,2,2,1,2,2,2,2,2,2,,0,,1,0,1,0,0,11,0,1,1,0,0,1,2,0,2,0,1,0,1,1,1,0,0,2,0,2,2,0,2,0,3,0,3,1,1,1,2,2,2,KADI,9,1,0,0,0,1,1,N,M,1,250,246,WHEAT,CASTOR OIL,JOWAR,0.0,0.0,0,0.0,0.0,0.0,264.15,0.0,0.0,0,0,0.0,264.15,151.62,30.46,23.83
24,4,9,9,327000,Lunasan,457.92,435,2171,1142,1029,432,221,211,0,0,0,1,1,0,0,0,0,0,0,1,0,0,0,0,1,0,1,0,0,0,0,0,0,0,1,0,0,0,0,0,3,1,0,0,0,0,0,1,0,1,0,1,2,2,1,2,2,2,2,2,2,,0,,1,1,0,0,0,5,0,1,1,0,0,1,2,0,2,0,1,0,1,1,1,0,0,3,0,3,2,0,3,0,3,0,3,1,2,2,2,2,2,KALOL,10,1,0,0,0,1,1,N,M,1,657,686,BAJRI,WHEAT,CASTOR OIL,0.0,0.0,0,0.0,0.0,0.0,195.2,0.0,0.0,0,0,0.0,195.2,205.44,30.17,27.11
24,4,9,9,327100,Vansol,330.55,308,1556,805,751,272,143,129,0,0,0,1,1,0,0,0,0,0,0,3,0,0,0,0,1,0,3,0,0,0,0,0,0,0,1,0,0,0,0,0,3,1,1,0,0,0,0,0,0,1,0,1,2,2,1,2,2,2,2,2,2,,0,,2,0,1,0,0,0,1,1,1,0,0,2,2,0,2,0,1,0,1,1,1,0,0,1,0,1,2,0,3,0,3,0,3,1,2,2,2,2,2,KALOL,16,1,0,0,0,1,1,N,,1,818,820,WHEAT,BAJRI,JOWAR,0.0,0.0,0,0.0,0.0,0.0,103.45,0.0,0.0,0,0,0.0,103.45,146.47,26.02,54.61
24,4,9,9,327200,Vamaj,1756.45,846,4357,2448,1909,358,198,160,4,3,1,1,2,0,0,0,1,1,0,3,0,0,0,0,1,0,3,0,0,0,0,0,0,0,0,1,0,0,0,0,1,1,1,0,0,0,0,0,0,1,0,1,2,2,1,2,2,2,2,2,2,,0,,1,1,0,0,0,60,0,1,1,0,0,3,2,0,1,1,0,1,0,1,1,0,1,0,1,0,2,0,3,0,3,0,3,1,2,2,2,2,2,KALOL,9,1,0,0,0,1,1,N,M,1,2596,2651,WHEAT,PADDY,BAJRI,0.0,0.0,0,0.0,0.0,0.0,689.93,0.0,0.0,0,0,0.0,689.93,827.74,112.71,126.07
24,4,9,9,327300,Fuletra,1046.73,554,2884,1496,1388,155,78,77,0,0,0,1,1,0,0,0,0,0,0,3,0,0,0,0,1,0,3,0,0,0,0,0,0,0,0,1,0,0,0,0,1,1,1,0,0,0,0,0,0,1,0,1,2,2,1,2,2,2,2,2,2,,0,,1,1,0,0,0,1,0,1,1,0,0,2,2,0,2,0,1,0,1,1,1,0,0,1,0,3,2,0,3,0,3,0,3,1,2,2,2,2,2,KADI,14,1,0,0,0,1,1,N,M,1,442,380,PADDY,WHEAT,JOWAR,0.0,0.0,0,0.0,0.0,0.0,370.3,0.0,0.0,0,0,0.0,370.3,379.09,245.28,52.06
24,4,9,9,327400,Borisana,876.47,478,2403,1279,1124,223,124,99,12,5,7,1,1,0,0,0,1,0,0,2,0,0,0,0,1,0,2,0,0,0,0,0,0,0,0,2,0,0,0,0,3,1,1,0,0,0,0,0,0,1,0,1,1,1,1,2,2,2,2,2,2,,0,,1,1,0,0,0,5,0,1,1,0,0,2,2,0,2,0,2,0,2,1,1,0,0,2,0,2,2,0,2,0,3,0,3,1,2,2,2,2,2,KADI,7,1,0,0,0,1,1,N,M,1,2069,1503,PADDY,BAJRI,WHEAT,0.0,0.0,0,0.0,0.0,0.0,333.15,0.0,0.0,0,0,0.0,333.15,411.43,69.09,62.8
24,4,9,9,327500,Jetpura,185.74,180,897,462,435,63,36,27,0,0,0,1,1,0,0,0,0,0,0,2,0,0,0,0,1,0,2,0,0,0,0,0,0,0,0,2,0,0,0,0,1,0,0,0,0,1,0,0,0,1,0,1,1,1,1,2,2,2,2,2,2,,0,,1,0,1,0,0,5,0,1,1,0,0,2,2,0,2,0,2,0,2,2,0,2,0,2,0,2,2,0,2,0,3,0,3,1,2,2,2,2,2,KADI,9,1,0,0,0,1,1,N,M,1,878,842,PADDY,BAJRI,JOWAR,0.0,0.0,0,0.0,0.0,0.0,53.2,0.0,0.0,0,0,0.0,53.2,102.49,24.76,5.29
24,4,9,9,327600,Rozapuri,105.91,45,205,104,101,0,0,0,0,0,0,1,1,0,0,0,0,0,0,3,0,0,0,0,1,0,3,0,0,0,0,0,0,0,0,3,0,0,0,0,3,0,0,0,0,1,0,0,0,1,0,2,1,2,1,2,2,2,2,2,2,,0,,2,0,1,0,0,0,1,1,1,0,0,3,2,0,2,0,2,0,2,1,1,0,0,3,0,3,2,0,3,0,3,0,3,2,1,2,2,2,2,KADI,12,1,0,0,0,1,1,N,M,2,0,0,PADDY,COTTON,WHEAT,0.0,0.0,0,0.0,0.0,0.0,66.17,0.0,0.0,0,0,0.0,66.17,23.6,5.61,10.53
24,4,9,9,327700,Daran Morva,304.04,127,596,301,295,178,87,91,0,0,0,1,1,0,0,0,0,0,0,3,0,0,0,0,2,0,3,0,0,0,0,0,0,0,0,2,0,0,0,0,2,0,0,0,0,0,0,0,0,1,0,1,2,2,1,2,2,2,2,2,2,,0,,1,0,1,0,0,1,0,1,1,0,0,2,2,0,2,0,2,0,2,1,1,0,0,2,0,2,2,0,2,0,3,0,3,1,2,2,2,2,2,KADI,9,1,0,0,0,1,1,N,M,1,177,98,COTTON,BAJRI,PADDY,0.0,0.0,0,0.0,0.0,0.0,167.28,0.0,0.0,0,0,0.0,167.28,98.35,23.6,14.81
24,4,9,9,327800,Sedardi,605.15,222,1021,533,488,329,167,162,0,0,0,1,1,0,0,0,0,0,0,3,0,0,0,0,1,0,3,0,0,0,0,0,0,0,0,3,0,0,0,0,3,0,0,0,0,0,0,1,0,1,0,1,2,2,1,2,2,2,2,2,2,,0,,1,0,1,0,0,1,0,1,1,0,0,3,2,0,2,0,2,0,1,1,1,0,1,0,0,3,2,0,3,0,3,0,3,1,1,1,2,2,2,KADI,14,1,0,0,0,1,1,N,M,1,253,238,COTTON,WHEAT,BAJRI,0.0,0.0,0,0.0,0.0,0.0,250.4,0.0,0.0,0,0,0.0,250.4,291.62,34.52,28.61
24,4,9,9,327900,Ghughla,382.99,137,659,369,290,97,53,44,0,0,0,1,1,0,0,0,0,0,0,3,0,0,0,0,1,0,2,0,0,0,0,0,0,0,0,1,0,0,0,0,3,0,0,0,0,0,0,1,0,1,0,1,2,2,1,2,2,2,2,2,2,,0,,1,0,1,0,0,1,0,1,1,0,0,3,2,0,2,0,2,0,3,2,0,1,0,3,0,3,2,0,3,0,3,0,3,1,2,2,2,2,2,KADI,20,1,0,0,0,1,1,N,M,2,0,0,WHEAT,PADDY,VEGETABLES,0.0,0.0,0,0.0,0.0,0.0,72.83,0.0,0.0,0,0,36.41,109.24,218.49,31.41,23.85
24,4,9,9,328000,Maharajpura,647.06,189,811,424,387,0,0,0,0,0,0,1,1,0,0,0,0,0,0,3,0,0,0,0,1,0,3,0,0,0,0,0,0,0,0,2,0,0,0,0,2,0,0,0,0,0,0,1,0,1,0,1,1,2,1,2,2,2,2,2,2,,0,,1,0,1,0,0,1,0,1,1,0,0,3,2,0,2,0,1,0,3,1,1,0,0,1,0,1,2,0,3,0,3,0,3,1,2,2,2,2,2,KADI,21,1,0,0,0,1,1,N,M,1,666,642,COTTON,WHEAT,PADDY,0.0,0.0,0,0.0,0.0,0.0,400.8,0.0,0.0,0,0,0.0,400.8,203.0,14.86,28.4
24,4,9,9,328100,Vaghroda,1323.2,370,1735,923,812,135,74,61,0,0,0,1,1,0,0,0,0,0,0,3,0,0,0,0,1,0,3,0,0,0,0,0,0,0,0,2,0,0,0,0,2,1,0,0,0,0,0,1,0,1,0,1,1,2,1,2,2,2,2,2,2,,0,,1,1,0,0,0,11,0,1,1,0,0,3,2,0,2,0,2,0,2,1,1,0,1,0,1,0,2,0,3,0,3,0,3,1,2,2,2,2,2,VIRAMGAM,22,1,0,0,0,1,1,N,M,1,2502,2442,PADDY,BAJRI,WHEAT,0.0,0.0,0,0.0,0.0,0.0,120.0,0.0,0.0,0,0,0.0,120.0,1102.62,56.23,44.35
24,4,9,9,328200,Bhalthi,712.64,514,1973,1011,962,36,20,16,6,4,2,1,1,0,0,0,1,1,0,3,0,0,0,0,1,0,3,0,0,0,0,0,0,0,0,2,0,0,0,0,2,0,0,0,0,3,0,1,0,1,0,1,2,2,1,2,2,2,2,2,2,,0,,1,1,0,0,0,12,0,1,1,0,0,3,2,0,2,0,1,0,2,1,1,0,0,3,0,3,2,0,3,0,3,0,3,1,1,2,2,2,2,KADI,18,1,0,0,0,1,1,N,M,1,3036,2901,COTTON,BAJRI,WHEAT,0.0,0.0,0,0.0,0.0,0.0,345.9,0.0,0.0,0,0,0.0,345.9,276.19,39.62,50.93
24,4,9,9,328300,Khavad,1951.69,698,3101,1667,1434,426,233,193,86,48,38,1,1,0,0,0,1,0,0,3,0,0,0,0,1,0,3,0,0,0,1,0,0,0,1,0,1,0,0,1,0,2,1,0,0,1,0,1,0,1,0,1,2,2,1,2,2,2,2,2,2,,0,,1,1,0,0,0,8,0,1,1,0,0,3,2,0,1,1,0,0,1,1,1,0,1,0,1,0,2,0,3,0,3,0,3,1,1,1,2,2,2,KADI,15,1,0,0,0,1,1,N,M,1,1819,1768,PADDY,BAJRI,WHEAT,0.0,0.0,0,0.0,0.0,0.0,980.92,0.0,0.0,0,0,0.0,980.92,752.25,26.06,192.46
24,4,9,9,328400,Daran,1327.36,795,3542,1832,1710,373,196,177,0,0,0,1,1,0,0,0,1,0,0,3,0,0,0,0,1,0,3,0,0,0,0,0,0,0,0,3,0,0,0,0,1,1,1,0,0,1,0,0,0,1,0,1,2,2,1,2,2,2,2,2,2,,0,,1,1,0,0,0,10,0,1,1,0,0,3,2,0,1,0,1,1,0,1,1,0,1,0,0,3,2,0,3,0,3,0,3,1,2,1,2,2,2,KADI,15,1,0,0,0,1,1,N,M,1,7884,7867,COTTON,BAJRI,WHEAT,0.0,0.0,0,0.0,0.0,0.0,820.0,0.0,0.0,0,0,0.0,820.0,331.64,99.35,76.37
24,4,9,9,328500,Lhor,828.74,286,1436,736,700,162,87,75,0,0,0,1,1,0,0,0,0,0,0,3,0,0,0,0,1,0,3,0,0,0,0,0,0,0,0,3,0,0,0,0,2,0,0,0,0,1,0,1,0,1,0,1,1,2,1,1,2,2,2,2,2,,0,,1,1,0,0,0,0,1,1,1,0,0,3,2,0,2,0,2,0,1,2,0,3,0,3,0,3,2,0,3,0,3,0,3,2,1,2,2,2,2,KADI,15,1,0,0,0,1,1,N,M,1,140,120,BAJRI,WHEAT,PADDY,0.0,0.0,0,13.05,0.0,0.0,274.54,35.14,0.0,0,0,0.0,322.73,346.42,95.38,64.21
24,4,9,9,328600,Manipur,671.96,287,1256,663,593,155,76,79,0,0,0,1,1,0,0,0,1,0,0,2,0,0,0,0,1,0,2,0,0,0,0,0,0,0,1,0,0,0,0,0,2,1,1,0,0,0,0,1,0,1,0,1,2,2,1,2,2,2,2,2,2,,0,,1,1,0,0,0,34,0,1,1,0,0,2,2,0,2,0,2,0,2,1,1,0,0,2,0,2,2,0,2,0,3,0,3,1,2,2,2,2,2,KADI,9,1,0,0,0,1,1,N,M,1,1218,1226,VEGETABLES,PULSES,BAJRI,0.0,0.0,0,0.0,0.0,0.0,384.04,0.0,0.0,0,0,0.0,384.04,205.28,7.87,74.77
24,4,9,9,328700,Karsanpura,134.12,219,986,505,481,147,74,73,0,0,0,1,1,0,0,0,0,0,0,2,0,0,0,0,1,0,2,0,0,0,0,0,0,0,0,1,0,0,0,0,1,0,0,0,0,1,0,0,0,1,0,1,1,2,1,2,2,2,2,2,2,,0,,1,0,1,0,0,2,0,1,1,0,0,2,2,0,2,0,2,0,2,1,1,0,1,0,0,2,2,0,2,0,3,0,3,1,1,1,2,2,2,KADI,9,1,0,0,0,1,1,N,M,1,955,947,PADDY,BAJRI,WHEAT,0.0,0.0,0,0.0,0.0,0.0,47.25,8.13,0.0,0,0,14.16,69.54,40.16,6.18,18.24
24,4,9,9,328800,Merda,274.38,74,392,213,179,9,6,3,9,5,4,1,1,0,0,0,0,0,0,3,0,0,0,0,2,0,3,0,0,0,0,0,0,0,0,1,0,0,0,0,1,0,0,0,0,0,0,0,0,1,0,1,2,1,1,2,2,2,2,2,2,,0,,1,0,1,0,0,1,0,1,1,0,0,3,2,0,2,0,2,0,1,2,0,1,0,1,0,1,2,0,3,0,3,0,3,1,2,2,2,2,2,KADI,15,1,0,0,0,1,1,N,M,1,382,346,PADDY,CASTOR OIL,MUSTARD,0.0,0.0,0,0.0,0.0,0.0,89.15,0.0,0.0,0,0,0.0,89.15,140.25,25.51,19.47
24,4,9,9,328900,Adraj,1575.09,1035,5480,2937,2543,614,349,265,138,63,75,1,1,0,0,0,1,1,0,3,0,0,0,0,1,0,3,0,0,0,0,0,0,0,1,0,0,0,0,1,0,1,1,0,0,0,0,0,0,1,0,1,2,2,1,2,2,2,2,2,2,,0,,1,1,0,0,0,75,0,1,1,0,0,3,2,0,1,0,3,1,0,1,1,0,1,0,0,3,2,0,3,0,3,0,3,1,1,2,2,2,2,KALOL,12,1,0,0,0,1,1,N,M,1,5882,5787,PADDY,BAJRI,WHEAT,0.0,0.0,0,0.0,0.0,0.0,973.15,0.0,0.0,0,0,0.0,973.15,371.36,91.18,139.4
24,4,9,9,329000,Vadavi,940.38,537,2745,1410,1335,152,75,77,0,0,0,1,1,0,0,0,0,0,0,3,0,0,0,0,1,0,3,0,0,0,0,0,0,0,0,1,0,0,0,0,1,0,0,0,0,1,0,0,0,1,0,1,2,2,1,2,2,2,2,2,2,,0,,1,1,0,0,0,5,0,1,1,0,0,3,2,0,2,0,1,0,1,1,1,0,1,0,1,0,2,0,3,0,3,0,3,1,2,2,2,2,2,KADI,14,1,0,0,0,1,1,N,M,1,737,639,BAJRI,MUSTARD,WHEAT,0.0,0.0,0,0.0,0.0,0.0,425.45,0.0,0.0,0,0,0.0,425.45,374.7,79.69,60.54
24,4,9,9,329100,Ambliyara,452.89,238,1161,601,560,10,5,5,0,0,0,1,1,0,0,0,0,0,0,3,0,0,0,0,2,0,3,0,0,0,0,0,0,0,0,1,0,0,0,0,1,0,0,0,0,0,0,0,0,1,0,1,2,2,2,2,2,2,2,2,2,,0,,1,0,1,0,0,1,0,1,1,0,0,3,2,0,2,0,2,0,1,1,1,0,0,1,0,3,2,0,3,0,3,0,3,2,1,2,2,2,2,KADI,15,1,0,0,0,1,1,,M,1,382,444,PADDY,JOWAR,CASTOR SEEDS,0.0,0.0,0,0.0,0.0,0.0,235.48,0.0,0.0,0,0,0.0,235.48,148.81,35.92,32.68
24,4,9,9,329200,Lakshmanpura,818.65,309,1329,687,642,81,42,39,4,2,2,1,1,0,0,0,0,0,0,3,0,0,0,0,1,0,3,0,0,0,0,0,0,0,0,3,0,0,0,0,3,1,1,0,0,0,0,0,0,1,0,1,2,2,1,2,2,2,2,2,2,,0,,1,0,1,0,0,1,0,1,1,0,0,3,2,0,2,0,3,0,1,1,1,0,0,3,0,3,2,0,3,0,3,0,3,1,2,2,2,2,2,KADI,15,1,0,0,0,1,2,,,1,235,193,JEERU,WHEAT,BAJRI,0.0,0.0,0,0.0,0.0,0.0,359.15,0.0,0.0,0,0,0.0,359.15,324.56,93.23,41.71
24,4,9,9,329300,Kolad,647.22,295,1452,763,689,431,228,203,0,0,0,1,1,0,0,0,0,0,0,3,0,0,0,0,1,0,3,0,0,0,0,0,0,0,0,1,0,0,0,0,1,0,0,0,0,0,0,1,0,1,0,1,2,2,2,1,2,2,2,2,2,,0,,1,1,0,0,0,1,0,1,1,0,0,3,2,0,2,0,3,0,1,1,1,0,1,0,0,3,2,0,3,0,3,0,3,1,2,2,2,2,2,KADI,20,1,0,0,0,1,1,N,M,1,147,140,WHEAT,BAJRI,JOWAR,27.0,0.0,0,10.5,0.0,0.0,225.5,0.0,0.0,0,0,0.0,236.0,322.33,34.47,27.42
24,4,9,9,329400,Nanpurasonvad,249.72,142,600,316,284,0,0,0,0,0,0,1,1,0,0,0,0,0,0,3,0,0,0,0,1,0,3,0,0,0,0,0,0,0,0,3,0,0,0,0,1,0,0,0,0,1,0,1,0,1,0,1,2,2,1,2,2,2,2,2,2,,0,,1,0,1,0,0,1,0,1,1,0,0,3,2,0,2,0,3,0,1,1,1,0,0,1,0,3,2,0,3,0,3,0,3,1,2,2,2,2,2,KADI,20,1,0,0,0,1,1,N,M,1,384,388,WHEAT,PADDY,BAJRI,0.0,0.0,0,0.0,0.0,0.0,190.2,0.0,0.0,0,0,0.0,190.2,30.1,14.9,14.52
24,4,9,9,329500,Nadoliya,353.37,110,529,262,267,134,67,67,0,0,0,1,1,0,0,0,0,0,0,3,0,0,0,0,1,0,3,0,0,0,0,0,0,0,0,3,0,0,0,0,1,0,0,0,0,0,0,1,0,1,0,2,1,2,1,2,2,2,2,2,2,,0,,2,0,1,0,0,0,1,1,1,0,0,3,2,0,2,0,3,0,1,1,1,0,0,1,0,1,2,0,3,0,3,0,3,1,2,1,2,2,2,KADI,20,1,0,0,0,1,1,N,M,1,250,267,PADDY,BAJRI,COTTON,0.0,0.0,0,0.0,0.0,0.0,290.28,0.0,0.0,0,0,0.0,290.28,25.34,19.23,18.52
24,4,9,9,329600,Vekra,1241.32,345,1625,859,766,165,96,69,0,0,0,1,1,0,0,0,0,0,0,3,0,0,0,0,1,0,3,0,0,0,0,0,0,0,0,3,0,0,0,0,2,1,0,0,1,0,0,1,0,1,0,1,1,2,1,2,2,2,2,2,2,,0,,1,1,0,0,0,3,0,1,1,0,0,3,2,0,2,0,2,0,2,1,1,0,0,2,0,3,2,0,3,0,3,0,3,1,2,2,2,2,2,KADI,22,1,0,0,0,1,1,N,M,1,1256,1220,COTTON,PADDY,VEGETABLES,0.0,0.0,0,120.0,10.0,0.0,340.0,0.0,0.0,0,0,0.0,470.0,648.25,64.91,58.16
24,4,9,9,329700,Varkhadia,732.26,350,1891,993,898,158,78,80,0,0,0,1,1,0,0,0,0,0,0,3,0,0,0,0,1,0,3,0,0,0,0,0,0,0,0,2,0,0,0,0,2,0,0,0,0,0,0,1,0,1,0,1,1,2,1,2,2,2,2,2,2,,0,,1,1,0,0,0,0,1,1,1,0,0,3,2,0,2,0,1,0,1,1,1,0,0,1,0,3,2,0,3,0,3,0,3,1,2,2,2,2,2,KADI,25,1,0,0,0,1,1,N,M,1,150,150,COTTON,BAJRI,WHEAT,0.0,0.0,0,15.0,0.0,0.0,100.0,0.0,0.0,0,0,0.0,115.0,537.64,42.73,36.89
24,4,9,9,329800,Fattehpura,149.72,63,354,188,166,0,0,0,0,0,0,1,1,0,0,0,0,0,0,3,0,0,0,0,2,0,3,0,0,0,0,0,0,0,0,1,0,0,0,0,1,0,0,0,0,0,0,0,0,1,0,1,1,2,2,2,2,2,2,2,2,,0,,1,0,1,0,0,1,0,1,1,0,0,3,2,0,2,0,1,0,1,1,1,0,1,0,0,3,2,0,3,0,3,0,3,1,2,2,2,2,2,KADI,23,1,0,0,0,1,1,N,M,1,2980,1484,BAJRI,WHEAT,COTTON,0.0,0.0,0,0.0,0.0,0.0,62.2,0.0,0.0,0,0,0.0,62.2,68.93,10.48,8.11
24,4,9,9,329900,Jamiyatpura,200.62,88,445,238,207,0,0,0,0,0,0,1,1,0,0,0,0,0,0,3,0,0,0,0,1,0,3,0,0,0,0,0,0,0,0,3,0,0,0,0,2,0,0,0,0,0,0,1,0,1,0,1,2,2,1,2,2,2,2,2,2,,0,,2,0,1,0,0,0,1,1,1,0,0,3,2,0,2,0,1,0,1,1,1,0,0,3,0,3,2,0,3,0,3,0,3,1,2,2,2,2,2,KADI,24,1,0,0,0,1,1,N,M,2,0,0,COTTON,CASTOR SEEDS,JOWAR,0.0,0.0,0,0.0,0.0,0.0,40.7,0.0,0.0,0,0,0.0,40.7,140.02,12.12,7.78
24,4,9,9,330000,Vinayakpura,93.69,101,453,235,218,25,13,12,0,0,0,1,1,0,0,0,0,0,0,3,0,0,0,0,1,0,3,0,0,0,0,0,0,0,0,3,0,0,0,0,1,0,0,0,0,0,0,1,0,1,0,1,2,2,1,2,2,2,2,2,2,,0,,1,0,1,0,0,7,0,1,1,0,0,3,2,0,2,0,2,0,2,1,1,0,1,0,0,3,2,0,3,0,3,0,3,1,2,2,2,2,2,KADI,24,1,0,0,0,1,1,N,M,1,149,142,COTTON,CASTOR SEEDS,JOWAR,0.0,0.0,0,0.0,0.0,0.0,30.6,0.0,0.0,0,0,0.0,30.6,49.07,4.4,9.62
24,4,9,9,330100,Bavlu,1608.18,671,3316,1705,1611,289,142,147,0,0,0,1,1,0,0,0,0,0,0,3,0,0,0,0,1,0,3,0,0,0,0,0,0,0,0,3,0,0,0,0,3,1,0,0,0,0,0,1,0,1,0,1,1,2,1,2,2,2,2,2,2,,0,,1,1,0,0,0,2,0,1,1,0,0,3,2,0,2,0,3,0,3,1,1,0,0,3,0,3,2,0,3,0,3,0,3,1,2,2,2,2,2,KADI,18,1,0,0,0,1,1,N,M,1,548,579,CASTOR SEEDS,COTTON,BAJRI,0.0,0.0,0,50.5,0.0,0.0,490.5,0.0,0.0,0,0,0.0,541.0,540.26,402.62,124.3
24,4,9,9,330200,Jhaloda,1123.34,442,2646,1346,1300,202,104,98,0,0,0,1,1,0,0,0,0,0,0,3,0,0,0,0,1,0,3,0,0,0,0,0,0,0,1,0,0,0,0,0,1,1,0,0,0,0,0,0,0,1,0,1,2,2,1,2,2,2,2,2,2,,0,,1,0,1,0,0,4,0,1,1,0,0,3,2,0,2,0,1,0,2,2,0,2,0,2,0,3,2,0,3,0,3,0,3,1,2,2,2,2,2,SANAND,16,1,0,0,0,1,1,N,M,1,1013,1114,PADDY,CASTOR SEEDS,MUSTARD,0.0,0.0,0,0.0,0.0,0.0,365.25,0.0,0.0,0,0,0.0,365.25,584.31,72.11,101.67
24,4,9,9,330300,Sedfa,231.58,49,266,127,139,0,0,0,0,0,0,1,1,0,0,0,0,0,0,3,0,0,0,0,2,0,3,0,0,0,0,0,0,0,0,1,0,0,0,0,1,0,0,0,0,0,0,0,0,1,0,2,1,2,1,2,2,2,2,2,2,,0,,2,0,1,0,0,0,1,1,1,0,0,3,2,0,2,0,1,0,3,1,1,0,0,1,0,1,2,0,3,0,3,0,3,1,1,2,2,2,2,KADI,23,1,0,0,0,1,1,N,M,2,0,0,BAJRI,MUSTARD,COTTON,0.0,0.0,0,0.0,0.0,0.0,75.18,0.0,0.0,0,0,0.0,75.18,129.82,13.52,13.06
24,4,9,9,330400,Thol,2627.61,1188,6121,3186,2935,680,346,334,5,2,3,1,1,0,0,0,1,1,0,3,0,0,0,0,1,0,3,0,0,0,0,0,0,0,1,0,0,0,0,0,2,1,1,0,0,1,0,0,1,1,0,1,2,2,1,2,2,2,2,2,2,,0,,1,1,0,0,0,128,0,1,1,0,0,3,2,0,1,1,0,0,3,1,1,0,1,0,0,3,2,0,3,0,3,0,3,1,2,2,2,2,2,SANAND,12,1,0,0,0,1,1,N,M,1,5816,5114,PADDY,WHEAT,BAJRI,0.0,0.0,0,0.0,0.0,200.0,600.0,0.0,0.0,0,0,0.0,800.0,855.08,99.14,873.39
24,4,9,9,330500,Kanjari,1074.28,262,1339,684,655,301,163,138,26,12,14,1,1,0,0,0,0,0,0,3,0,0,0,0,2,0,3,0,0,0,0,0,0,0,0,2,0,0,0,0,2,0,0,0,0,0,0,0,0,1,0,1,2,2,1,2,2,2,2,2,2,,0,,1,1,0,0,0,2,0,1,1,0,0,3,2,0,2,0,1,0,3,1,1,0,1,0,0,3,2,0,3,0,3,0,3,1,2,2,2,2,2,SANAND,17,1,0,0,0,1,1,N,M,1,1328,9922,TOMATO,BAJRI,MUSTARD,0.0,0.0,0,0.0,0.0,0.0,170.15,0.0,0.0,0,0,0.0,170.15,774.53,68.41,61.19
24,4,9,9,330600,Medha,661.74,335,1413,712,701,101,51,50,48,24,24,1,1,0,0,0,0,0,0,3,0,0,0,0,1,0,3,0,0,0,0,0,0,0,0,2,0,0,0,1,0,1,0,0,0,1,0,1,0,1,0,1,2,2,1,2,2,2,2,2,2,,0,,1,1,0,0,0,28,0,1,1,0,0,3,2,0,2,0,3,0,2,1,1,0,0,3,0,3,2,0,3,0,3,0,3,1,2,2,2,2,2,KADI,20,1,0,0,0,1,1,N,M,1,2255,2286,PADDY,WHEAT,COTTON,0.0,0.0,0,0.0,0.0,0.0,520.2,0.0,0.0,0,0,0.0,520.2,57.0,36.28,48.26
24,4,9,9,330700,Agol,1557.96,828,3988,2049,1939,232,118,114,0,0,0,1,1,0,0,0,0,0,0,3,0,0,0,0,1,0,3,0,0,0,1,0,0,0,0,3,0,0,0,0,3,1,0,0,0,0,0,1,0,1,0,1,2,2,1,2,2,2,2,2,2,,0,,1,1,0,0,0,1,0,1,1,0,0,3,2,0,2,0,3,0,3,1,1,0,1,0,0,3,2,0,3,0,3,0,3,1,2,2,2,2,2,KADI,21,1,0,0,0,1,1,N,M,1,606,615,PADDY,WHEAT,CASTOR OIL,0.0,0.0,0,0.0,0.0,0.0,389.32,0.0,0.0,0,0,0.0,389.32,1021.36,78.45,68.83
24,4,9,9,330800,Jesangpura,450.01,233,980,494,486,247,126,121,0,0,0,1,1,0,0,0,0,0,0,3,0,0,0,0,1,0,3,0,0,0,0,0,0,0,0,3,0,1,0,0,3,1,1,0,0,0,0,1,0,1,0,1,2,2,1,2,2,2,2,2,2,,0,,1,1,0,0,0,10,0,1,1,0,0,2,2,0,2,0,1,0,1,1,1,0,1,0,0,3,2,0,3,0,3,0,3,1,1,1,2,2,2,KADI,26,1,0,0,0,1,1,N,M,1,2724,2765,COTTON,BAJRI,WHEAT,0.0,0.0,0,0.0,0.0,0.0,180.2,0.0,0.0,0,0,0.0,180.2,217.29,22.04,30.48
24,4,9,9,330900,Ishvarpura,102.16,59,264,139,125,2,1,1,0,0,0,1,1,0,0,0,0,0,0,3,0,0,0,0,2,0,3,0,0,0,0,0,0,0,0,1,0,0,0,0,1,0,0,0,0,0,0,0,0,1,0,1,1,2,2,2,2,2,2,2,2,,0,,2,0,1,0,0,0,1,1,1,0,0,3,2,0,2,0,1,0,1,2,0,1,0,1,0,3,2,0,3,0,3,0,3,2,1,2,2,2,2,KADI,23,1,0,0,0,1,1,N,M,2,0,0,BAJRI,COTTON,VEGETABLES,0.0,0.0,0,0.0,0.0,0.0,10.21,0.0,0.0,0,0,16.18,26.39,65.66,4.99,5.12
24,4,9,9,331000,Palli,909.01,236,1147,572,575,341,176,165,0,0,0,1,1,0,0,0,0,0,0,3,0,0,0,0,1,0,3,0,0,0,0,0,0,0,0,3,0,0,0,0,1,0,0,0,0,1,0,0,0,1,0,1,1,1,1,2,2,2,2,2,2,,0,,1,0,1,0,0,3,0,1,1,0,0,1,2,0,2,0,1,0,1,1,1,0,0,1,0,1,2,0,3,0,3,0,3,1,2,2,2,2,2,VIRAMGAM,16,1,0,0,0,1,1,N,M,1,1172,1157,COTTON,BAJRI,CASTOR SEEDS,0.0,0.0,0,0.0,0.0,0.0,450.0,0.0,0.0,0,0,0.0,450.0,357.82,48.57,52.62
24,4,9,9,331100,Kalyanpura,622.82,845,3735,1946,1789,275,140,135,3,1,2,1,1,0,0,0,1,0,0,3,0,0,0,0,1,0,3,0,0,0,1,0,0,0,1,0,0,0,0,1,0,1,1,0,0,2,0,1,0,1,0,1,2,2,1,2,2,2,2,2,2,,0,,1,1,0,0,0,87,0,1,1,0,0,3,2,0,1,1,0,1,0,1,2,0,1,0,0,3,2,0,3,0,3,0,3,1,2,2,2,2,2,VIRAMGAM,11,1,0,0,0,1,1,N,M,1,1866,1744,CASTOR SEEDS,JOWAR,BAJRI,0.0,0.0,0,0.0,0.0,0.0,369.05,0.0,0.0,0,0,0.0,369.05,166.09,6.1,81.58
24,4,9,9,331200,Valavdi,450.53,195,1007,527,480,0,0,0,0,0,0,1,1,0,0,0,0,0,0,3,0,0,0,0,2,0,3,0,0,0,0,0,0,0,0,1,0,0,0,0,1,0,0,0,0,0,0,0,0,1,0,2,1,1,1,2,2,2,2,2,2,,0,,1,0,1,0,0,1,0,1,1,0,0,3,2,0,2,0,1,0,1,1,1,0,0,1,0,1,2,0,3,0,3,0,3,2,1,2,2,2,2,VIRAMGAM,17,1,0,0,0,1,1,N,M,2,0,0,BAJRI,COTTON,JEERU,0.0,0.0,0,0.0,0.0,0.0,45.15,0.0,0.0,0,0,85.2,130.35,256.21,36.97,27.0
24,4,9,9,331300,Della,373.77,178,964,498,466,132,70,62,0,0,0,1,1,0,0,0,0,0,0,3,0,0,0,0,1,0,3,0,0,0,0,0,0,0,0,3,0,0,0,0,1,0,0,0,0,0,0,1,0,1,0,2,2,1,1,2,2,2,2,2,2,,0,,2,0,1,0,0,0,1,1,1,0,0,2,2,0,2,0,1,0,1,1,1,0,0,1,0,1,2,0,3,0,3,0,3,1,2,2,2,2,2,KADI,27,1,0,0,0,1,1,N,M,1,327,328,COTTON,BAJRI,JEERU,0.0,0.0,0,0.0,0.0,0.0,45.0,0.0,0.0,0,0,0.0,45.0,282.14,22.39,24.24
24,4,9,9,331400,Panthoda,573.44,326,1760,904,856,63,31,32,0,0,0,1,1,0,0,0,0,0,0,3,0,0,0,0,2,0,3,0,0,0,0,0,0,0,0,3,0,0,0,0,2,0,0,0,0,0,0,0,0,1,0,1,2,2,1,2,2,2,2,2,2,,0,,1,1,0,0,0,0,1,1,1,0,0,3,2,0,2,0,2,0,2,2,0,1,0,1,0,3,2,0,3,0,3,0,3,1,2,2,2,2,2,KADI,30,1,0,0,0,1,2,,,1,900,640,BAJRI,WHEAT,CASTOR OIL,0.0,0.0,0,0.0,0.0,0.0,68.0,0.0,0.0,0,0,0.0,68.0,450.61,10.62,44.21
24,4,9,9,331500,Nadan,1224.91,230,1279,742,537,257,139,118,0,0,0,1,1,0,0,0,1,0,0,3,0,0,0,0,1,0,3,0,0,0,0,0,0,0,0,3,0,0,0,0,2,0,0,0,0,0,0,1,0,1,0,1,2,2,1,2,2,2,2,2,2,,0,,1,0,3,0,0,1,0,1,1,0,0,3,2,0,2,0,1,0,3,1,1,0,0,1,0,3,2,0,3,0,3,0,3,1,2,2,2,2,2,SANAND,17,1,0,0,0,1,1,N,M,1,261,280,PADDY,COTTON,JOWAR,0.0,0.0,0,0.0,0.0,0.0,128.45,0.0,0.0,0,0,0.0,128.45,919.67,76.43,100.36
24,4,9,9,331600,Khanderavpura,246.22,315,1355,695,660,15,8,7,71,37,34,1,1,0,0,0,1,0,0,3,0,0,0,0,2,0,3,0,0,0,0,0,0,0,0,3,0,0,0,0,2,0,0,0,0,0,0,0,0,1,0,1,2,2,1,2,2,2,2,2,2,,0,,1,1,0,0,0,35,0,1,1,0,0,3,2,0,2,0,2,0,3,1,1,0,1,0,0,3,2,0,3,0,3,0,3,1,2,2,2,2,2,SANAND,15,1,0,0,0,1,1,N,M,1,467,466,VEGETABLES,CASTOR OIL,COTTON,0.0,0.0,0,0.0,0.0,0.0,60.1,0.0,0.0,0,0,0.0,60.1,155.13,10.55,20.44
24,4,9,9,331700,Govindpura,410.1,169,767,391,376,52,21,31,0,0,0,1,1,0,0,0,0,0,0,3,0,0,0,0,1,0,3,0,0,0,0,0,0,0,0,3,0,0,0,0,3,0,0,0,0,0,0,1,0,1,0,1,1,1,1,2,2,2,2,2,2,,0,,1,0,1,0,0,10,0,1,1,0,0,3,2,0,2,0,1,0,3,2,0,1,0,3,0,3,2,0,3,0,3,0,3,1,2,2,2,2,2,SANAND,16,1,0,0,0,1,1,N,M,1,131,448,PADDY,COTTON,JOWAR,0.0,0.0,0,0.0,0.0,0.0,123.47,0.0,0.0,0,0,0.0,123.47,216.11,22.22,48.3
24,4,9,9,331800,Chandrasan,1120.79,412,2041,1060,981,346,177,169,0,0,0,1,1,0,0,0,0,0,0,3,0,0,0,0,1,0,3,0,0,0,0,0,0,0,1,0,0,0,0,0,3,1,0,0,0,0,0,0,0,1,0,1,2,2,1,2,2,2,2,2,2,,0,,1,1,0,0,0,1,0,1,1,0,0,2,2,0,1,1,0,0,3,1,1,0,0,3,0,3,2,0,3,0,3,0,3,1,2,2,2,2,2,SANAND,15,1,0,0,0,1,1,N,M,1,2504,2255,PADDY,COTTON,BAJRI,0.0,0.0,0,0.0,0.0,0.0,40.15,450.0,0.0,0,0,0.0,490.15,371.08,108.72,150.84
24,4,9,9,331900,Yashvantpura,367.21,176,781,399,382,0,0,0,0,0,0,1,1,0,0,0,0,0,0,3,0,0,0,0,2,0,3,0,0,0,0,0,0,0,0,1,0,0,0,0,3,0,0,0,0,0,0,0,0,1,0,1,2,2,1,2,2,2,2,2,2,,0,,1,0,1,0,0,1,0,1,1,0,0,2,2,0,2,0,3,0,3,2,0,3,0,3,0,3,2,0,3,0,3,0,3,1,2,2,2,2,2,SANAND,15,1,0,0,0,1,1,N,M,1,2092,2709,PADDY,COTTON,BAJRI,0.0,0.0,0,0.0,0.0,0.0,170.3,0.0,0.0,0,0,0.0,170.3,113.52,32.19,51.2
